CustomerID,total_orders,first_purchase_date,last_purchase_date
12346,1,1/18/2011 10:01,1/18/2011 10:01
12347,7,1/26/2011 14:30,8/2/2011 8:48
12348,4,1/25/2011 10:42,9/25/2011 13:13
12349,1,11/21/2011 9:51,11/21/2011 9:51
12350,1,2/2/2011 16:01,2/2/2011 16:01
12352,8,11/3/2011 14:37,9/28/2011 14:58
12353,1,5/19/2011 17:47,5/19/2011 17:47
12354,1,4/21/2011 13:11,4/21/2011 13:11
12355,1,5/9/2011 13:49,5/9/2011 13:49
12356,3,1/18/2011 9:50,4/8/2011 12:33
12357,1,11/6/2011 16:07,11/6/2011 16:07
12358,2,12/8/2011 10:26,7/12/2011 10:04
12359,4,1/12/2011 12:43,6/3/2011 12:26
12360,3,10/18/2011 15:22,8/19/2011 10:10
12361,1,2/25/2011 13:51,2/25/2011 13:51
12362,10,10/11/2011 14:33,9/28/2011 12:04
12363,2,4/11/2011 13:29,8/22/2011 10:18
12364,4,10/30/2011 15:43,9/22/2011 16:07
12365,2,2/21/2011 13:51,2/21/2011 14:04
12367,1,12/5/2011 16:48,12/5/2011 16:48
12370,4,10/19/2011 14:51,3/10/2011 12:48
12371,2,10/11/2011 10:43,10/26/2011 10:16
12372,3,2/16/2011 12:46,9/29/2011 12:12
12373,1,2/1/2011 13:10,2/1/2011 13:10
12374,1,11/14/2011 15:37,11/14/2011 15:37
12375,2,11/29/2011 10:36,9/2/2011 14:23
12377,2,1/28/2011 15:45,12/20/2010 9:37
12378,1,8/2/2011 10:34,8/2/2011 10:34
12379,2,6/22/2011 16:32,9/19/2011 10:09
12380,4,10/14/2011 11:39,9/22/2011 17:31
12381,5,10/11/2011 15:45,8/12/2011 9:57
12383,5,1/12/2011 14:10,6/8/2011 8:02
12384,2,11/11/2011 8:39,8/10/2011 11:23
12386,2,1/6/2011 12:37,12/8/2010 9:53
12388,6,1/17/2011 11:12,9/25/2011 11:30
12390,1,9/21/2011 9:33,9/21/2011 9:33
12391,1,11/18/2011 12:07,11/18/2011 12:07
12393,4,1/11/2011 9:47,9/28/2011 15:41
12394,2,10/7/2011 8:08,5/6/2011 14:01
12395,12,10/4/2011 13:45,8/19/2011 15:18
12397,2,11/4/2011 9:52,7/27/2011 14:21
12398,1,10/25/2011 10:27,10/25/2011 10:27
12399,4,3/23/2011 9:42,8/12/2011 13:15
12401,1,2/9/2011 13:50,2/9/2011 13:50
12402,1,1/20/2011 13:49,1/20/2011 13:49
12403,1,10/21/2011 10:51,10/21/2011 10:51
12405,1,7/14/2011 8:52,7/14/2011 8:52
12406,2,11/17/2011 19:22,6/9/2011 10:23
12407,5,10/21/2011 10:11,7/6/2011 9:49
12408,5,11/7/2011 12:27,9/2/2011 10:27
12409,3,6/10/2011 12:19,9/22/2011 10:38
12410,2,2/4/2011 10:38,2/4/2011 10:39
12412,3,6/23/2011 13:51,9/26/2011 10:16
12413,3,1/6/2011 16:12,4/17/2011 15:33
12414,3,2/2/2011 14:51,5/6/2011 14:51
12415,21,1/10/2011 9:58,9/1/2011 13:51
12417,9,1/25/2011 9:11,8/4/2011 18:51
12418,1,8/19/2011 11:08,8/19/2011 11:08
12420,1,10/7/2011 8:55,10/7/2011 8:55
12421,4,1/24/2011 15:09,8/17/2011 10:56
12422,3,1/19/2011 9:13,9/5/2011 9:48
12423,8,12/21/2010 10:54,8/31/2011 8:55
12424,2,6/30/2011 12:06,6/30/2011 12:06
12425,1,9/22/2011 17:31,9/22/2011 17:31
12426,1,5/29/2011 12:26,5/29/2011 12:26
12427,3,10/10/2011 15:15,12/3/2010 10:44
12428,9,11/14/2011 8:22,8/11/2011 12:58
12429,4,11/30/2011 17:22,6/20/2011 12:14
12430,1,10/27/2011 15:09,10/27/2011 15:09
12431,15,1/28/2011 14:37,8/12/2011 14:19
12432,5,10/28/2011 11:40,6/22/2011 13:12
12433,7,10/27/2011 13:43,9/9/2011 13:44
12434,2,3/24/2011 13:05,9/16/2011 12:38
12435,2,3/17/2011 7:40,9/21/2011 9:06
12436,1,9/1/2011 12:09,9/1/2011 12:09
12437,18,1/12/2011 14:13,9/22/2011 16:58
12438,2,11/25/2011 13:28,7/22/2011 13:29
12441,1,12/8/2010 10:45,12/8/2010 10:45
12442,1,12/6/2011 14:22,12/6/2011 14:22
12444,5,10/12/2011 12:08,9/15/2011 9:43
12445,1,11/17/2011 18:43,11/17/2011 18:43
12446,1,10/13/2011 12:50,10/13/2011 12:50
12447,1,4/10/2011 13:25,4/10/2011 13:25
12448,1,10/26/2011 13:46,10/26/2011 13:46
12449,4,11/17/2011 13:46,9/9/2011 9:13
12450,2,6/19/2011 14:36,7/6/2011 14:41
12451,5,1/19/2011 9:05,5/5/2011 17:34
12452,2,11/23/2011 10:28,11/23/2011 8:05
12453,1,7/28/2011 14:08,7/28/2011 14:08
12454,1,10/14/2011 17:13,10/14/2011 17:13
12455,6,2/16/2011 9:56,9/27/2011 15:31
12456,3,10/26/2011 14:41,7/31/2011 15:25
12457,7,10/4/2011 13:13,9/19/2011 9:04
12458,2,2/28/2011 10:55,9/29/2011 15:25
12461,2,7/8/2011 10:23,9/6/2011 16:57
12462,2,11/21/2011 9:11,2/9/2011 14:44
12463,4,10/17/2011 13:44,6/17/2011 14:28
12464,8,11/17/2011 15:55,8/25/2011 13:33
12465,2,11/22/2011 16:34,6/23/2011 13:37
12468,2,1/27/2011 13:29,6/5/2011 11:36
12471,30,1/13/2011 13:21,9/22/2011 17:25
12472,7,1/26/2011 12:27,7/24/2011 11:55
12473,5,10/17/2011 11:27,8/17/2011 12:04
12474,18,1/14/2011 10:06,9/2/2011 10:53
12475,1,10/17/2011 10:10,10/17/2011 10:10
12476,11,1/31/2011 11:46,9/16/2011 10:56
12477,6,10/14/2011 13:54,8/31/2011 9:11
12478,1,12/6/2011 9:56,12/6/2011 9:56
12479,1,11/28/2011 13:26,11/28/2011 13:26
12480,4,1/7/2011 15:27,7/19/2011 14:04
12481,10,1/7/2011 10:32,6/13/2011 10:52
12483,8,1/4/2011 14:20,9/2/2011 11:42
12484,6,1/7/2011 14:04,8/31/2011 9:44
12488,3,10/31/2011 10:42,9/25/2011 10:34
12489,1,1/7/2011 13:13,1/7/2011 13:13
12490,10,1/14/2011 9:13,9/7/2011 13:22
12491,1,11/1/2011 12:18,11/1/2011 12:18
12492,2,10/7/2011 15:15,8/26/2011 14:51
12493,2,5/26/2011 14:53,6/27/2011 10:17
12494,7,10/30/2011 15:44,7/1/2011 12:17
12497,1,9/19/2011 12:29,9/19/2011 12:29
12498,3,10/13/2011 9:30,11/18/2011 12:53
12500,11,1/10/2011 9:48,8/25/2011 12:50
12501,1,1/7/2011 12:28,1/7/2011 12:28
12502,5,2/3/2011 10:41,9/5/2011 11:52
12504,2,11/21/2011 16:02,11/9/2011 14:56
12506,1,4/21/2011 8:54,4/21/2011 8:54
12507,3,2/14/2011 9:24,7/7/2011 10:20
12508,2,11/10/2011 16:27,11/13/2011 15:37
12509,1,2/28/2011 14:45,2/28/2011 14:45
12510,2,1/18/2011 14:04,7/20/2011 10:15
12512,2,10/4/2011 14:53,10/4/2011 14:55
12513,1,8/19/2011 10:51,8/19/2011 10:51
12514,1,3/17/2011 16:38,3/17/2011 16:38
12515,1,12/21/2010 15:43,12/21/2010 15:43
12516,2,6/12/2011 11:37,9/23/2011 9:13
12517,5,11/11/2011 13:57,9/27/2011 11:50
12518,5,10/12/2011 10:36,9/23/2011 15:45
12519,1,10/7/2011 9:26,10/7/2011 9:26
12520,5,3/11/2011 11:35,9/21/2011 15:23
12521,1,7/20/2011 10:51,7/20/2011 10:51
12522,2,10/19/2011 14:41,10/31/2011 15:30
12523,11,1/12/2011 9:43,9/21/2011 14:43
12524,8,1/10/2011 10:35,6/30/2011 15:30
12526,3,10/17/2011 9:37,9/6/2011 14:19
12527,3,1/18/2011 12:05,9/19/2011 11:55
12528,6,1/31/2011 9:05,8/17/2011 12:30
12530,4,1/7/2011 10:04,8/8/2011 10:59
12531,1,11/25/2011 11:12,11/25/2011 11:12
12532,1,11/9/2011 13:47,11/9/2011 13:47
12534,1,8/1/2011 10:26,8/1/2011 10:26
12535,2,6/6/2011 12:47,9/9/2011 8:48
12536,3,10/11/2011 14:52,10/27/2011 14:20
12538,1,11/10/2011 17:16,11/10/2011 17:16
12539,4,1/10/2011 9:11,3/22/2011 16:00
12540,17,1/11/2011 12:25,9/8/2011 13:38
12541,3,11/10/2011 10:40,6/19/2011 15:59
12544,1,11/3/2011 16:15,11/3/2011 16:15
12545,2,3/25/2011 12:04,9/25/2011 13:39
12546,2,10/24/2011 12:09,9/23/2011 9:44
12547,2,3/4/2011 12:46,5/26/2011 12:38
12548,1,6/26/2011 15:35,6/26/2011 15:35
12550,1,9/21/2011 14:35,9/21/2011 14:35
12551,1,12/17/2010 11:23,12/17/2010 11:23
12552,2,10/31/2011 12:11,11/1/2011 10:02
12553,10,1/14/2011 10:42,8/21/2011 14:42
12556,2,10/20/2011 13:06,7/11/2011 13:35
12557,5,1/11/2011 11:39,7/4/2011 13:19
12558,1,12/2/2011 10:41,12/2/2011 10:41
12559,2,1/24/2011 10:12,2/2/2011 9:49
12560,3,12/4/2011 13:54,8/19/2011 15:22
12561,1,2/10/2011 11:39,2/10/2011 11:39
12562,7,10/14/2011 14:55,9/19/2011 9:15
12564,1,3/23/2011 14:55,3/23/2011 14:55
12565,1,2/24/2011 10:34,2/24/2011 10:34
12566,1,9/14/2011 14:30,9/14/2011 14:30
12567,10,11/17/2011 11:02,9/4/2011 14:22
12569,32,10/12/2011 11:49,9/8/2011 15:22
12571,2,10/31/2011 10:19,8/10/2011 12:35
12572,2,10/19/2011 8:20,12/1/2011 9:20
12573,1,4/26/2011 15:52,4/26/2011 15:52
12574,1,1/28/2011 9:20,1/28/2011 9:20
12576,5,11/4/2011 10:11,9/5/2011 10:06
12577,3,11/4/2011 13:15,12/15/2010 16:21
12578,2,1/13/2011 15:34,11/18/2011 13:30
12579,1,9/22/2011 17:15,9/22/2011 17:15
12580,1,4/7/2011 10:24,4/7/2011 10:24
12581,1,10/31/2011 8:56,10/31/2011 8:56
12582,2,2/24/2011 11:42,4/15/2011 8:45
12583,15,1/7/2011 12:07,9/30/2011 12:58
12584,9,10/13/2011 10:57,9/20/2011 13:21
12585,2,12/23/2010 12:58,4/19/2011 13:39
12586,1,11/22/2011 16:24,11/22/2011 16:24
12587,1,12/2/2011 12:47,12/2/2011 12:47
12588,1,10/31/2011 15:01,10/31/2011 15:01
12589,2,11/11/2011 10:19,7/18/2011 12:05
12590,2,5/12/2011 14:46,5/12/2011 14:52
12591,1,1/26/2011 14:35,1/26/2011 14:35
12592,2,5/10/2011 13:44,9/8/2011 15:04
12593,3,5/5/2011 9:29,8/23/2011 12:43
12594,10,1/21/2011 9:52,8/10/2011 14:26
12596,2,10/19/2011 13:02,4/11/2011 13:22
12597,4,10/30/2011 13:06,6/9/2011 16:04
12598,8,11/11/2011 12:07,9/29/2011 16:52
12599,7,11/10/2011 13:34,8/5/2011 12:38
12600,10,11/11/2011 10:29,9/16/2011 14:20
12601,5,1/11/2011 10:38,6/3/2011 10:17
12602,1,10/12/2011 11:22,10/12/2011 11:22
12603,1,11/18/2011 10:42,11/18/2011 10:42
12604,2,3/23/2011 12:06,9/21/2011 14:08
12607,1,10/10/2011 16:06,10/10/2011 16:06
12609,3,1/25/2011 15:13,9/22/2011 16:34
12610,5,10/25/2011 14:23,8/5/2011 13:52
12611,1,10/18/2011 13:12,10/18/2011 13:12
12612,1,9/26/2011 15:35,9/26/2011 15:35
12613,5,10/13/2011 14:59,5/26/2011 9:18
12614,1,3/7/2011 10:22,3/7/2011 10:22
12615,4,11/3/2011 10:45,9/29/2011 10:23
12616,2,2/15/2011 14:17,9/5/2011 15:17
12617,1,11/10/2011 14:39,11/10/2011 14:39
12618,1,11/18/2011 11:10,11/18/2011 11:10
12619,9,11/23/2011 14:52,9/23/2011 9:00
12620,3,11/25/2011 10:20,9/20/2011 10:06
12621,20,10/18/2011 12:48,9/19/2011 14:56
12622,1,4/21/2011 16:39,4/21/2011 16:39
12623,1,3/8/2011 13:50,3/8/2011 13:50
12624,2,6/15/2011 12:34,8/25/2011 15:04
12625,2,1/24/2011 13:27,5/12/2011 9:54
12626,9,1/17/2011 11:01,8/4/2011 14:20
12627,7,10/6/2011 15:51,9/4/2011 14:09
12628,3,10/6/2011 9:28,12/5/2011 13:15
12630,2,10/27/2011 10:41,11/30/2011 10:48
12631,1,10/13/2011 13:53,10/13/2011 13:53
12633,4,10/12/2011 11:40,8/2/2011 9:35
12635,2,7/8/2011 8:43,9/11/2011 11:04
12637,8,1/20/2011 10:47,9/9/2011 11:48
12638,1,11/6/2011 13:11,11/6/2011 13:11
12639,1,4/15/2011 12:48,4/15/2011 12:48
12640,3,11/15/2011 8:43,9/19/2011 12:01
12641,1,8/16/2011 13:26,8/16/2011 13:26
12642,3,10/20/2011 12:31,8/24/2011 9:23
12643,6,1/11/2011 11:48,8/3/2011 12:56
12644,1,8/2/2011 10:33,8/2/2011 10:33
12645,4,1/27/2011 13:08,8/22/2011 12:40
12646,2,10/21/2011 12:52,12/5/2011 10:14
12647,12,11/17/2011 12:56,9/22/2011 17:14
12648,1,7/8/2011 11:55,7/8/2011 11:55
12649,3,5/11/2011 14:37,8/24/2011 14:41
12650,1,12/6/2011 16:34,12/6/2011 16:34
12651,1,1/9/2011 12:46,1/9/2011 12:46
12652,1,1/12/2011 15:00,1/12/2011 15:00
12653,2,2/16/2011 10:53,7/14/2011 10:41
12654,5,11/2/2011 14:57,5/26/2011 10:43
12656,5,11/22/2011 13:42,9/28/2011 11:38
12657,4,10/28/2011 18:07,9/22/2011 11:40
12658,1,11/21/2011 10:22,11/21/2011 10:22
12659,1,11/10/2011 11:53,11/10/2011 11:53
12660,1,11/28/2011 13:26,11/28/2011 13:26
12662,11,10/18/2011 9:24,8/24/2011 13:42
12664,9,1/21/2011 11:42,9/13/2011 15:35
12665,1,1/19/2011 8:34,1/19/2011 8:34
12667,1,10/12/2011 17:00,10/12/2011 17:00
12668,4,1/31/2011 13:27,3/25/2011 14:53
12669,3,3/28/2011 10:15,7/12/2011 9:54
12670,5,11/10/2011 15:03,9/2/2011 9:51
12672,1,1/14/2011 9:20,1/14/2011 9:20
12673,2,1/17/2011 11:46,12/4/2011 13:55
12674,4,11/1/2011 12:12,9/9/2011 10:51
12676,6,11/15/2011 12:25,9/30/2011 9:25
12678,12,10/28/2011 13:04,9/22/2011 10:52
12679,4,10/12/2011 12:30,9/13/2011 10:34
12680,4,12/9/2011 12:50,9/27/2011 12:53
12681,22,1/10/2011 13:22,9/23/2011 12:09
12682,31,1/5/2011 14:48,9/19/2011 12:19
12683,15,1/17/2011 15:17,9/8/2011 10:35
12684,7,10/7/2011 10:18,6/22/2011 11:20
12685,6,10/13/2011 8:42,9/8/2011 10:32
12686,1,12/3/2010 9:51,12/3/2010 9:51
12688,1,8/18/2011 8:49,8/18/2011 8:49
12689,2,11/14/2011 8:31,8/4/2011 10:04
12690,1,5/18/2011 9:09,5/18/2011 9:09
12691,6,1/24/2011 15:32,7/17/2011 14:56
12693,4,1/24/2011 12:58,8/4/2011 17:51
12694,2,6/9/2011 17:48,9/30/2011 13:06
12695,4,10/4/2011 15:02,8/24/2011 12:58
12697,3,11/11/2011 8:47,7/31/2011 14:17
12700,4,10/5/2011 9:57,7/6/2011 13:14
12701,2,4/11/2011 13:02,9/21/2011 10:47
12702,1,11/20/2011 10:36,11/20/2011 10:36
12703,1,9/29/2011 17:52,9/29/2011 17:52
12704,8,11/17/2011 14:49,9/22/2011 18:14
12705,9,10/28/2011 14:44,9/23/2011 12:55
12707,1,2/21/2011 8:38,2/21/2011 8:38
12708,10,1/14/2011 9:23,9/28/2011 13:30
12709,15,1/25/2011 13:37,9/4/2011 14:06
12710,3,5/22/2011 14:05,9/4/2011 12:00
12712,13,1/12/2011 11:46,8/25/2011 9:18
12713,1,12/9/2011 12:16,12/9/2011 12:16
12714,5,11/30/2011 15:43,8/25/2011 9:55
12715,1,8/25/2011 15:22,8/25/2011 15:22
12716,2,12/6/2011 8:55,7/29/2011 13:28
12717,2,4/8/2011 10:32,7/11/2011 14:47
12718,1,9/29/2011 16:38,9/29/2011 16:38
12719,2,10/5/2011 14:50,12/4/2011 13:45
12720,25,1/31/2011 9:51,9/6/2011 13:47
12721,6,11/8/2011 12:13,9/21/2011 12:26
12722,4,7/12/2011 11:55,9/15/2011 14:50
12723,5,10/5/2011 15:52,12/6/2011 10:19
12724,4,1/11/2011 15:00,9/19/2011 12:36
12725,1,12/3/2010 15:45,12/3/2010 15:45
12726,7,1/28/2011 10:45,9/14/2011 14:19
12727,7,1/23/2011 15:17,9/5/2011 13:38
12728,4,1/11/2011 13:31,9/29/2011 15:31
12729,1,8/18/2011 11:40,8/18/2011 11:40
12731,12,1/31/2011 9:57,9/30/2011 12:06
12732,1,6/13/2011 11:33,6/13/2011 11:33
12733,1,4/19/2011 16:19,4/19/2011 16:19
12734,1,12/22/2010 12:47,12/22/2010 12:47
12735,2,1/28/2011 13:37,1/6/2011 14:26
12736,1,1/11/2011 7:57,1/11/2011 7:57
12738,1,12/2/2010 18:27,12/2/2010 18:27
12739,2,9/1/2011 17:45,9/22/2011 13:00
12740,1,10/7/2011 10:44,10/7/2011 10:44
12743,2,7/28/2011 16:06,7/28/2011 16:21
12744,7,1/25/2011 13:26,7/18/2011 11:55
12747,11,1/20/2011 14:01,8/22/2011 10:38
12748,210,1/16/2011 13:04,9/9/2011 13:20
12749,5,11/17/2011 12:05,8/1/2011 12:50
12750,1,8/3/2011 9:13,8/3/2011 9:13
12752,1,9/19/2011 13:32,9/19/2011 13:32
12753,6,11/17/2011 10:52,7/27/2011 9:32
12754,3,2/4/2011 10:31,4/18/2011 9:00
12755,2,12/9/2010 10:44,3/4/2011 12:42
12756,1,9/14/2011 9:31,9/14/2011 9:31
12757,13,10/19/2011 14:36,7/20/2011 12:05
12758,2,3/8/2011 12:05,8/15/2011 10:22
12759,3,10/18/2011 14:49,6/21/2011 9:26
12762,2,11/14/2011 14:23,12/2/2011 10:23
12763,2,12/5/2010 15:46,7/24/2011 14:12
12764,1,1/27/2011 10:19,1/27/2011 10:19
12766,7,1/9/2011 15:56,7/13/2011 13:37
12769,1,4/15/2011 10:25,4/15/2011 10:25
12770,1,5/13/2011 9:33,5/13/2011 9:33
12772,1,10/11/2011 9:19,10/11/2011 9:19
12775,5,11/22/2011 16:33,6/3/2011 7:48
12778,6,1/31/2011 14:35,6/9/2011 15:29
12779,8,1/17/2011 10:37,6/3/2011 10:37
12781,2,10/7/2011 10:37,2/28/2011 8:43
12782,5,1/26/2011 10:02,7/13/2011 10:30
12783,6,10/14/2011 11:42,9/25/2011 15:35
12784,2,11/24/2011 12:53,11/30/2011 15:38
12785,1,12/10/2010 13:48,12/10/2010 13:48
12787,3,11/30/2011 8:44,9/9/2011 12:24
12789,1,10/5/2011 13:34,10/5/2011 13:34
12790,1,5/31/2011 14:14,5/31/2011 14:14
12791,1,12/1/2010 11:27,12/1/2010 11:27
12792,1,3/28/2011 11:36,3/28/2011 11:36
12793,2,1/9/2011 12:12,12/3/2010 15:14
12794,2,10/17/2011 14:54,9/2/2011 12:01
12795,1,11/21/2011 10:27,11/21/2011 10:27
12797,1,12/9/2010 10:55,12/9/2010 10:55
12798,3,10/26/2011 13:21,6/22/2011 10:11
12802,1,6/6/2011 9:36,6/6/2011 9:36
12808,3,11/3/2011 10:05,6/8/2011 12:21
12809,1,6/15/2011 10:51,6/15/2011 10:51
12811,3,2/28/2011 15:39,3/24/2011 9:42
12812,1,10/26/2011 9:54,10/26/2011 9:54
12814,1,8/30/2011 12:11,8/30/2011 12:11
12815,2,5/25/2011 13:34,7/15/2011 10:21
12816,2,6/16/2011 13:24,9/5/2011 12:41
12817,1,3/3/2011 16:28,3/3/2011 16:28
12818,1,3/23/2011 12:06,3/23/2011 12:06
12820,4,1/17/2011 12:34,9/26/2011 11:49
12821,1,5/9/2011 15:51,5/9/2011 15:51
12822,2,9/13/2011 13:46,9/30/2011 10:04
12823,5,2/16/2011 12:15,9/26/2011 7:35
12824,1,10/11/2011 12:49,10/11/2011 12:49
12826,7,1/19/2011 12:52,9/29/2011 10:55
12827,3,10/26/2011 15:44,12/4/2011 12:17
12828,6,10/5/2011 10:53,9/1/2011 17:14
12829,2,1/7/2011 11:13,12/14/2010 14:54
12830,6,11/2/2011 11:54,9/9/2011 15:02
12831,1,3/22/2011 13:02,3/22/2011 13:02
12832,2,11/7/2011 13:30,9/2/2011 13:48
12833,1,7/17/2011 13:46,7/17/2011 13:46
12834,1,3/2/2011 9:49,3/2/2011 9:49
12836,4,10/11/2011 15:10,7/25/2011 15:22
12837,1,6/19/2011 16:07,6/19/2011 16:07
12838,2,11/6/2011 12:20,12/1/2010 11:57
12839,14,10/27/2011 14:13,9/8/2011 13:17
12840,4,4/27/2011 12:21,7/19/2011 9:29
12841,25,1/19/2011 12:38,9/11/2011 12:13
12842,2,2/4/2011 12:36,9/30/2011 15:33
12843,8,10/5/2011 12:09,7/3/2011 12:21
12844,2,11/10/2011 13:31,8/1/2011 13:11
12845,4,2/22/2011 14:10,3/17/2011 13:34
12847,1,11/17/2011 13:16,11/17/2011 13:16
12849,2,11/8/2011 13:41,3/16/2011 12:26
12851,1,9/4/2011 12:41,9/4/2011 12:41
12852,1,2/18/2011 8:47,2/18/2011 8:47
12853,6,1/28/2011 10:28,7/28/2011 11:29
12854,3,1/25/2011 13:35,9/22/2011 12:15
12855,1,12/2/2010 9:37,12/2/2010 9:37
12856,6,10/14/2011 12:53,12/2/2011 10:52
12857,2,2/10/2011 12:32,5/13/2011 10:20
12863,1,10/18/2011 14:15,10/18/2011 14:15
12864,1,7/24/2011 13:03,7/24/2011 13:03
12865,2,11/13/2011 14:31,8/8/2011 10:11
12866,1,3/1/2011 14:11,3/1/2011 14:11
12867,7,11/13/2011 15:30,9/4/2011 13:35
12868,6,1/12/2011 15:25,6/7/2011 10:42
12871,2,5/16/2011 13:32,9/16/2011 15:07
12872,2,1/17/2011 10:52,12/9/2010 14:44
12873,1,3/2/2011 14:58,3/2/2011 14:58
12875,2,12/12/2010 12:03,7/19/2011 15:30
12876,2,10/13/2011 12:26,5/27/2011 13:34
12877,12,1/14/2011 11:50,9/22/2011 13:05
12878,2,3/18/2011 14:02,4/17/2011 13:07
12879,3,10/26/2011 12:24,9/9/2011 12:11
12881,1,3/9/2011 11:44,3/9/2011 11:44
12882,2,11/30/2011 16:18,11/6/2011 11:22
12883,4,11/15/2011 9:30,9/11/2011 15:18
12884,1,9/12/2011 13:10,9/12/2011 13:10
12885,3,10/7/2011 13:34,8/8/2011 11:45
12886,2,10/3/2011 10:09,5/4/2011 11:21
12888,2,3/29/2011 14:31,5/9/2011 16:02
12890,1,11/15/2011 17:26,11/15/2011 17:26
12891,3,2/20/2011 11:28,6/7/2011 12:31
12893,1,11/9/2011 12:34,11/9/2011 12:34
12895,2,10/28/2011 13:51,9/14/2011 8:35
12897,2,2/11/2011 11:40,5/19/2011 12:13
12901,28,10/16/2011 10:19,9/19/2011 13:39
12902,1,3/20/2011 12:06,3/20/2011 12:06
12904,2,11/21/2011 14:34,6/20/2011 13:18
12906,5,11/28/2011 9:53,9/22/2011 15:03
12908,2,1/31/2011 12:37,6/16/2011 15:39
12909,5,10/31/2011 12:43,9/13/2011 12:22
12910,8,10/6/2011 13:06,9/22/2011 12:55
12912,5,10/30/2011 11:35,12/7/2011 8:55
12913,5,11/24/2011 10:39,3/2/2011 10:49
12915,2,12/2/2010 12:33,7/14/2011 11:34
12916,4,1/23/2011 10:43,7/24/2011 10:35
12917,1,8/3/2011 16:42,8/3/2011 16:42
12919,6,11/23/2011 10:38,8/15/2011 11:39
12920,1,11/22/2011 15:05,11/22/2011 15:05
12921,37,1/5/2011 11:00,9/2/2011 13:01
12922,1,7/1/2011 15:35,7/1/2011 15:35
12923,1,10/6/2011 16:20,10/6/2011 16:20
12924,4,1/16/2011 11:49,9/12/2011 13:55
12925,2,12/5/2011 11:11,9/26/2011 11:05
12928,5,10/25/2011 9:31,7/15/2011 8:09
12929,1,2/1/2011 12:08,2/1/2011 12:08
12930,2,6/21/2011 13:25,9/22/2011 15:18
12931,15,10/3/2011 13:53,8/4/2011 18:07
12933,3,11/15/2011 16:38,6/21/2011 16:13
12935,7,1/24/2011 13:58,8/22/2011 12:22
12936,4,11/18/2011 10:37,9/22/2011 13:51
12937,4,11/24/2011 15:05,9/29/2011 14:38
12938,1,11/14/2011 11:21,11/14/2011 11:21
12939,8,1/9/2011 11:20,9/21/2011 13:35
12940,2,10/16/2011 12:09,9/13/2011 10:16
12942,3,12/9/2010 9:34,7/31/2011 14:39
12944,2,11/4/2011 11:04,12/20/2010 10:41
12945,1,2/24/2011 14:15,2/24/2011 14:15
12947,6,1/7/2011 9:40,7/19/2011 10:06
12948,7,10/11/2011 15:53,8/26/2011 14:45
12949,8,11/9/2011 11:25,8/17/2011 15:11
12950,3,11/15/2011 13:48,12/7/2011 13:17
12951,6,1/13/2011 10:33,6/19/2011 10:35
12952,4,10/27/2011 16:59,9/22/2011 16:37
12953,1,11/30/2011 9:24,11/30/2011 9:24
12955,11,10/18/2011 15:42,9/8/2011 12:48
12956,1,2/6/2011 16:08,2/6/2011 16:08
12957,8,1/4/2011 12:18,9/29/2011 12:01
12962,2,12/2/2011 15:55,8/18/2011 13:38
12963,8,10/17/2011 14:01,9/16/2011 9:03
12965,1,9/11/2011 15:31,9/11/2011 15:31
12966,1,11/30/2011 12:38,11/30/2011 12:38
12967,2,12/16/2010 19:10,12/3/2010 9:49
12968,1,8/19/2011 15:44,8/19/2011 15:44
12970,4,1/21/2011 14:04,12/2/2011 14:30
12971,86,1/11/2011 16:24,9/8/2011 14:02
12974,1,5/26/2011 9:33,5/26/2011 9:33
12976,1,5/12/2011 9:55,5/12/2011 9:55
12977,1,7/6/2011 16:40,7/6/2011 16:40
12980,9,1/12/2011 11:53,7/5/2011 9:34
12981,2,11/10/2011 12:00,7/29/2011 14:14
12982,1,4/11/2011 11:51,4/11/2011 11:51
12984,1,11/21/2011 12:37,11/21/2011 12:37
12985,2,11/11/2011 12:44,12/9/2011 10:46
12987,2,5/26/2011 12:00,9/27/2011 12:03
12988,1,2/20/2011 14:31,2/20/2011 14:31
12989,15,1/16/2011 12:44,9/12/2011 15:43
12990,3,11/8/2011 13:01,6/7/2011 14:27
12991,2,11/16/2011 15:34,8/19/2011 14:39
12993,4,11/16/2011 15:49,8/11/2011 12:01
12994,3,12/5/2011 15:43,8/11/2011 17:02
12995,1,9/15/2011 15:44,9/15/2011 15:44
12997,4,1/26/2011 15:49,9/12/2011 8:24
12999,3,4/8/2011 10:26,5/27/2011 13:24
13000,3,12/10/2010 10:26,8/25/2011 10:43
13001,13,1/17/2011 12:45,7/4/2011 16:08
13002,1,1/25/2011 15:18,1/25/2011 15:18
13003,3,5/9/2011 8:23,8/26/2011 10:50
13004,18,1/10/2011 10:32,9/23/2011 8:30
13005,2,4/7/2011 13:32,6/19/2011 10:53
13006,1,10/14/2011 13:49,10/14/2011 13:49
13008,1,1/20/2011 14:24,1/20/2011 14:24
13011,1,12/2/2010 17:22,12/2/2010 17:22
13012,8,11/16/2011 16:18,9/22/2011 16:53
13013,13,10/6/2011 10:48,9/8/2011 11:46
13014,10,11/17/2011 13:48,9/26/2011 10:35
13015,5,10/17/2011 13:19,5/26/2011 16:25
13016,3,8/8/2011 15:00,9/27/2011 14:08
13017,1,12/2/2011 15:53,12/2/2011 15:53
13018,28,10/6/2011 14:59,9/8/2011 12:01
13021,9,11/1/2011 15:17,9/30/2011 15:03
13023,2,10/6/2011 16:27,8/2/2011 9:34
13026,5,11/8/2011 7:52,9/8/2011 10:01
13027,6,12/20/2010 12:45,8/18/2011 9:39
13028,2,10/25/2011 14:09,11/17/2011 11:10
13029,3,11/9/2011 9:13,7/24/2011 11:37
13030,2,11/28/2011 14:30,12/6/2010 14:31
13032,2,10/18/2011 15:54,9/13/2011 16:40
13033,1,12/17/2010 14:23,12/17/2010 14:23
13034,2,10/16/2011 12:21,12/5/2010 14:52
13035,2,3/24/2011 9:21,9/27/2011 8:57
13037,3,3/28/2011 15:42,7/24/2011 15:46
13038,3,2/22/2011 11:43,9/20/2011 14:37
13040,2,11/6/2011 13:53,12/1/2011 10:38
13043,1,3/11/2011 14:52,3/11/2011 14:52
13044,1,2/21/2011 15:20,2/21/2011 15:20
13045,1,9/1/2011 15:04,9/1/2011 15:04
13046,2,11/9/2011 8:36,3/18/2011 15:43
13047,10,10/14/2011 11:15,8/4/2011 17:58
13048,4,1/16/2011 14:36,8/18/2011 11:23
13049,2,1/25/2011 16:33,10/6/2011 15:31
13050,17,1/23/2011 12:43,8/25/2011 14:21
13052,1,5/11/2011 14:12,5/11/2011 14:12
13055,3,5/10/2011 8:58,9/22/2011 14:26
13058,3,10/12/2011 13:28,7/11/2011 12:01
13059,1,4/4/2011 10:40,4/4/2011 10:40
13060,1,3/31/2011 11:37,3/31/2011 11:37
13061,1,9/28/2011 16:04,9/28/2011 16:04
13062,1,6/1/2011 15:12,6/1/2011 15:12
13064,4,1/16/2011 13:41,9/12/2011 13:56
13065,1,12/1/2010 16:52,12/1/2010 16:52
13066,2,11/15/2011 12:57,11/7/2011 17:06
13067,1,9/18/2011 13:38,9/18/2011 13:38
13068,2,1/24/2011 8:20,11/29/2011 15:00
13069,24,1/9/2011 12:51,9/1/2011 11:48
13070,1,5/31/2011 13:45,5/31/2011 13:45
13072,1,3/18/2011 8:12,3/18/2011 8:12
13075,1,8/2/2011 10:19,8/2/2011 10:19
13077,4,12/8/2010 14:59,2/22/2011 16:19
13078,26,1/11/2011 12:00,9/18/2011 12:15
13079,5,11/18/2011 9:03,9/9/2011 15:25
13080,1,6/13/2011 14:59,6/13/2011 14:59
13081,11,1/6/2011 16:41,7/19/2011 11:47
13082,9,1/5/2011 15:42,8/5/2011 16:16
13083,2,12/5/2011 15:01,9/25/2011 10:46
13085,2,2/17/2011 13:57,7/5/2011 12:11
13089,97,1/13/2011 9:29,9/30/2011 10:19
13090,14,1/14/2011 12:21,7/26/2011 14:51
13091,1,11/11/2011 15:54,11/11/2011 15:54
13092,5,12/15/2010 12:27,9/30/2011 11:18
13093,8,1/13/2011 12:03,3/9/2011 12:14
13094,12,1/4/2011 10:37,9/20/2011 14:57
13095,1,9/30/2011 12:03,9/30/2011 12:03
13097,10,1/6/2011 9:40,9/23/2011 12:58
13098,28,1/26/2011 13:46,9/6/2011 15:34
13099,1,9/1/2011 17:40,9/1/2011 17:40
13101,1,4/19/2011 14:37,4/19/2011 14:37
13102,24,1/11/2011 14:00,9/19/2011 14:43
13103,1,10/31/2011 9:38,10/31/2011 9:38
13104,6,10/24/2011 10:11,9/15/2011 11:20
13106,1,7/29/2011 15:12,7/29/2011 15:12
13107,4,1/10/2011 12:28,9/15/2011 9:41
13108,1,12/2/2010 10:35,12/2/2010 10:35
13109,2,10/11/2011 10:16,7/5/2011 14:56
13110,7,10/17/2011 15:28,7/25/2011 16:20
13113,24,1/12/2011 13:10,8/9/2011 12:00
13115,4,10/12/2011 12:42,6/8/2011 16:15
13116,1,7/24/2011 14:33,7/24/2011 14:33
13117,8,1/24/2011 15:48,8/10/2011 10:09
13118,5,11/20/2011 12:37,5/15/2011 13:22
13120,1,4/15/2011 10:19,4/15/2011 10:19
13121,1,3/15/2011 16:47,3/15/2011 16:47
13122,2,4/13/2011 14:12,9/6/2011 15:53
13124,3,12/15/2010 15:00,9/11/2011 12:45
13126,8,1/5/2011 9:11,9/28/2011 10:29
13127,1,9/23/2011 10:26,9/23/2011 10:26
13130,1,9/6/2011 15:30,9/6/2011 15:30
13131,3,11/16/2011 13:21,9/29/2011 17:16
13132,1,3/23/2011 12:44,3/23/2011 12:44
13133,2,2/8/2011 15:48,3/11/2011 10:31
13134,4,4/13/2011 12:57,9/15/2011 10:35
13135,1,5/27/2011 10:52,5/27/2011 10:52
13136,5,10/14/2011 13:41,9/13/2011 11:39
13137,8,10/30/2011 12:26,9/8/2011 12:42
13138,6,10/24/2011 9:34,9/20/2011 15:31
13139,7,11/23/2011 13:54,9/28/2011 13:13
13140,3,12/8/2010 15:12,8/23/2011 15:33
13141,5,1/28/2011 13:04,9/16/2011 9:54
13142,1,11/20/2011 16:07,11/20/2011 16:07
13144,1,1/11/2011 11:15,1/11/2011 11:15
13145,4,10/31/2011 12:45,9/9/2011 10:10
13146,1,11/13/2011 15:29,11/13/2011 15:29
13147,4,10/27/2011 16:35,9/1/2011 12:28
13148,12,1/30/2011 13:48,7/3/2011 12:36
13149,4,11/25/2011 13:09,8/25/2011 13:40
13151,1,2/17/2011 12:29,2/17/2011 12:29
13153,1,12/4/2011 12:14,12/4/2011 12:14
13155,4,1/17/2011 11:21,9/21/2011 10:27
13157,4,10/21/2011 13:50,7/21/2011 14:34
13158,4,1/25/2011 9:58,9/6/2011 11:58
13159,4,10/20/2011 13:20,8/25/2011 15:12
13160,1,11/17/2011 13:07,11/17/2011 13:07
13161,1,1/30/2011 14:03,1/30/2011 14:03
13162,4,1/9/2011 10:43,8/9/2011 15:59
13165,2,10/24/2011 15:05,12/23/2010 14:06
13166,1,3/1/2011 15:16,3/1/2011 15:16
13167,4,10/3/2011 15:10,8/1/2011 12:12
13168,4,1/25/2011 13:55,5/24/2011 13:56
13169,2,10/7/2011 12:11,4/1/2011 14:24
13170,1,11/13/2011 12:19,11/13/2011 12:19
13171,3,10/21/2011 16:18,2/13/2011 14:16
13173,2,12/5/2011 15:51,12/7/2010 14:30
13174,3,1/27/2011 15:36,12/5/2010 16:24
13176,1,10/24/2011 15:43,10/24/2011 15:43
13177,1,10/6/2011 9:56,10/6/2011 9:56
13178,11,11/13/2011 16:14,9/27/2011 13:21
13182,1,10/25/2011 13:46,10/25/2011 13:46
13183,9,1/9/2011 10:50,9/14/2011 10:42
13184,10,11/25/2011 12:02,8/1/2011 11:12
13185,1,3/17/2011 11:56,3/17/2011 11:56
13186,3,10/31/2011 11:40,9/7/2011 11:46
13187,1,1/6/2011 18:57,1/6/2011 18:57
13188,1,11/28/2011 15:28,11/28/2011 15:28
13189,2,11/21/2011 10:39,8/16/2011 13:12
13192,2,5/18/2011 14:57,9/5/2011 14:13
13193,1,10/9/2011 14:30,10/9/2011 14:30
13194,1,7/27/2011 9:01,7/27/2011 9:01
13196,4,11/28/2011 13:53,9/16/2011 12:48
13198,6,1/25/2011 13:26,8/11/2011 12:48
13199,38,1/13/2011 15:01,9/8/2011 14:53
13200,4,11/18/2011 9:31,9/26/2011 14:00
13203,4,10/31/2011 13:43,8/11/2011 10:29
13207,2,11/24/2011 14:52,7/12/2011 11:35
13208,6,10/11/2011 16:25,7/7/2011 14:18
13209,8,1/17/2011 14:27,8/3/2011 12:10
13210,1,9/7/2011 8:18,9/7/2011 8:18
13211,3,11/29/2011 14:43,9/5/2011 17:36
13212,3,10/9/2011 14:48,11/20/2011 12:40
13213,5,10/14/2011 11:42,8/3/2011 13:06
13216,1,3/17/2011 12:18,3/17/2011 12:18
13217,3,7/31/2011 10:43,8/9/2011 15:32
13218,1,8/4/2011 16:59,8/4/2011 16:59
13220,4,4/17/2011 10:59,9/22/2011 13:38
13221,2,12/15/2010 13:24,4/13/2011 16:58
13223,2,4/21/2011 15:16,5/23/2011 13:03
13224,2,10/10/2011 14:55,7/11/2011 14:10
13225,7,1/5/2011 16:28,7/19/2011 16:36
13226,1,3/11/2011 14:35,3/11/2011 14:35
13227,1,5/22/2011 11:47,5/22/2011 11:47
13228,1,9/19/2011 14:28,9/19/2011 14:28
13229,1,4/28/2011 12:07,4/28/2011 12:07
13230,14,1/23/2011 13:33,7/24/2011 16:18
13232,7,11/13/2011 14:34,9/2/2011 13:18
13233,2,1/7/2011 14:49,9/26/2011 13:25
13235,1,5/11/2011 17:13,5/11/2011 17:13
13236,2,11/15/2011 12:50,8/25/2011 8:58
13238,4,11/16/2011 16:26,6/29/2011 12:12
13239,1,3/23/2011 10:25,3/23/2011 10:25
13240,4,12/9/2010 12:49,9/4/2011 14:08
13242,3,5/10/2011 12:26,8/19/2011 12:53
13243,1,5/20/2011 13:14,5/20/2011 13:14
13244,1,9/8/2011 11:46,9/8/2011 11:46
13245,1,10/20/2011 11:40,10/20/2011 11:40
13246,6,1/13/2011 13:36,6/16/2011 12:51
13247,4,10/19/2011 14:20,9/18/2011 11:31
13248,2,6/3/2011 13:05,8/7/2011 12:40
13249,3,3/23/2011 15:26,9/8/2011 13:26
13253,2,1/4/2011 15:43,7/6/2011 10:09
13255,2,11/30/2011 13:14,12/1/2010 11:58
13256,1,11/25/2011 15:57,11/25/2011 15:57
13258,3,11/16/2011 13:27,5/18/2011 13:11
13259,1,10/9/2011 10:48,10/9/2011 10:48
13260,1,10/9/2011 13:21,10/9/2011 13:21
13261,2,2/27/2011 10:41,3/16/2011 12:22
13262,1,3/21/2011 15:06,3/21/2011 15:06
13263,35,1/18/2011 16:31,9/30/2011 10:45
13265,5,10/17/2011 15:02,9/12/2011 9:36
13266,12,10/27/2011 14:52,9/25/2011 11:28
13267,19,1/12/2011 12:00,9/8/2011 15:36
13268,11,11/1/2011 11:31,9/16/2011 11:27
13269,15,10/4/2011 15:44,9/12/2011 12:45
13270,1,12/8/2010 14:53,12/8/2010 14:53
13271,1,11/2/2011 14:31,11/2/2011 14:31
13272,2,11/8/2011 14:00,9/11/2011 12:06
13273,1,8/18/2011 14:02,8/18/2011 14:02
13276,2,10/7/2011 12:44,9/1/2011 10:03
13277,4,11/14/2011 13:10,8/15/2011 14:50
13278,1,10/30/2011 11:49,10/30/2011 11:49
13279,1,9/22/2011 17:24,9/22/2011 17:24
13280,3,1/27/2011 16:29,8/9/2011 13:14
13282,3,11/21/2011 15:33,6/30/2011 13:17
13283,2,10/11/2011 9:50,6/7/2011 12:39
13284,1,1/13/2011 9:23,1/13/2011 9:23
13285,4,11/16/2011 13:19,7/1/2011 14:53
13291,1,7/7/2011 10:36,7/7/2011 10:36
13292,2,11/1/2011 10:04,2/28/2011 15:00
13294,2,4/4/2011 12:37,6/3/2011 8:54
13295,1,12/15/2010 11:21,12/15/2010 11:21
13296,1,7/25/2011 13:46,7/25/2011 13:46
13297,4,10/3/2011 15:08,12/2/2011 9:32
13298,1,12/8/2011 13:11,12/8/2011 13:11
13299,1,3/16/2011 12:55,3/16/2011 12:55
13300,1,6/23/2011 13:09,6/23/2011 13:09
13301,4,2/20/2011 13:13,8/28/2011 11:25
13302,1,7/7/2011 17:56,7/7/2011 17:56
13304,1,12/23/2010 14:35,12/23/2010 14:35
13305,10,11/18/2011 11:07,9/8/2011 10:02
13307,1,8/11/2011 17:14,8/11/2011 17:14
13308,3,10/18/2011 14:44,5/20/2011 13:13
13309,5,10/25/2011 13:16,9/12/2011 14:15
13310,3,1/19/2011 14:50,5/17/2011 13:26
13311,2,12/5/2011 12:55,7/12/2011 14:26
13313,5,1/4/2011 10:00,7/21/2011 18:19
13314,3,10/7/2011 13:09,9/27/2011 10:20
13316,4,11/2/2011 13:40,9/21/2011 12:14
13317,6,10/4/2011 13:35,5/25/2011 10:35
13318,3,11/2/2011 13:26,12/8/2011 18:51
13319,26,1/4/2011 11:40,9/9/2011 10:24
13320,4,5/10/2011 10:29,9/22/2011 18:07
13321,2,9/14/2011 15:18,9/28/2011 15:24
13322,1,11/22/2011 14:21,11/22/2011 14:21
13323,5,11/18/2011 10:24,9/16/2011 13:23
13324,10,1/31/2011 10:13,9/11/2011 12:34
13325,1,9/19/2011 10:36,9/19/2011 10:36
13327,8,11/1/2011 10:21,8/19/2011 11:55
13328,1,1/27/2011 15:22,1/27/2011 15:22
13329,2,11/8/2011 10:29,12/8/2010 10:11
13330,3,1/28/2011 10:08,9/8/2011 12:27
13332,1,11/25/2011 13:30,11/25/2011 13:30
13334,3,2/7/2011 11:42,9/18/2011 15:21
13336,1,9/23/2011 14:05,9/23/2011 14:05
13338,1,7/5/2011 9:06,7/5/2011 9:06
13339,1,5/23/2011 8:31,5/23/2011 8:31
13340,7,10/25/2011 13:14,8/26/2011 9:55
13341,1,3/24/2011 9:50,3/24/2011 9:50
13343,1,6/15/2011 12:24,6/15/2011 12:24
13344,3,10/3/2011 9:44,3/7/2011 10:28
13345,1,2/25/2011 9:01,2/25/2011 9:01
13347,1,9/30/2011 13:28,9/30/2011 13:28
13348,1,10/6/2011 17:28,10/6/2011 17:28
13349,1,11/29/2011 8:07,11/29/2011 8:07
13350,2,11/23/2011 16:33,9/21/2011 13:33
13351,1,10/4/2011 12:55,10/4/2011 12:55
13352,1,10/10/2011 13:55,10/10/2011 13:55
13354,1,9/29/2011 13:17,9/29/2011 13:17
13355,1,8/9/2011 14:48,8/9/2011 14:48
13356,1,9/20/2011 14:33,9/20/2011 14:33
13357,1,3/27/2011 13:56,3/27/2011 13:56
13358,1,3/16/2011 11:52,3/16/2011 11:52
13359,1,10/7/2011 9:30,10/7/2011 9:30
13362,4,10/18/2011 11:18,4/8/2011 8:21
13363,2,10/27/2011 10:46,11/22/2011 12:40
13364,1,9/29/2011 18:13,9/29/2011 18:13
13365,2,11/6/2011 12:36,5/6/2011 12:00
13366,1,10/20/2011 13:37,10/20/2011 13:37
13368,2,1/6/2011 12:32,3/28/2011 9:59
13369,1,12/9/2010 11:30,12/9/2010 11:30
13370,1,12/3/2010 10:26,12/3/2010 10:26
13372,1,9/11/2011 12:46,9/11/2011 12:46
13373,3,10/10/2011 10:51,7/4/2011 12:19
13375,1,9/12/2011 10:19,9/12/2011 10:19
13376,3,4/19/2011 13:03,9/1/2011 16:16
13379,3,10/2/2011 15:18,7/26/2011 12:26
13381,6,11/8/2011 11:58,9/11/2011 15:35
13382,1,3/4/2011 10:03,3/4/2011 10:03
13384,7,10/25/2011 15:39,9/27/2011 11:35
13385,1,1/14/2011 9:52,1/14/2011 9:52
13388,2,7/31/2011 12:52,7/31/2011 12:52
13389,3,11/28/2011 14:01,9/26/2011 9:52
13390,1,9/26/2011 8:38,9/26/2011 8:38
13391,1,5/20/2011 10:50,5/20/2011 10:50
13394,8,10/17/2011 10:17,9/22/2011 16:20
13395,1,6/7/2011 15:04,6/7/2011 15:04
13396,2,1/24/2011 13:37,11/10/2011 16:59
13397,5,1/4/2011 13:50,9/28/2011 10:56
13398,1,5/31/2011 13:17,5/31/2011 13:17
13402,2,12/2/2010 17:12,8/4/2011 15:51
13403,1,11/22/2011 8:28,11/22/2011 8:28
13404,2,12/8/2011 15:37,5/11/2011 11:57
13405,3,1/26/2011 9:27,9/26/2011 17:01
13408,62,1/24/2011 10:56,9/25/2011 14:41
13410,5,11/15/2011 15:33,9/26/2011 11:39
13411,1,8/24/2011 13:57,8/24/2011 13:57
13414,3,2/16/2011 12:13,7/5/2011 12:52
13416,2,10/27/2011 8:56,9/19/2011 14:43
13417,2,12/5/2011 8:49,5/18/2011 16:26
13418,18,10/10/2011 11:59,9/2/2011 9:43
13419,1,10/7/2011 12:49,10/7/2011 12:49
13420,2,6/22/2011 11:35,7/13/2011 8:48
13421,2,10/30/2011 14:21,2/22/2011 15:46
13422,1,10/6/2011 13:42,10/6/2011 13:42
13425,3,2/18/2011 8:34,8/23/2011 17:13
13426,10,1/7/2011 11:54,9/11/2011 11:59
13427,3,11/20/2011 13:02,8/11/2011 12:53
13428,1,11/29/2011 14:20,11/29/2011 14:20
13429,4,10/10/2011 12:51,9/25/2011 15:59
13430,2,11/21/2011 8:19,9/14/2011 14:26
13431,2,10/3/2011 13:49,9/12/2011 11:25
13434,2,9/26/2011 14:30,9/4/2011 10:35
13435,7,10/26/2011 14:50,9/25/2011 15:15
13436,1,12/8/2011 10:33,12/8/2011 10:33
13437,7,11/15/2011 15:05,9/1/2011 18:20
13439,1,3/29/2011 14:20,3/29/2011 14:20
13441,1,9/9/2011 9:38,9/9/2011 9:38
13447,3,11/16/2011 13:38,11/6/2011 11:56
13448,6,11/23/2011 12:33,9/20/2011 12:53
13449,1,11/16/2011 8:28,11/16/2011 8:28
13450,6,11/13/2011 11:54,9/11/2011 14:00
13451,5,1/9/2011 15:35,8/5/2011 16:43
13452,2,3/14/2011 11:38,3/25/2011 14:19
13453,2,2/23/2011 9:44,6/27/2011 9:34
13455,2,11/15/2011 11:21,12/8/2010 13:11
13456,6,10/7/2011 15:18,7/7/2011 13:52
13458,14,1/6/2011 11:25,9/1/2011 12:46
13460,2,10/21/2011 9:50,11/10/2011 17:17
13461,3,11/1/2011 9:01,7/24/2011 11:32
13462,1,4/1/2011 11:20,4/1/2011 11:20
13464,1,10/12/2011 15:01,10/12/2011 15:01
13466,1,6/8/2011 16:39,6/8/2011 16:39
13467,2,11/29/2011 10:01,11/3/2011 16:56
13468,37,1/11/2011 10:40,9/8/2011 10:52
13470,2,8/16/2011 17:06,9/1/2011 14:57
13471,4,10/23/2011 13:10,12/8/2011 15:44
13473,2,1/11/2011 8:45,10/10/2011 11:20
13474,1,4/17/2011 13:53,4/17/2011 13:53
13475,4,2/14/2011 12:36,6/1/2011 13:52
13476,2,3/3/2011 14:43,6/14/2011 12:00
13477,6,10/13/2011 9:55,7/24/2011 13:17
13479,2,4/19/2011 11:27,5/23/2011 10:45
13481,5,10/25/2011 9:07,8/23/2011 13:28
13482,1,4/21/2011 17:03,4/21/2011 17:03
13483,1,10/5/2011 11:53,10/5/2011 11:53
13484,1,4/12/2011 16:30,4/12/2011 16:30
13485,1,4/20/2011 13:58,4/20/2011 13:58
13486,3,7/7/2011 17:19,9/22/2011 13:13
13487,3,10/13/2011 12:07,5/10/2011 16:19
13488,13,1/12/2011 11:52,9/28/2011 13:04
13489,4,2/18/2011 10:42,8/26/2011 13:16
13491,10,1/11/2011 9:58,7/15/2011 9:00
13492,3,5/9/2011 10:06,7/26/2011 14:25
13493,2,2/25/2011 16:42,3/9/2011 15:35
13494,1,2/1/2011 11:58,2/1/2011 11:58
13495,5,11/4/2011 10:29,4/21/2011 15:15
13496,2,11/29/2011 10:58,12/15/2010 10:17
13497,2,12/6/2010 11:37,3/2/2011 9:04
13499,5,11/10/2011 15:09,9/27/2011 9:33
13500,3,11/16/2011 15:35,8/9/2011 12:20
13501,1,2/24/2011 18:59,2/24/2011 18:59
13502,3,1/20/2011 9:03,3/10/2011 8:40
13503,1,9/29/2011 13:23,9/29/2011 13:23
13504,1,10/6/2011 13:20,10/6/2011 13:20
13505,4,4/21/2011 12:07,9/28/2011 11:56
13506,2,1/27/2011 13:53,12/5/2010 12:15
13507,4,12/6/2011 13:13,9/2/2011 15:45
13508,1,4/10/2011 11:58,4/10/2011 11:58
13509,7,10/18/2011 11:41,9/1/2011 8:25
13510,4,10/25/2011 13:51,9/5/2011 14:11
13512,1,3/24/2011 10:03,3/24/2011 10:03
13513,1,8/5/2011 11:50,8/5/2011 11:50
13514,1,9/27/2011 9:39,9/27/2011 9:39
13515,4,4/6/2011 10:33,9/28/2011 11:26
13516,3,11/18/2011 13:15,9/28/2011 12:28
13517,3,10/11/2011 11:43,8/25/2011 11:40
13518,1,9/15/2011 10:29,9/15/2011 10:29
13519,1,9/22/2011 18:24,9/22/2011 18:24
13520,6,1/19/2011 12:14,7/25/2011 12:22
13521,3,11/29/2011 15:09,12/8/2011 13:50
13522,1,11/9/2011 15:11,11/9/2011 15:11
13523,5,10/24/2011 10:29,5/24/2011 8:51
13524,5,10/30/2011 12:34,9/19/2011 12:29
13525,2,11/25/2011 12:01,4/5/2011 15:36
13527,7,1/17/2011 11:17,9/11/2011 12:15
13529,2,5/19/2011 11:50,9/22/2011 9:15
13531,2,12/8/2010 15:03,5/18/2011 16:56
13532,1,11/6/2011 12:25,11/6/2011 12:25
13533,3,3/17/2011 12:47,6/10/2011 11:54
13534,25,1/26/2011 10:33,8/24/2011 10:36
13536,7,10/18/2011 8:12,9/25/2011 13:30
13538,7,1/28/2011 10:40,9/6/2011 13:11
13539,3,2/3/2011 15:23,9/15/2011 10:18
13544,2,10/31/2011 11:57,4/13/2011 12:09
13546,3,10/17/2011 14:51,5/23/2011 12:14
13548,2,4/10/2011 11:35,9/4/2011 14:50
13549,7,10/6/2011 16:28,7/20/2011 13:21
13551,1,1/24/2011 14:46,1/24/2011 14:46
13552,12,1/28/2011 10:10,9/14/2011 11:54
13555,4,5/22/2011 11:06,9/27/2011 12:36
13557,2,11/11/2011 15:24,3/4/2011 12:14
13558,4,10/2/2011 13:01,12/4/2011 11:24
13560,1,12/2/2011 13:11,12/2/2011 13:11
13561,1,5/8/2011 12:39,5/8/2011 12:39
13562,3,4/8/2011 12:42,9/19/2011 10:51
13563,2,7/22/2011 17:21,9/16/2011 14:45
13564,3,12/20/2010 16:50,7/18/2011 14:33
13565,2,1/9/2011 14:28,11/20/2011 14:33
13566,2,10/30/2011 11:59,9/18/2011 12:40
13568,1,6/19/2011 14:42,6/19/2011 14:42
13569,2,11/22/2011 13:07,12/7/2010 12:29
13570,1,4/10/2011 13:36,4/10/2011 13:36
13571,12,10/2/2011 12:30,9/8/2011 11:27
13572,1,5/18/2011 11:59,5/18/2011 11:59
13573,2,10/20/2011 14:33,3/31/2011 14:47
13575,5,10/12/2011 11:55,9/30/2011 9:20
13576,18,1/6/2011 14:58,9/4/2011 12:07
13577,4,11/14/2011 15:19,9/8/2011 11:44
13579,2,11/25/2011 8:41,12/5/2010 16:10
13581,1,2/3/2011 14:41,2/3/2011 14:41
13583,1,7/7/2011 10:40,7/7/2011 10:40
13584,1,2/6/2011 12:49,2/6/2011 12:49
13587,1,10/7/2011 12:31,10/7/2011 12:31
13588,9,10/21/2011 10:32,9/14/2011 9:21
13589,2,11/25/2011 12:10,6/13/2011 12:44
13590,6,10/19/2011 12:16,7/12/2011 10:46
13591,3,10/6/2011 12:26,5/19/2011 13:58
13592,4,11/4/2011 9:49,5/18/2011 9:13
13593,5,1/7/2011 16:32,8/23/2011 13:35
13594,1,10/18/2011 10:19,10/18/2011 10:19
13596,2,11/27/2011 11:57,12/4/2011 12:01
13598,1,10/23/2011 14:28,10/23/2011 14:28
13599,21,1/6/2011 15:25,9/16/2011 9:24
13600,1,1/31/2011 15:27,1/31/2011 15:27
13601,2,10/25/2011 17:31,5/12/2011 16:52
13602,1,10/6/2011 11:47,10/6/2011 11:47
13603,1,11/13/2011 15:57,11/13/2011 15:57
13606,3,11/10/2011 17:46,4/10/2011 12:52
13607,1,10/30/2011 16:17,10/30/2011 16:17
13610,7,10/16/2011 15:44,8/21/2011 14:42
13611,3,12/15/2010 10:31,9/11/2011 14:51
13614,4,1/13/2011 12:37,9/11/2011 14:05
13615,1,1/25/2011 8:21,1/25/2011 8:21
13617,3,10/30/2011 13:50,8/18/2011 13:17
13618,1,6/19/2011 11:09,6/19/2011 11:09
13621,1,8/15/2011 8:26,8/15/2011 8:26
13623,5,11/9/2011 12:00,5/13/2011 16:12
13626,1,4/1/2011 10:05,4/1/2011 10:05
13627,5,10/11/2011 14:20,9/21/2011 12:55
13629,11,1/5/2011 12:09,9/1/2011 18:54
13630,7,12/4/2011 15:16,9/25/2011 10:30
13631,11,3/17/2011 17:13,9/1/2011 9:57
13632,5,10/28/2011 8:34,6/19/2011 12:23
13634,5,1/16/2011 15:30,9/14/2011 12:42
13635,1,10/3/2011 10:55,10/3/2011 10:55
13636,5,11/3/2011 10:30,8/9/2011 14:56
13637,3,10/18/2011 13:32,6/5/2011 13:24
13638,1,11/24/2011 10:38,11/24/2011 10:38
13639,1,9/26/2011 13:36,9/26/2011 13:36
13642,1,5/8/2011 12:34,5/8/2011 12:34
13643,3,11/8/2011 15:37,9/2/2011 10:42
13644,4,10/26/2011 11:08,9/27/2011 10:27
13645,1,8/11/2011 16:11,8/11/2011 16:11
13647,4,11/30/2011 12:00,9/29/2011 13:21
13649,2,12/8/2010 14:46,3/28/2011 11:51
13650,6,10/4/2011 9:51,9/12/2011 12:45
13651,2,10/31/2011 12:11,11/4/2011 14:59
13652,3,10/25/2011 8:51,3/28/2011 9:21
13654,6,10/27/2011 16:23,7/17/2011 13:29
13655,2,4/12/2011 9:53,8/17/2011 14:25
13656,2,1/6/2011 15:42,6/28/2011 10:31
13657,2,11/29/2011 12:32,5/22/2011 12:35
13658,5,11/30/2011 10:11,9/15/2011 13:21
13659,2,1/23/2011 12:08,5/18/2011 12:37
13662,3,3/25/2011 13:23,9/15/2011 12:04
13663,1,6/13/2011 15:44,6/13/2011 15:44
13666,3,10/10/2011 15:39,2/25/2011 13:08
13667,1,7/13/2011 15:42,7/13/2011 15:42
13668,21,1/9/2011 11:02,8/18/2011 12:53
13669,2,10/20/2011 9:32,7/13/2011 11:44
13670,1,9/25/2011 15:25,9/25/2011 15:25
13672,2,1/11/2011 13:54,2/11/2011 13:53
13673,2,11/21/2011 12:11,11/7/2011 15:40
13675,2,2/28/2011 12:14,7/11/2011 12:57
13678,1,7/11/2011 10:14,7/11/2011 10:14
13680,4,1/4/2011 14:12,12/8/2011 13:47
13681,4,10/2/2011 11:41,7/7/2011 15:21
13682,1,6/5/2011 14:06,6/5/2011 14:06
13684,1,2/27/2011 10:13,2/27/2011 10:13
13685,7,10/10/2011 12:59,12/7/2011 11:41
13686,1,6/10/2011 9:10,6/10/2011 9:10
13689,1,10/7/2011 13:21,10/7/2011 13:21
13690,1,10/11/2011 15:03,10/11/2011 15:03
13692,3,11/15/2011 11:17,5/10/2011 10:11
13694,50,1/13/2011 10:08,9/29/2011 10:22
13695,15,10/7/2011 12:12,9/2/2011 14:09
13697,1,11/1/2011 9:14,11/1/2011 9:14
13699,1,7/7/2011 16:51,7/7/2011 16:51
13700,10,1/16/2011 13:18,9/8/2011 12:05
13703,1,1/25/2011 13:10,1/25/2011 13:10
13704,9,10/12/2011 12:44,9/27/2011 10:04
13705,3,12/1/2010 10:29,7/18/2011 9:15
13706,1,2/10/2011 9:21,2/10/2011 9:21
13707,2,1/28/2011 13:27,3/17/2011 18:03
13708,1,3/13/2011 13:46,3/13/2011 13:46
13709,13,1/28/2011 14:57,8/4/2011 14:30
13710,1,11/8/2011 8:16,11/8/2011 8:16
13711,2,5/5/2011 10:29,5/5/2011 10:31
13712,1,4/7/2011 12:33,4/7/2011 12:33
13715,5,1/5/2011 12:15,3/3/2011 19:21
13716,1,3/15/2011 13:49,3/15/2011 13:49
13717,6,10/14/2011 14:16,8/3/2011 8:21
13718,2,2/17/2011 11:58,4/7/2011 13:24
13719,5,10/13/2011 15:19,5/18/2011 12:52
13720,4,3/30/2011 9:17,8/15/2011 12:46
13721,1,11/3/2011 14:05,11/3/2011 14:05
13722,3,3/2/2011 11:43,7/31/2011 12:44
13723,1,5/6/2011 17:04,5/6/2011 17:04
13725,8,10/21/2011 10:03,6/23/2011 16:02
13726,2,11/1/2011 10:49,8/31/2011 11:06
13727,2,11/11/2011 9:46,11/6/2011 12:16
13728,6,11/3/2011 10:49,8/24/2011 12:54
13730,2,7/1/2011 12:47,7/27/2011 8:35
13731,2,4/7/2011 10:10,5/4/2011 14:33
13732,1,11/11/2011 15:49,11/11/2011 15:49
13735,4,10/27/2011 14:22,6/17/2011 11:07
13736,2,12/4/2011 15:19,3/24/2011 13:04
13737,1,5/23/2011 16:32,5/23/2011 16:32
13739,1,11/21/2011 13:35,11/21/2011 13:35
13740,1,4/13/2011 10:32,4/13/2011 10:32
13741,3,5/6/2011 13:43,9/29/2011 9:19
13742,12,1/23/2011 14:59,9/11/2011 11:24
13743,7,12/7/2011 10:09,9/12/2011 12:19
13744,2,2/20/2011 14:08,9/5/2011 15:19
13745,1,6/30/2011 16:43,6/30/2011 16:43
13747,1,12/1/2010 10:37,12/1/2010 10:37
13748,5,12/1/2010 9:00,9/5/2011 9:45
13750,5,1/7/2011 11:49,7/22/2011 14:39
13751,1,2/24/2011 15:56,2/24/2011 15:56
13752,6,4/7/2011 12:04,8/7/2011 14:16
13753,1,2/25/2011 12:48,2/25/2011 12:48
13754,2,1/26/2011 14:58,7/11/2011 11:51
13755,9,10/20/2011 10:15,12/6/2011 12:26
13756,14,10/10/2011 10:29,9/7/2011 13:19
13758,7,1/9/2011 11:41,5/22/2011 15:12
13759,2,11/6/2011 14:47,9/29/2011 15:40
13760,2,10/16/2011 16:13,3/28/2011 12:52
13761,2,10/20/2011 14:01,6/13/2011 8:43
13762,1,5/5/2011 9:15,5/5/2011 9:15
13763,1,10/7/2011 15:13,10/7/2011 15:13
13764,3,1/6/2011 14:53,9/30/2011 12:03
13767,37,1/10/2011 15:16,9/20/2011 9:54
13769,10,1/17/2011 14:18,9/8/2011 13:55
13771,4,10/6/2011 14:17,5/24/2011 12:57
13772,3,11/6/2011 11:43,9/4/2011 11:22
13774,1,9/19/2011 12:06,9/19/2011 12:06
13777,33,1/14/2011 10:39,9/23/2011 9:14
13778,1,8/28/2011 15:25,8/28/2011 15:25
13780,2,12/2/2011 13:49,6/22/2011 11:43
13781,1,4/3/2011 12:08,4/3/2011 12:08
13782,6,1/16/2011 11:08,8/7/2011 12:21
13784,11,1/11/2011 14:38,9/6/2011 12:27
13786,1,12/7/2010 13:53,12/7/2010 13:53
13787,2,12/10/2010 14:45,9/25/2011 12:06
13790,1,12/5/2011 15:48,12/5/2011 15:48
13791,2,6/24/2011 16:38,8/4/2011 11:44
13792,2,10/4/2011 14:31,2/25/2011 14:03
13798,57,1/11/2011 12:20,9/7/2011 15:34
13799,2,2/18/2011 14:18,8/15/2011 12:07
13800,1,2/3/2011 12:27,2/3/2011 12:27
13801,1,10/4/2011 10:15,10/4/2011 10:15
13802,3,2/1/2011 12:03,7/24/2011 10:54
13803,1,3/29/2011 12:57,3/29/2011 12:57
13804,7,11/9/2011 12:30,9/4/2011 10:59
13805,2,10/18/2011 14:50,8/2/2011 15:29
13806,1,10/7/2011 11:43,10/7/2011 11:43
13807,1,12/7/2010 15:48,12/7/2010 15:48
13808,5,10/24/2011 12:38,9/7/2011 12:10
13809,1,2/7/2011 13:15,2/7/2011 13:15
13810,3,10/14/2011 12:57,11/11/2011 8:33
13811,3,4/14/2011 18:40,6/9/2011 9:54
13812,3,10/28/2011 14:27,8/26/2011 12:54
13813,4,10/31/2011 10:38,9/30/2011 9:22
13814,2,7/25/2011 13:54,9/8/2011 13:48
13815,4,1/25/2011 12:16,6/20/2011 13:08
13816,2,10/6/2011 14:37,11/16/2011 8:38
13817,2,11/10/2011 17:49,12/23/2010 11:46
13819,3,1/24/2011 10:38,2/3/2011 14:01
13821,2,3/23/2011 11:30,7/18/2011 9:49
13822,2,10/30/2011 15:55,12/4/2011 12:13
13823,2,11/21/2011 10:22,9/9/2011 10:42
13824,5,11/7/2011 12:41,7/27/2011 9:22
13826,1,6/16/2011 13:48,6/16/2011 13:48
13827,3,10/13/2011 12:38,7/29/2011 11:45
13828,1,11/17/2011 16:02,11/17/2011 16:02
13831,6,11/23/2011 15:41,9/13/2011 9:07
13832,1,11/20/2011 15:36,11/20/2011 15:36
13833,1,7/3/2011 13:27,7/3/2011 13:27
13835,4,10/18/2011 12:44,7/7/2011 15:16
13837,2,1/26/2011 12:15,5/12/2011 12:10
13838,4,12/4/2011 11:00,8/14/2011 10:52
13841,1,4/1/2011 12:10,4/1/2011 12:10
13842,9,1/7/2011 10:27,9/28/2011 14:56
13844,1,11/28/2011 13:21,11/28/2011 13:21
13845,1,10/6/2011 8:25,10/6/2011 8:25
13846,3,11/15/2011 12:07,4/11/2011 15:03
13848,3,12/8/2010 15:10,9/8/2011 12:58
13849,2,10/19/2011 10:59,6/22/2011 10:11
13850,1,8/2/2011 14:04,8/2/2011 14:04
13851,3,2/24/2011 17:18,9/5/2011 12:36
13853,1,10/13/2011 14:18,10/13/2011 14:18
13854,25,1/14/2011 11:47,9/8/2011 14:35
13856,3,5/20/2011 13:13,6/9/2011 8:45
13858,1,10/13/2011 16:17,10/13/2011 16:17
13859,1,1/17/2011 16:14,1/17/2011 16:14
13860,5,10/18/2011 14:34,9/14/2011 9:27
13862,8,1/11/2011 15:13,9/28/2011 9:15
13863,1,4/6/2011 10:20,4/6/2011 10:20
13865,4,10/12/2011 13:31,7/26/2011 11:24
13866,1,9/26/2011 14:54,9/26/2011 14:54
13867,3,11/8/2011 15:48,9/26/2011 12:23
13868,2,11/1/2011 12:45,12/2/2011 16:32
13869,4,1/30/2011 15:54,8/8/2011 13:53
13870,8,10/30/2011 16:10,8/30/2011 11:32
13871,13,10/17/2011 12:12,9/8/2011 12:51
13873,3,2/3/2011 9:37,8/12/2011 10:08
13874,1,12/16/2010 18:20,12/16/2010 18:20
13875,5,10/17/2011 9:36,7/29/2011 9:11
13876,1,10/7/2011 10:22,10/7/2011 10:22
13877,1,9/14/2011 15:49,9/14/2011 15:49
13878,1,10/16/2011 12:19,10/16/2011 12:19
13880,13,10/18/2011 13:15,9/13/2011 9:49
13881,20,10/17/2011 12:52,9/5/2011 11:43
13882,5,10/27/2011 12:53,12/7/2011 11:16
13883,5,11/29/2011 10:45,5/5/2011 12:39
13884,5,12/2/2011 16:30,9/11/2011 13:58
13885,2,5/23/2011 8:52,6/3/2011 15:07
13886,1,9/29/2011 13:17,9/29/2011 13:17
13887,1,5/19/2011 17:22,5/19/2011 17:22
13888,2,5/5/2011 14:41,8/12/2011 10:13
13889,1,9/8/2011 9:13,9/8/2011 9:13
13890,10,10/20/2011 8:41,8/24/2011 13:12
13892,4,10/18/2011 8:15,4/7/2011 12:04
13893,1,2/15/2011 11:30,2/15/2011 11:30
13894,3,11/16/2011 9:43,2/2/2011 12:54
13895,4,10/4/2011 11:33,7/19/2011 14:03
13897,1,10/20/2011 14:30,10/20/2011 14:30
13898,1,1/18/2011 10:28,1/18/2011 10:28
13899,2,11/23/2011 13:40,3/10/2011 9:30
13900,3,3/22/2011 10:13,6/9/2011 19:26
13901,5,1/25/2011 9:01,9/28/2011 14:48
13904,2,11/2/2011 13:41,2/18/2011 11:18
13908,4,3/8/2011 12:04,9/21/2011 11:49
13911,9,10/13/2011 15:43,7/18/2011 13:30
13914,2,11/28/2011 10:35,11/3/2011 16:28
13917,2,10/21/2011 9:56,6/1/2011 12:46
13918,2,10/21/2011 12:25,3/31/2011 18:05
13919,2,10/11/2011 14:24,8/10/2011 10:15
13922,1,12/23/2010 10:38,12/23/2010 10:38
13923,1,10/17/2011 12:33,10/17/2011 12:33
13924,6,10/26/2011 13:44,9/28/2011 15:07
13925,4,7/28/2011 12:09,9/8/2011 12:47
13926,1,11/16/2011 13:16,11/16/2011 13:16
13927,1,9/26/2011 12:00,9/26/2011 12:00
13928,4,11/29/2011 10:33,8/25/2011 12:13
13929,2,1/17/2011 15:11,6/23/2011 15:26
13930,2,10/13/2011 9:45,7/26/2011 11:00
13931,2,3/4/2011 8:43,9/5/2011 10:12
13932,1,2/18/2011 12:02,2/18/2011 12:02
13933,2,7/14/2011 13:35,8/22/2011 14:03
13934,1,3/21/2011 8:39,3/21/2011 8:39
13936,1,6/13/2011 8:47,6/13/2011 8:47
13937,1,6/23/2011 16:35,6/23/2011 16:35
13938,1,11/4/2011 14:37,11/4/2011 14:37
13939,3,11/16/2011 13:33,8/23/2011 11:53
13940,4,10/6/2011 16:15,8/15/2011 12:47
13941,5,11/18/2011 9:43,9/11/2011 12:00
13946,3,3/17/2011 10:02,9/21/2011 13:33
13947,1,10/5/2011 14:42,10/5/2011 14:42
13948,1,12/14/2010 10:18,12/14/2010 10:18
13949,6,10/30/2011 15:35,9/6/2011 11:55
13950,4,11/15/2011 12:13,9/27/2011 14:52
13951,3,2/18/2011 15:21,6/16/2011 16:43
13952,2,4/15/2011 9:27,5/6/2011 9:00
13953,7,10/18/2011 10:55,8/16/2011 10:03
13954,2,12/8/2011 12:50,9/30/2011 10:52
13955,2,2/7/2011 12:24,7/8/2011 17:19
13956,5,10/16/2011 15:56,7/24/2011 16:12
13959,3,12/12/2010 13:56,9/21/2011 15:06
13960,2,11/18/2011 15:27,9/29/2011 12:39
13962,2,11/18/2011 8:47,4/8/2011 11:21
13963,4,1/23/2011 15:45,2/4/2011 14:43
13967,1,7/17/2011 12:02,7/17/2011 12:02
13969,18,1/21/2011 13:13,8/4/2011 16:31
13971,8,10/11/2011 10:41,8/25/2011 14:23
13972,2,5/22/2011 11:34,9/30/2011 11:54
13973,1,2/25/2011 15:21,2/25/2011 15:21
13974,1,10/21/2011 14:41,10/21/2011 14:41
13975,6,11/8/2011 13:10,8/3/2011 13:39
13976,1,5/17/2011 9:13,5/17/2011 9:13
13978,2,10/25/2011 15:04,11/25/2011 11:36
13979,1,9/27/2011 13:32,9/27/2011 13:32
13980,1,10/10/2011 13:34,10/10/2011 13:34
13982,4,1/17/2011 13:08,6/29/2011 15:11
13983,12,1/17/2011 14:51,9/12/2011 11:41
13984,5,1/18/2011 13:40,8/5/2011 14:30
13985,15,10/12/2011 11:45,9/29/2011 8:53
13986,1,11/22/2011 15:00,11/22/2011 15:00
13988,6,10/27/2011 10:36,9/28/2011 10:54
13989,2,10/5/2011 9:47,4/14/2011 15:39
13990,1,5/10/2011 15:19,5/10/2011 15:19
13991,6,10/18/2011 13:19,9/25/2011 13:47
13992,1,11/9/2011 15:23,11/9/2011 15:23
13993,9,1/13/2011 10:43,9/11/2011 12:16
13994,6,10/3/2011 15:28,9/23/2011 10:17
13995,5,10/14/2011 12:55,8/16/2011 9:00
13999,12,1/21/2011 13:05,9/5/2011 11:19
14000,1,5/12/2011 16:50,5/12/2011 16:50
14001,3,10/25/2011 10:31,4/21/2011 9:26
14002,2,7/28/2011 15:55,7/6/2011 14:59
14004,7,10/27/2011 14:40,9/22/2011 12:42
14005,5,11/30/2011 12:41,9/25/2011 11:29
14006,3,1/31/2011 15:11,8/16/2011 9:39
14009,2,5/18/2011 13:00,5/25/2011 15:47
14012,1,3/7/2011 12:26,3/7/2011 12:26
14013,3,3/9/2011 8:59,8/21/2011 15:01
14014,1,9/23/2011 13:18,9/23/2011 13:18
14015,1,10/18/2011 10:02,10/18/2011 10:02
14016,4,12/17/2010 14:21,7/1/2011 11:29
14019,3,10/24/2011 10:13,9/2/2011 12:51
14020,2,11/23/2011 9:22,9/12/2011 15:32
14021,3,3/28/2011 15:10,7/7/2011 15:46
14022,1,4/28/2011 14:39,4/28/2011 14:39
14023,2,12/2/2011 13:58,4/3/2011 15:50
14024,2,8/10/2011 11:30,8/7/2011 13:31
14027,1,10/10/2011 9:01,10/10/2011 9:01
14029,2,10/7/2011 14:46,7/18/2011 16:57
14030,8,11/21/2011 16:48,9/11/2011 15:52
14031,19,1/19/2011 16:19,9/26/2011 17:20
14032,11,11/17/2011 11:51,9/13/2011 14:51
14034,3,11/17/2011 14:02,7/5/2011 13:15
14035,5,10/23/2011 15:45,8/24/2011 13:15
14036,1,2/28/2011 9:26,2/28/2011 9:26
14037,2,12/10/2010 11:39,6/16/2011 13:57
14038,3,5/16/2011 14:05,9/22/2011 13:37
14039,1,11/6/2011 13:48,11/6/2011 13:48
14040,12,1/12/2011 14:57,9/6/2011 14:29
14041,1,3/18/2011 13:25,3/18/2011 13:25
14044,4,11/13/2011 12:05,8/28/2011 14:39
14045,4,1/6/2011 10:01,8/22/2011 15:27
14046,1,2/28/2011 14:48,2/28/2011 14:48
14047,5,1/7/2011 9:23,9/27/2011 14:08
14048,1,2/7/2011 14:53,2/7/2011 14:53
14049,4,1/26/2011 11:27,7/4/2011 11:47
14050,2,11/8/2011 10:00,8/25/2011 13:46
14051,23,1/28/2011 15:09,9/9/2011 10:16
14052,1,11/20/2011 12:30,11/20/2011 12:30
14053,2,7/3/2011 12:21,8/7/2011 14:27
14054,1,10/5/2011 15:49,10/5/2011 15:49
14055,1,8/25/2011 15:04,8/25/2011 15:04
14056,23,10/18/2011 16:46,9/16/2011 16:25
14057,17,10/4/2011 12:45,9/11/2011 14:58
14059,1,3/18/2011 10:06,3/18/2011 10:06
14060,19,1/10/2011 14:20,9/21/2011 13:01
14062,12,1/20/2011 14:18,9/9/2011 10:31
14064,5,11/10/2011 13:14,8/18/2011 18:11
14066,1,3/18/2011 12:21,3/18/2011 12:21
14067,2,10/7/2011 10:21,9/4/2011 12:00
14068,1,1/23/2011 16:02,1/23/2011 16:02
14071,8,10/23/2011 14:33,3/24/2011 13:28
14073,1,11/7/2011 15:49,11/7/2011 15:49
14075,3,11/20/2011 12:32,3/23/2011 16:35
14076,1,8/2/2011 15:19,8/2/2011 15:19
14077,5,10/30/2011 12:35,9/22/2011 13:44
14078,6,12/1/2010 12:54,8/30/2011 12:16
14079,1,8/7/2011 12:10,8/7/2011 12:10
14080,1,11/7/2011 11:09,11/7/2011 11:09
14081,2,12/5/2010 15:47,2/10/2011 16:17
14082,1,12/10/2010 11:02,12/10/2010 11:02
14083,9,12/2/2011 10:35,8/5/2011 14:31
14085,18,1/13/2011 11:54,7/21/2011 13:48
14087,1,12/7/2011 12:41,12/7/2011 12:41
14088,13,1/21/2011 13:07,8/3/2011 11:21
14089,1,10/14/2011 10:38,10/14/2011 10:38
14090,1,1/19/2011 10:51,1/19/2011 10:51
14092,14,1/21/2011 13:55,9/1/2011 10:36
14093,1,11/27/2011 16:27,11/27/2011 16:27
14096,17,10/10/2011 17:12,9/9/2011 15:17
14098,1,11/3/2011 10:13,11/3/2011 10:13
14099,11,1/14/2011 14:47,8/11/2011 15:34
14100,1,7/25/2011 11:01,7/25/2011 11:01
14101,6,1/17/2011 13:09,9/27/2011 12:28
14102,5,10/26/2011 12:46,12/4/2011 15:38
14104,2,6/27/2011 12:49,7/8/2011 12:50
14105,1,4/14/2011 17:58,4/14/2011 17:58
14107,7,10/19/2011 12:12,9/4/2011 15:20
14108,2,11/9/2011 10:41,8/30/2011 11:32
14109,1,9/28/2011 10:18,9/28/2011 10:18
14110,12,10/28/2011 11:33,9/14/2011 14:28
14111,4,11/25/2011 13:44,9/5/2011 12:21
14112,7,10/30/2011 15:57,8/1/2011 12:16
14113,4,11/17/2011 10:59,9/22/2011 16:46
14114,2,1/13/2011 11:05,3/11/2011 9:42
14116,5,10/6/2011 13:45,9/8/2011 9:51
14117,1,7/19/2011 9:49,7/19/2011 9:49
14121,4,10/11/2011 10:39,12/6/2011 12:19
14124,1,9/16/2011 13:32,9/16/2011 13:32
14125,3,11/11/2011 12:20,9/22/2011 15:40
14126,3,11/29/2011 12:21,12/2/2011 11:45
14127,3,2/2/2011 12:26,8/9/2011 10:49
14128,2,10/10/2011 12:00,3/29/2011 10:49
14129,5,11/22/2011 12:09,9/5/2011 9:49
14130,1,1/24/2011 16:05,1/24/2011 16:05
14132,11,10/10/2011 13:37,9/13/2011 14:30
14133,3,1/28/2011 11:27,8/2/2011 11:34
14135,15,1/11/2011 9:58,9/25/2011 11:36
14138,2,10/7/2011 9:38,12/8/2011 12:44
14139,1,10/24/2011 13:34,10/24/2011 13:34
14140,2,11/8/2011 11:20,12/6/2011 9:05
14141,4,10/11/2011 12:17,9/27/2011 11:38
14142,1,12/1/2010 16:33,12/1/2010 16:33
14143,1,7/29/2011 9:48,7/29/2011 9:48
14145,4,10/24/2011 12:10,7/6/2011 11:52
14146,5,12/1/2011 10:18,9/19/2011 15:01
14147,2,2/27/2011 11:42,9/22/2011 18:10
14148,1,4/20/2011 12:02,4/20/2011 12:02
14149,1,5/3/2011 9:44,5/3/2011 9:44
14150,2,11/4/2011 10:05,12/15/2010 10:04
14152,2,4/19/2011 15:46,9/25/2011 12:54
14154,2,4/14/2011 15:58,4/14/2011 16:26
14155,1,3/18/2011 14:13,3/18/2011 14:13
14156,55,1/14/2011 14:11,9/7/2011 16:00
14157,2,11/20/2011 11:32,2/27/2011 13:04
14158,1,10/30/2011 15:08,10/30/2011 15:08
14159,11,10/18/2011 13:41,9/5/2011 12:00
14161,3,12/5/2010 13:18,5/8/2011 11:41
14162,2,2/20/2011 12:32,6/19/2011 11:36
14163,4,4/14/2011 17:33,9/13/2011 15:18
14164,2,9/20/2011 12:18,9/30/2011 12:24
14165,1,3/9/2011 12:39,3/9/2011 12:39
14167,4,1/12/2011 15:44,6/27/2011 16:46
14171,1,9/2/2011 16:43,9/2/2011 16:43
14173,4,10/25/2011 13:17,5/4/2011 14:03
14174,1,11/6/2011 13:17,11/6/2011 13:17
14175,3,1/14/2011 12:22,6/21/2011 14:29
14176,4,1/17/2011 11:28,2/15/2011 13:12
14177,4,6/13/2011 11:10,9/5/2011 12:24
14178,7,10/30/2011 12:48,9/2/2011 14:42
14179,2,10/18/2011 14:00,10/30/2011 12:07
14180,25,1/19/2011 14:22,9/9/2011 13:47
14184,1,10/4/2011 12:43,10/4/2011 12:43
14185,1,1/12/2011 13:52,1/12/2011 13:52
14188,6,11/9/2011 12:45,9/29/2011 12:15
14189,15,1/25/2011 13:46,9/4/2011 13:45
14191,13,10/18/2011 14:32,9/20/2011 9:24
14193,2,10/3/2011 9:34,3/15/2011 11:38
14194,21,10/11/2011 8:23,9/25/2011 12:32
14195,2,4/1/2011 16:50,5/22/2011 10:29
14196,1,8/25/2011 10:25,8/25/2011 10:25
14198,4,11/21/2011 16:35,9/14/2011 11:25
14199,1,5/5/2011 13:44,5/5/2011 13:44
14201,7,10/10/2011 13:27,9/20/2011 10:47
14204,1,12/7/2011 13:38,12/7/2011 13:38
14205,2,11/23/2011 10:55,3/20/2011 15:07
14206,1,4/14/2011 16:38,4/14/2011 16:38
14208,1,9/6/2011 12:48,9/6/2011 12:48
14209,6,1/11/2011 12:56,8/10/2011 16:01
14210,6,1/4/2011 13:30,8/26/2011 12:36
14211,9,10/13/2011 10:20,9/4/2011 10:51
14212,1,9/11/2011 12:45,9/11/2011 12:45
14214,5,10/20/2011 11:54,7/6/2011 15:02
14215,6,1/13/2011 14:24,9/23/2011 10:44
14216,4,11/2/2011 10:51,12/6/2011 14:56
14217,17,1/11/2011 10:31,9/26/2011 15:47
14218,1,10/28/2011 10:00,10/28/2011 10:00
14219,1,12/5/2011 16:23,12/5/2011 16:23
14220,2,12/16/2010 18:18,4/6/2011 13:23
14221,9,1/4/2011 15:33,9/20/2011 12:21
14222,1,6/15/2011 16:42,6/15/2011 16:42
14223,3,3/20/2011 16:02,9/8/2011 13:38
14224,4,1/23/2011 13:58,8/21/2011 13:24
14226,5,11/10/2011 12:12,9/30/2011 11:45
14227,10,11/13/2011 15:48,9/15/2011 11:33
14229,3,1/10/2011 12:03,2/21/2011 9:45
14231,3,2/24/2011 11:55,6/9/2011 11:05
14232,5,10/28/2011 11:09,8/16/2011 12:52
14233,4,1/26/2011 12:43,5/12/2011 10:45
14234,4,10/13/2011 13:58,11/9/2011 15:42
14235,5,3/24/2011 13:23,9/25/2011 14:37
14236,2,12/2/2010 18:49,9/20/2011 9:13
14237,1,12/1/2010 13:20,12/1/2010 13:20
14238,1,1/17/2011 14:40,1/17/2011 14:40
14239,11,1/27/2011 14:45,9/6/2011 12:38
14240,2,11/9/2011 13:45,4/28/2011 11:40
14241,1,6/9/2011 11:46,6/9/2011 11:46
14242,2,1/18/2011 8:53,4/19/2011 11:46
14243,10,1/26/2011 13:33,9/5/2011 13:10
14245,2,3/21/2011 10:41,5/4/2011 8:40
14246,3,4/8/2011 8:25,8/21/2011 11:50
14247,1,3/6/2011 15:21,3/6/2011 15:21
14248,1,1/25/2011 14:45,1/25/2011 14:45
14250,3,12/2/2011 14:29,9/11/2011 13:44
14251,5,10/13/2011 12:46,12/8/2011 8:32
14256,2,12/10/2010 11:44,3/24/2011 13:17
14257,5,1/25/2011 10:49,8/8/2011 15:35
14258,9,1/6/2011 12:18,9/11/2011 10:42
14259,1,7/21/2011 10:44,7/21/2011 10:44
14261,2,10/20/2011 10:04,9/22/2011 10:47
14262,8,10/17/2011 8:56,9/16/2011 14:55
14264,2,4/8/2011 12:20,7/8/2011 10:20
14265,2,7/14/2011 9:10,8/22/2011 13:32
14267,3,3/24/2011 11:38,6/30/2011 10:09
14270,1,1/12/2011 9:33,1/12/2011 9:33
14271,1,4/28/2011 12:47,4/28/2011 12:47
14272,2,3/30/2011 13:57,9/27/2011 10:08
14273,4,10/19/2011 13:20,7/26/2011 14:56
14276,3,2/23/2011 9:38,9/2/2011 9:45
14277,3,11/18/2011 9:53,5/11/2011 13:20
14280,1,5/27/2011 10:37,5/27/2011 10:37
14282,15,11/17/2011 13:38,9/19/2011 14:55
14284,2,11/9/2011 8:11,9/14/2011 13:04
14285,4,11/18/2011 14:50,9/25/2011 11:38
14286,3,10/25/2011 8:26,4/11/2011 8:16
14287,3,12/1/2011 13:25,5/25/2011 11:44
14288,1,5/10/2011 13:22,5/10/2011 13:22
14289,6,12/1/2011 11:44,7/28/2011 10:24
14290,5,10/14/2011 14:44,9/19/2011 14:38
14291,11,10/13/2011 9:16,8/11/2011 10:55
14292,9,10/31/2011 9:50,9/12/2011 12:51
14293,4,12/6/2010 10:18,7/15/2011 15:28
14295,1,10/30/2011 15:50,10/30/2011 15:50
14297,4,10/10/2011 10:45,3/10/2011 8:31
14298,44,1/25/2011 10:56,9/28/2011 13:32
14299,9,1/13/2011 15:19,9/22/2011 12:06
14300,1,11/21/2011 8:57,11/21/2011 8:57
14301,1,8/14/2011 15:33,8/14/2011 15:33
14304,1,5/1/2011 11:50,5/1/2011 11:50
14305,3,7/27/2011 14:14,9/29/2011 15:29
14306,2,10/19/2011 13:23,9/15/2011 10:31
14307,6,1/19/2011 14:43,9/12/2011 9:38
14309,9,11/11/2011 9:46,9/7/2011 12:50
14311,1,4/11/2011 10:14,4/11/2011 10:14
14312,6,1/6/2011 16:35,9/9/2011 13:14
14314,1,8/25/2011 10:39,8/25/2011 10:39
14315,6,10/26/2011 12:06,8/2/2011 13:31
14317,1,10/6/2011 10:44,10/6/2011 10:44
14320,2,1/11/2011 9:12,5/17/2011 9:24
14321,5,1/10/2011 11:35,9/27/2011 9:24
14323,2,4/15/2011 11:44,8/17/2011 11:37
14326,1,4/11/2011 15:04,4/11/2011 15:04
14327,1,6/29/2011 13:58,6/29/2011 13:58
14329,7,1/14/2011 13:42,8/23/2011 12:18
14331,2,7/27/2011 15:14,8/7/2011 13:17
14332,3,10/4/2011 13:55,7/15/2011 10:33
14333,1,10/3/2011 10:38,10/3/2011 10:38
14334,8,1/24/2011 11:35,9/7/2011 10:55
14335,2,11/23/2011 13:41,9/4/2011 13:07
14336,4,11/23/2011 11:40,5/4/2011 15:37
14338,2,5/27/2011 13:30,7/1/2011 14:08
14339,1,4/11/2011 11:06,4/11/2011 11:06
14340,1,5/5/2011 9:44,5/5/2011 9:44
14341,8,1/25/2011 13:55,8/1/2011 14:05
14342,4,11/18/2011 13:21,7/25/2011 14:35
14344,8,12/16/2010 17:51,8/4/2011 13:51
14345,1,11/1/2011 9:51,11/1/2011 9:51
14346,2,2/15/2011 13:52,8/11/2011 9:47
14348,1,3/24/2011 16:23,3/24/2011 16:23
14349,1,11/29/2011 15:39,11/29/2011 15:39
14350,1,3/10/2011 14:14,3/10/2011 14:14
14351,1,6/28/2011 11:56,6/28/2011 11:56
14352,4,3/11/2011 14:58,7/5/2011 15:41
14353,1,5/8/2011 16:06,5/8/2011 16:06
14354,2,11/9/2011 15:36,12/4/2011 11:32
14355,1,12/9/2010 12:16,12/9/2010 12:16
14356,2,9/19/2011 14:43,9/21/2011 9:18
14357,1,10/27/2011 16:23,10/27/2011 16:23
14359,3,10/28/2011 8:58,9/13/2011 9:03
14360,4,10/3/2011 12:47,9/6/2011 11:58
14362,1,11/17/2011 15:08,11/17/2011 15:08
14364,8,5/12/2011 12:56,8/23/2011 11:01
14367,16,10/19/2011 10:31,9/25/2011 12:16
14368,1,1/24/2011 9:52,1/24/2011 9:52
14371,1,2/17/2011 16:35,2/17/2011 16:35
14373,1,12/16/2010 15:40,12/16/2010 15:40
14375,1,6/7/2011 13:44,6/7/2011 13:44
14377,2,3/22/2011 13:38,6/1/2011 13:32
14379,2,10/26/2011 16:43,2/17/2011 15:03
14381,1,10/18/2011 17:10,10/18/2011 17:10
14382,1,11/13/2011 16:18,11/13/2011 16:18
14383,3,10/6/2011 13:00,6/29/2011 10:18
14385,3,11/16/2011 11:55,11/30/2011 15:36
14386,1,2/16/2011 9:45,2/16/2011 9:45
14387,3,11/7/2011 12:29,9/26/2011 12:58
14388,8,11/29/2011 13:32,9/9/2011 13:26
14389,2,10/5/2011 15:17,6/2/2011 12:04
14390,9,10/14/2011 12:56,7/18/2011 13:35
14393,1,5/5/2011 18:16,5/5/2011 18:16
14395,9,1/9/2011 15:23,9/22/2011 12:41
14396,2,10/5/2011 16:09,12/3/2010 15:19
14397,19,10/11/2011 10:24,9/7/2011 9:37
14400,1,7/13/2011 15:50,7/13/2011 15:50
14401,13,1/28/2011 15:53,9/5/2011 11:51
14403,4,4/6/2011 14:23,8/1/2011 12:57
14404,6,1/16/2011 15:38,8/23/2011 11:16
14406,1,8/12/2011 16:54,8/12/2011 16:54
14407,6,3/8/2011 11:59,8/24/2011 14:02
14408,7,11/29/2011 11:41,9/6/2011 11:29
14409,6,1/25/2011 11:18,9/29/2011 18:18
14410,9,2/7/2011 9:36,9/8/2011 15:08
14411,1,2/2/2011 10:56,2/2/2011 10:56
14412,2,10/28/2011 10:45,9/28/2011 8:48
14413,1,12/12/2010 13:37,12/12/2010 13:37
14414,7,12/16/2010 11:11,9/9/2011 12:09
14415,13,1/18/2011 15:37,9/2/2011 15:56
14416,2,10/28/2011 15:10,11/17/2011 15:22
14418,3,11/14/2011 13:55,8/23/2011 17:18
14419,6,10/10/2011 11:30,9/27/2011 11:27
14420,1,9/1/2011 18:07,9/1/2011 18:07
14421,2,10/13/2011 13:24,5/12/2011 10:49
14422,6,10/17/2011 15:18,9/30/2011 10:48
14423,1,5/5/2011 15:12,5/5/2011 15:12
14424,1,11/22/2011 11:48,11/22/2011 11:48
14426,10,1/31/2011 9:51,7/22/2011 11:56
14427,2,10/20/2011 14:23,10/7/2011 9:10
14428,5,1/18/2011 16:39,9/21/2011 14:50
14431,1,2/10/2011 10:40,2/10/2011 10:40
14432,6,10/2/2011 15:49,9/11/2011 14:09
14434,6,10/10/2011 15:45,9/28/2011 15:31
14436,1,9/2/2011 10:13,9/2/2011 10:13
14437,1,12/9/2010 9:27,12/9/2010 9:27
14438,1,2/6/2011 14:56,2/6/2011 14:56
14439,1,1/24/2011 11:39,1/24/2011 11:39
14440,5,1/27/2011 10:30,9/28/2011 12:46
14441,4,10/27/2011 14:27,9/6/2011 9:45
14442,2,1/27/2011 9:33,5/19/2011 11:36
14443,4,10/17/2011 10:10,7/24/2011 11:40
14446,4,11/11/2011 12:02,9/20/2011 12:35
14447,5,10/20/2011 11:58,5/27/2011 14:29
14448,2,11/30/2011 13:50,12/10/2010 17:26
14449,4,10/6/2011 13:29,4/7/2011 12:16
14450,3,1/23/2011 11:53,6/12/2011 10:46
14451,2,10/10/2011 13:38,5/29/2011 12:35
14452,2,11/29/2011 12:06,9/7/2011 11:32
14453,1,6/2/2011 14:15,6/2/2011 14:15
14456,9,10/30/2011 12:53,9/27/2011 12:52
14457,1,2/2/2011 9:39,2/2/2011 9:39
14459,1,7/7/2011 13:35,7/7/2011 13:35
14460,3,2/2/2011 11:55,8/21/2011 14:19
14461,3,3/23/2011 12:15,7/14/2011 17:11
14462,11,1/4/2011 12:45,9/16/2011 17:05
14463,3,5/18/2011 14:42,9/2/2011 15:20
14465,3,2/10/2011 12:13,4/7/2011 12:38
14466,7,11/10/2011 14:07,9/27/2011 12:44
14467,4,1/31/2011 12:35,11/22/2011 12:48
14470,2,11/28/2011 10:31,2/25/2011 11:56
14472,8,1/9/2011 11:34,8/28/2011 11:01
14473,2,3/2/2011 13:56,9/26/2011 15:10
14474,1,10/24/2011 13:26,10/24/2011 13:26
14475,3,2/8/2011 10:12,9/29/2011 10:46
14476,1,3/27/2011 15:39,3/27/2011 15:39
14477,4,10/20/2011 12:21,6/8/2011 13:33
14479,2,12/9/2010 12:59,3/31/2011 9:07
14480,1,11/28/2011 16:35,11/28/2011 16:35
14481,2,2/25/2011 13:53,6/28/2011 10:38
14482,6,10/25/2011 16:13,9/1/2011 16:44
14483,1,3/3/2011 10:26,3/3/2011 10:26
14484,1,10/20/2011 14:11,10/20/2011 14:11
14485,1,11/1/2011 12:25,11/1/2011 12:25
14487,6,10/30/2011 12:27,9/18/2011 12:40
14488,1,10/3/2011 9:30,10/3/2011 9:30
14489,1,5/16/2011 14:51,5/16/2011 14:51
14491,2,12/2/2010 12:10,6/17/2011 15:22
14493,5,10/24/2011 10:27,7/7/2011 16:59
14494,1,11/14/2011 9:21,11/14/2011 9:21
14495,2,10/20/2011 12:28,8/10/2011 14:13
14496,2,12/1/2010 15:35,2/1/2011 9:01
14497,1,2/3/2011 17:01,2/3/2011 17:01
14498,5,10/28/2011 12:09,8/15/2011 14:10
14499,3,11/13/2011 13:01,7/29/2011 11:49
14500,3,6/3/2011 10:08,9/12/2011 16:45
14501,2,1/24/2011 10:43,6/9/2011 12:02
14502,11,1/30/2011 15:52,7/13/2011 13:14
14503,6,11/20/2011 11:28,9/30/2011 14:59
14504,4,10/23/2011 16:00,4/10/2011 16:01
14505,8,1/6/2011 16:03,8/22/2011 14:38
14506,5,10/4/2011 14:42,6/30/2011 19:27
14507,6,10/30/2011 13:18,8/30/2011 15:16
14508,2,11/17/2011 19:48,9/11/2011 11:29
14511,5,10/5/2011 9:42,9/8/2011 13:26
14512,2,4/21/2011 19:05,6/5/2011 12:39
14513,3,2/24/2011 9:36,8/31/2011 11:25
14514,3,1/12/2011 15:22,5/22/2011 15:12
14515,6,10/4/2011 12:38,6/1/2011 12:54
14517,2,11/6/2011 14:20,7/21/2011 11:42
14518,1,10/6/2011 14:43,10/6/2011 14:43
14520,2,12/8/2011 9:46,2/22/2011 9:15
14522,4,11/15/2011 13:24,9/8/2011 15:39
14523,1,8/23/2011 13:13,8/23/2011 13:13
14524,9,11/8/2011 12:29,9/29/2011 12:39
14525,9,1/17/2011 13:21,8/31/2011 14:28
14527,55,1/10/2011 12:36,9/29/2011 12:23
14528,1,11/2/2011 17:09,11/2/2011 17:09
14529,3,10/10/2011 15:27,9/23/2011 13:48
14530,6,11/14/2011 10:38,9/7/2011 12:55
14532,4,1/30/2011 10:27,4/17/2011 13:05
14533,7,10/10/2011 17:13,9/11/2011 15:35
14534,18,1/25/2011 12:33,9/5/2011 12:20
14535,3,10/10/2011 15:39,8/4/2011 15:04
14536,1,3/25/2011 12:21,3/25/2011 12:21
14537,1,10/13/2011 10:54,10/13/2011 10:54
14538,2,10/6/2011 10:31,3/28/2011 14:57
14539,2,10/26/2011 12:03,11/24/2011 9:50
14540,3,11/30/2011 10:15,9/25/2011 12:34
14541,8,1/24/2011 14:16,6/24/2011 10:31
14542,1,6/7/2011 8:19,6/7/2011 8:19
14543,16,1/25/2011 11:41,9/27/2011 10:26
14544,2,11/15/2011 15:06,12/13/2010 12:50
14546,5,10/30/2011 11:47,9/23/2011 13:11
14547,8,10/16/2011 14:35,12/6/2011 11:06
14548,2,1/26/2011 8:38,7/12/2011 12:19
14549,1,2/1/2011 13:47,2/1/2011 13:47
14550,2,10/26/2011 12:14,11/29/2011 12:12
14551,2,11/21/2011 13:36,5/19/2011 18:21
14552,1,7/11/2011 12:49,7/11/2011 12:49
14553,5,1/4/2011 15:40,5/5/2011 11:08
14554,4,10/18/2011 13:04,11/29/2011 16:44
14555,2,10/13/2011 16:24,2/10/2011 17:19
14557,1,9/15/2011 15:48,9/15/2011 15:48
14560,22,1/27/2011 12:13,9/6/2011 10:27
14561,3,6/30/2011 13:43,9/25/2011 12:39
14562,18,10/16/2011 14:07,9/8/2011 19:58
14565,4,12/13/2010 13:25,9/5/2011 9:07
14566,1,8/21/2011 11:05,8/21/2011 11:05
14567,2,10/14/2011 10:21,8/1/2011 13:48
14569,1,12/8/2011 14:58,12/8/2011 14:58
14570,2,3/4/2011 10:39,3/4/2011 10:58
14572,7,1/19/2011 17:23,8/21/2011 13:46
14573,9,12/2/2010 19:59,6/13/2011 11:15
14576,1,12/2/2010 17:51,12/2/2010 17:51
14577,4,11/27/2011 12:47,6/29/2011 11:46
14578,1,12/6/2011 17:18,12/6/2011 17:18
14581,1,11/23/2011 12:39,11/23/2011 12:39
14582,1,10/30/2011 11:56,10/30/2011 11:56
14583,5,12/4/2011 12:32,7/18/2011 12:53
14584,4,5/25/2011 17:31,6/9/2011 20:03
14585,1,10/20/2011 14:33,10/20/2011 14:33
14586,1,3/8/2011 10:04,3/8/2011 10:04
14587,9,1/12/2011 13:16,6/8/2011 14:09
14589,1,12/3/2010 11:42,12/3/2010 11:42
14591,4,11/24/2011 13:53,5/10/2011 14:09
14592,3,10/14/2011 14:58,11/4/2011 16:35
14593,3,11/18/2011 12:48,5/25/2011 11:21
14594,2,12/1/2010 13:54,12/2/2011 13:28
14595,6,1/30/2011 13:36,9/15/2011 13:13
14597,2,11/28/2011 13:13,6/1/2011 12:33
14598,1,10/26/2011 13:19,10/26/2011 13:19
14600,1,2/7/2011 9:48,2/7/2011 9:48
14601,1,11/29/2011 9:48,11/29/2011 9:48
14603,1,3/10/2011 10:27,3/10/2011 10:27
14606,93,1/12/2011 13:19,9/7/2011 12:41
14607,14,10/24/2011 10:30,3/23/2011 15:22
14608,4,11/10/2011 18:37,9/15/2011 11:46
14609,4,2/16/2011 12:10,9/28/2011 12:54
14616,3,1/26/2011 12:42,4/11/2011 9:54
14618,3,1/6/2011 11:59,11/30/2011 13:45
14619,1,4/8/2011 7:37,4/8/2011 7:37
14620,2,3/1/2011 8:30,5/18/2011 11:58
14621,5,11/9/2011 15:02,7/6/2011 12:31
14622,1,6/8/2011 12:42,6/8/2011 12:42
14623,5,10/27/2011 9:27,8/15/2011 13:51
14624,2,10/11/2011 14:39,10/13/2011 13:44
14625,2,12/13/2010 15:36,5/27/2011 15:32
14626,4,10/6/2011 10:52,8/9/2011 10:20
14628,2,4/11/2011 14:43,9/9/2011 14:58
14629,2,10/23/2011 16:13,12/5/2011 16:55
14631,3,10/20/2011 11:17,4/18/2011 16:49
14632,1,3/22/2011 8:49,3/22/2011 8:49
14633,1,3/18/2011 17:07,3/18/2011 17:07
14636,2,11/3/2011 16:12,3/16/2011 9:52
14638,1,10/20/2011 10:10,10/20/2011 10:10
14639,6,10/18/2011 15:05,8/11/2011 13:41
14640,6,10/11/2011 15:10,8/4/2011 11:38
14641,1,11/18/2011 10:42,11/18/2011 10:42
14642,1,10/12/2011 11:08,10/12/2011 11:08
14643,2,12/16/2010 17:53,6/22/2011 14:41
14644,2,10/3/2011 8:30,2/14/2011 14:14
14645,2,3/9/2011 9:52,7/6/2011 9:15
14646,74,1/14/2011 12:24,9/8/2011 11:28
14647,1,5/22/2011 13:40,5/22/2011 13:40
14649,4,12/5/2011 12:30,9/28/2011 15:42
14651,2,10/3/2011 15:52,5/12/2011 16:29
14652,1,9/23/2011 14:21,9/23/2011 14:21
14653,7,1/5/2011 13:40,12/8/2011 13:45
14655,4,11/17/2011 10:24,9/30/2011 8:14
14656,2,3/1/2011 13:19,6/23/2011 13:51
14657,4,1/17/2011 15:19,7/7/2011 19:54
14658,2,12/4/2011 15:35,8/14/2011 15:42
14659,9,1/28/2011 12:43,9/22/2011 12:45
14660,2,8/31/2011 10:40,9/14/2011 11:34
14661,1,11/13/2011 11:51,11/13/2011 11:51
14662,4,1/27/2011 17:41,4/19/2011 12:26
14664,2,11/20/2011 10:59,11/6/2011 14:56
14665,5,10/10/2011 9:14,9/11/2011 11:26
14666,1,11/15/2011 12:57,11/15/2011 12:57
14667,25,1/17/2011 13:25,9/6/2011 12:30
14669,3,1/11/2011 12:30,4/12/2011 11:43
14670,2,3/4/2011 13:58,3/4/2011 14:13
14672,2,1/7/2011 15:48,4/19/2011 10:19
14673,5,11/16/2011 17:10,12/7/2010 12:49
14675,1,11/23/2011 12:58,11/23/2011 12:58
14676,6,11/8/2011 13:29,9/22/2011 9:52
14680,16,1/25/2011 12:31,9/5/2011 15:49
14681,3,5/12/2011 10:45,9/29/2011 15:52
14682,2,5/22/2011 12:51,6/5/2011 12:12
14684,5,10/30/2011 13:37,9/19/2011 11:04
14687,1,8/25/2011 11:59,8/25/2011 11:59
14688,21,1/18/2011 9:44,9/8/2011 12:16
14689,1,5/15/2011 11:22,5/15/2011 11:22
14690,2,10/26/2011 15:39,7/11/2011 11:58
14691,5,11/9/2011 12:30,9/4/2011 11:17
14692,4,1/21/2011 13:47,7/25/2011 15:08
14693,1,3/20/2011 12:50,3/20/2011 12:50
14696,7,1/18/2011 12:09,9/29/2011 15:04
14697,2,5/5/2011 15:29,5/5/2011 15:39
14698,5,10/19/2011 12:54,12/8/2011 12:26
14699,1,5/9/2011 14:54,5/9/2011 14:54
14700,3,11/7/2011 14:40,6/3/2011 11:59
14701,9,1/27/2011 12:40,6/20/2011 11:36
14702,17,1/27/2011 19:33,9/22/2011 19:33
14703,1,11/25/2011 9:23,11/25/2011 9:23
14704,9,10/19/2011 13:58,9/19/2011 13:27
14705,1,5/25/2011 12:39,5/25/2011 12:39
14708,3,12/6/2010 12:23,7/8/2011 16:08
14709,13,1/27/2011 12:19,9/7/2011 12:21
14710,4,10/11/2011 13:49,11/25/2011 14:53
14711,11,11/15/2011 13:19,9/9/2011 13:42
14712,3,11/10/2011 12:59,9/25/2011 14:58
14713,11,1/20/2011 19:16,9/1/2011 19:11
14714,1,11/15/2011 13:07,11/15/2011 13:07
14715,4,1/12/2011 13:27,9/6/2011 12:02
14716,2,10/27/2011 17:29,7/14/2011 12:42
14719,5,10/10/2011 12:34,6/13/2011 12:52
14720,3,12/4/2011 12:02,9/11/2011 13:56
14722,1,7/15/2011 14:58,7/15/2011 14:58
14723,6,10/30/2011 15:13,12/3/2010 14:26
14725,1,11/15/2011 12:42,11/15/2011 12:42
14727,1,3/10/2011 14:45,3/10/2011 14:45
14729,1,12/1/2010 12:43,12/1/2010 12:43
14730,8,10/5/2011 13:47,8/24/2011 13:07
14731,3,10/23/2011 15:54,5/18/2011 11:02
14732,8,1/4/2011 14:40,9/12/2011 15:29
14733,12,1/11/2011 14:50,8/21/2011 11:57
14735,32,1/20/2011 13:01,9/19/2011 11:33
14737,3,12/21/2010 13:49,8/3/2011 10:04
14738,7,1/27/2011 14:10,7/29/2011 10:34
14739,7,1/5/2011 13:29,9/6/2011 14:09
14740,3,3/1/2011 8:35,5/26/2011 18:17
14741,6,10/16/2011 16:12,8/18/2011 13:16
14744,7,1/24/2011 9:28,2/15/2011 11:33
14745,5,2/27/2011 15:25,8/19/2011 10:05
14747,1,4/4/2011 14:09,4/4/2011 14:09
14748,5,11/10/2011 18:33,8/8/2011 12:28
14752,1,10/27/2011 11:55,10/27/2011 11:55
14753,1,9/13/2011 14:50,9/13/2011 14:50
14754,2,10/26/2011 12:01,2/17/2011 12:21
14755,11,1/9/2011 14:02,9/27/2011 12:08
14756,1,11/24/2011 18:13,11/24/2011 18:13
14757,1,9/25/2011 14:36,9/25/2011 14:36
14758,4,3/25/2011 12:10,7/18/2011 8:21
14759,3,12/5/2011 12:03,8/19/2011 8:57
14760,1,2/15/2011 16:27,2/15/2011 16:27
14761,2,1/9/2011 12:03,10/12/2011 12:10
14762,1,3/21/2011 8:20,3/21/2011 8:20
14764,1,10/24/2011 11:54,10/24/2011 11:54
14765,3,11/10/2011 19:53,8/19/2011 15:06
14766,6,12/1/2011 16:05,9/20/2011 9:45
14768,2,11/22/2011 12:54,8/4/2011 13:25
14769,8,1/19/2011 10:56,9/18/2011 15:33
14770,2,1/20/2011 15:00,4/21/2011 14:21
14772,1,8/19/2011 15:04,8/19/2011 15:04
14775,3,10/12/2011 15:27,7/25/2011 12:12
14776,11,1/31/2011 13:17,8/26/2011 14:23
14778,2,2/4/2011 11:43,8/4/2011 15:23
14779,3,1/20/2011 12:04,3/4/2011 12:42
14780,2,10/16/2011 12:46,9/21/2011 15:15
14782,1,1/24/2011 11:12,1/24/2011 11:12
14784,2,1/20/2011 9:25,11/13/2011 13:30
14785,2,11/24/2011 13:40,11/29/2011 13:21
14788,2,11/13/2011 15:52,12/2/2011 17:06
14789,1,11/11/2011 8:59,11/11/2011 8:59
14790,4,11/11/2011 12:11,8/12/2011 12:15
14792,1,10/7/2011 9:19,10/7/2011 9:19
14793,1,11/18/2011 14:50,11/18/2011 14:50
14794,7,1/9/2011 16:11,5/20/2011 11:53
14795,1,6/26/2011 13:04,6/26/2011 13:04
14796,17,1/24/2011 9:52,9/6/2011 10:42
14798,3,10/18/2011 10:58,7/18/2011 14:40
14799,1,10/19/2011 16:16,10/19/2011 16:16
14800,12,1/9/2011 11:27,9/25/2011 12:45
14801,1,10/9/2011 15:24,10/9/2011 15:24
14803,3,2/20/2011 13:21,6/30/2011 13:58
14804,1,12/1/2011 11:20,12/1/2011 11:20
14805,4,1/30/2011 10:43,11/24/2011 16:20
14806,1,9/25/2011 15:32,9/25/2011 15:32
14808,8,10/31/2011 12:21,9/26/2011 11:19
14810,11,1/9/2011 11:20,8/28/2011 11:02
14813,2,12/5/2010 11:54,12/5/2010 11:57
14815,2,10/3/2011 11:36,11/3/2011 11:36
14816,1,5/26/2011 13:16,5/26/2011 13:16
14817,2,3/7/2011 13:51,5/23/2011 13:35
14818,3,3/31/2011 12:28,9/27/2011 11:01
14819,2,10/6/2011 13:41,5/31/2011 13:50
14820,4,11/18/2011 15:41,9/25/2011 13:24
14821,1,12/8/2010 8:43,12/8/2010 8:43
14823,3,5/29/2011 12:48,6/12/2011 13:12
14824,4,11/29/2011 14:20,9/9/2011 14:12
14825,12,10/7/2011 15:38,9/11/2011 14:49
14828,3,1/7/2011 9:50,5/27/2011 10:16
14829,4,11/10/2011 16:16,6/8/2011 14:29
14830,1,10/17/2011 14:29,10/17/2011 14:29
14834,6,10/12/2011 13:30,9/29/2011 10:49
14836,3,11/11/2011 16:05,11/9/2011 13:26
14837,4,5/22/2011 12:49,9/11/2011 10:58
14840,1,3/17/2011 12:00,3/17/2011 12:00
14841,6,10/11/2011 9:41,6/13/2011 14:55
14842,4,10/27/2011 12:37,9/5/2011 14:30
14844,4,10/7/2011 10:41,8/8/2011 13:34
14847,1,7/14/2011 10:52,7/14/2011 10:52
14849,25,1/25/2011 12:35,9/5/2011 14:57
14850,1,2/1/2011 11:21,2/1/2011 11:21
14851,2,11/16/2011 14:20,3/28/2011 14:59
14852,6,10/12/2011 13:20,9/4/2011 13:56
14853,2,11/15/2011 16:56,5/12/2011 15:17
14854,7,3/10/2011 12:22,9/22/2011 17:00
14855,2,7/28/2011 12:06,8/12/2011 14:02
14856,3,10/14/2011 9:35,11/3/2011 14:53
14857,2,10/11/2011 9:23,7/14/2011 15:03
14859,4,11/27/2011 11:15,9/20/2011 13:19
14860,1,11/20/2011 14:17,11/20/2011 14:17
14861,1,10/18/2011 12:54,10/18/2011 12:54
14862,2,11/14/2011 10:01,7/14/2011 11:20
14863,1,11/10/2011 15:04,11/10/2011 15:04
14865,2,12/2/2010 18:23,12/2/2011 16:25
14866,12,10/11/2011 14:18,9/20/2011 10:27
14867,3,1/7/2011 16:34,6/7/2011 11:39
14868,8,11/18/2011 14:40,9/29/2011 10:45
14869,2,12/1/2011 12:36,8/28/2011 16:09
14870,1,3/23/2011 10:51,3/23/2011 10:51
14871,4,12/14/2010 12:18,6/14/2011 13:04
14873,1,5/13/2011 13:52,5/13/2011 13:52
14875,2,3/22/2011 11:53,8/24/2011 12:20
14878,9,11/27/2011 11:15,9/18/2011 12:24
14880,3,2/24/2011 12:27,9/23/2011 13:42
14881,1,11/20/2011 11:06,11/20/2011 11:06
14882,2,11/13/2011 12:47,11/6/2011 10:15
14883,6,10/31/2011 11:33,9/27/2011 14:58
14885,1,7/31/2011 12:05,7/31/2011 12:05
14886,1,4/1/2011 8:56,4/1/2011 8:56
14887,1,9/21/2011 15:32,9/21/2011 15:32
14888,1,5/16/2011 14:58,5/16/2011 14:58
14889,1,1/7/2011 15:19,1/7/2011 15:19
14890,1,3/31/2011 11:57,3/31/2011 11:57
14891,2,6/5/2011 10:58,7/14/2011 18:08
14893,2,11/28/2011 10:49,11/30/2011 12:31
14894,1,9/15/2011 13:51,9/15/2011 13:51
14895,20,10/24/2011 14:29,9/9/2011 15:11
14896,2,12/9/2010 12:24,5/19/2011 10:20
14897,4,10/18/2011 9:54,9/12/2011 16:06
14898,6,1/17/2011 13:59,7/28/2011 14:03
14901,9,11/28/2011 17:09,9/27/2011 11:05
14902,1,11/14/2011 10:34,11/14/2011 10:34
14903,5,11/18/2011 16:07,8/7/2011 12:42
14904,2,11/14/2011 9:13,12/7/2011 12:55
14905,2,4/20/2011 10:48,7/5/2011 12:41
14907,7,11/11/2011 13:25,9/1/2011 16:41
14908,1,9/26/2011 12:56,9/26/2011 12:56
14910,4,10/16/2011 11:06,12/7/2011 10:06
14911,201,1/18/2011 10:22,9/7/2011 14:13
14912,2,11/23/2011 9:20,4/7/2011 11:06
14913,4,11/4/2011 8:29,6/9/2011 14:14
14915,2,3/7/2011 9:39,9/9/2011 13:34
14916,4,1/19/2011 15:30,9/7/2011 10:07
14918,2,7/8/2011 12:50,8/16/2011 11:50
14920,2,5/11/2011 10:31,5/11/2011 10:32
14921,2,11/9/2011 13:17,5/22/2011 12:51
14923,1,10/20/2011 11:51,10/20/2011 11:51
14924,1,4/8/2011 9:25,4/8/2011 9:25
14929,1,11/7/2011 17:21,11/7/2011 17:21
14930,3,3/10/2011 14:42,8/23/2011 10:31
14931,5,11/17/2011 9:25,9/26/2011 12:11
14932,1,12/9/2010 11:48,12/9/2010 11:48
14934,2,3/2/2011 11:48,9/19/2011 10:10
14935,1,2/15/2011 14:44,2/15/2011 14:44
14936,8,10/5/2011 8:50,8/23/2011 12:30
14937,3,10/14/2011 12:28,8/1/2011 14:16
14944,12,11/10/2011 9:09,9/6/2011 9:23
14946,1,11/25/2011 13:33,11/25/2011 13:33
14947,2,8/1/2011 9:31,9/28/2011 15:48
14948,6,11/16/2011 17:16,9/29/2011 13:56
14950,1,11/20/2011 13:48,11/20/2011 13:48
14951,1,9/21/2011 15:15,9/21/2011 15:15
14952,11,10/11/2011 10:31,9/29/2011 8:28
14953,1,11/14/2011 14:59,11/14/2011 14:59
14954,1,11/27/2011 14:30,11/27/2011 14:30
14957,1,3/31/2011 17:59,3/31/2011 17:59
14958,3,4/8/2011 11:28,7/15/2011 14:20
14959,4,10/6/2011 18:23,8/22/2011 9:28
14960,2,12/1/2011 12:54,6/21/2011 13:38
14961,9,11/29/2011 9:42,9/9/2011 13:37
14962,1,3/14/2011 9:42,3/14/2011 9:42
14963,5,10/13/2011 11:57,6/9/2011 12:30
14964,1,4/6/2011 14:13,4/6/2011 14:13
14965,2,9/4/2011 13:15,9/4/2011 13:20
14966,1,11/25/2011 12:20,11/25/2011 12:20
14967,1,10/21/2011 11:06,10/21/2011 11:06
14968,1,11/9/2011 13:58,11/9/2011 13:58
14970,4,1/27/2011 12:23,7/25/2011 14:45
14971,3,10/27/2011 13:33,11/4/2011 17:07
14972,1,8/3/2011 14:54,8/3/2011 14:54
14973,3,4/28/2011 12:22,8/24/2011 15:51
14974,1,11/2/2011 13:01,11/2/2011 13:01
14975,1,10/13/2011 14:08,10/13/2011 14:08
14976,7,1/17/2011 11:09,8/30/2011 17:23
14978,5,1/13/2011 12:03,9/28/2011 13:07
14981,1,4/7/2011 13:45,4/7/2011 13:45
14984,2,11/20/2011 14:28,6/12/2011 11:04
14985,2,12/16/2010 19:51,5/25/2011 14:29
14987,2,11/24/2011 9:59,12/9/2010 12:13
14988,1,5/12/2011 12:05,5/12/2011 12:05
14995,2,11/1/2011 11:39,3/4/2011 13:14
14997,3,10/24/2011 13:28,9/12/2011 13:34
14998,2,4/12/2011 16:28,6/22/2011 17:30
15000,1,10/23/2011 11:42,10/23/2011 11:42
15002,4,1/5/2011 10:51,8/16/2011 10:44
15004,1,7/15/2011 14:05,7/15/2011 14:05
15005,28,1/9/2011 14:12,9/5/2011 11:18
15006,1,10/19/2011 15:08,10/19/2011 15:08
15007,1,7/3/2011 16:00,7/3/2011 16:00
15009,3,11/14/2011 17:40,11/27/2011 13:35
15010,1,11/4/2011 12:42,11/4/2011 12:42
15012,2,10/17/2011 12:22,12/1/2010 12:49
15014,2,10/27/2011 20:07,6/16/2011 19:40
15016,1,6/20/2011 12:06,6/20/2011 12:06
15017,1,11/6/2011 10:33,11/6/2011 10:33
15018,3,11/1/2011 12:47,4/1/2011 9:56
15019,1,3/18/2011 12:35,3/18/2011 12:35
15021,9,11/13/2011 12:23,9/14/2011 13:12
15022,4,10/23/2011 15:47,11/28/2011 12:35
15023,11,1/18/2011 13:38,8/15/2011 15:06
15024,10,10/11/2011 12:27,8/2/2011 13:09
15025,1,11/6/2011 15:20,11/6/2011 15:20
15026,3,3/7/2011 13:45,9/20/2011 13:52
15027,4,11/9/2011 10:16,6/24/2011 14:33
15028,4,10/28/2011 11:33,12/6/2010 12:47
15030,2,3/16/2011 15:34,9/29/2011 10:50
15031,4,11/9/2011 17:44,8/21/2011 15:35
15032,3,12/8/2010 12:57,3/28/2011 15:03
15033,10,1/14/2011 13:28,8/8/2011 16:18
15034,8,1/5/2011 15:57,9/30/2011 13:40
15035,1,9/11/2011 11:08,9/11/2011 11:08
15036,3,6/13/2011 12:19,9/28/2011 15:42
15038,6,10/12/2011 11:33,6/5/2011 11:14
15039,47,1/10/2011 11:22,9/9/2011 11:15
15041,1,6/22/2011 16:16,6/22/2011 16:16
15042,1,5/24/2011 16:25,5/24/2011 16:25
15043,1,11/8/2011 14:26,11/8/2011 14:26
15044,17,1/10/2011 15:18,9/25/2011 11:34
15045,2,3/27/2011 11:44,7/11/2011 11:33
15046,15,1/16/2011 13:25,9/4/2011 11:54
15047,1,3/15/2011 10:49,3/15/2011 10:49
15048,4,10/5/2011 14:55,8/15/2011 10:02
15049,1,3/11/2011 12:13,3/11/2011 12:13
15050,3,11/14/2011 16:17,9/29/2011 13:45
15051,3,10/21/2011 14:01,7/12/2011 15:29
15052,1,1/24/2011 15:52,1/24/2011 15:52
15053,3,12/5/2011 12:08,7/6/2011 13:06
15054,2,10/30/2011 14:33,11/27/2011 15:02
15057,2,1/28/2011 9:09,3/9/2011 15:17
15058,11,1/31/2011 15:35,9/19/2011 13:02
15059,9,1/23/2011 11:48,8/24/2011 13:22
15060,4,11/30/2011 14:03,12/1/2011 13:47
15061,48,1/10/2011 14:58,9/27/2011 14:07
15062,4,12/15/2010 15:37,9/29/2011 16:51
15063,1,5/10/2011 13:25,5/10/2011 13:25
15065,4,11/2/2011 9:45,6/28/2011 11:44
15066,1,10/17/2011 13:25,10/17/2011 13:25
15067,3,3/2/2011 12:10,9/22/2011 13:20
15068,2,10/24/2011 14:47,3/28/2011 14:27
15069,1,6/13/2011 14:16,6/13/2011 14:16
15070,1,12/2/2010 11:23,12/2/2010 11:23
15071,2,3/9/2011 10:19,9/7/2011 11:43
15073,3,11/30/2011 10:44,6/7/2011 12:00
15074,1,8/26/2011 14:45,8/26/2011 14:45
15075,1,9/23/2011 12:27,9/23/2011 12:27
15076,1,6/20/2011 8:23,6/20/2011 8:23
15078,32,1/24/2011 14:44,9/26/2011 13:45
15079,4,1/28/2011 13:54,5/11/2011 12:45
15081,5,10/5/2011 11:16,9/14/2011 12:29
15083,1,3/28/2011 12:18,3/28/2011 12:18
15087,1,3/3/2011 10:34,3/3/2011 10:34
15088,2,10/3/2011 14:05,11/18/2011 13:14
15089,6,10/26/2011 11:19,9/6/2011 16:02
15090,1,2/4/2011 14:03,2/4/2011 14:03
15091,1,10/3/2011 12:47,10/3/2011 12:47
15092,2,3/1/2011 12:24,5/8/2011 14:10
15093,6,1/5/2011 13:37,8/15/2011 9:59
15095,4,5/20/2011 14:27,8/28/2011 12:01
15096,1,10/28/2011 10:27,10/28/2011 10:27
15097,1,12/5/2011 14:03,12/5/2011 14:03
15098,3,6/10/2011 15:22,6/10/2011 15:33
15099,1,9/16/2011 13:13,9/16/2011 13:13
15100,3,1/10/2011 10:35,12/8/2010 12:09
15101,2,12/1/2011 10:18,12/15/2010 12:54
15103,2,11/8/2011 14:53,9/14/2011 13:54
15104,2,3/2/2011 14:16,5/27/2011 12:29
15105,7,10/3/2011 15:32,9/14/2011 11:42
15106,5,10/5/2011 14:14,7/21/2011 17:02
15107,6,1/11/2011 12:05,2/1/2011 14:46
15108,4,4/26/2011 10:54,7/21/2011 10:24
15109,1,4/8/2011 9:58,4/8/2011 9:58
15110,4,1/25/2011 11:41,8/5/2011 9:25
15111,3,10/4/2011 8:56,12/2/2010 11:45
15113,3,10/16/2011 15:27,11/30/2011 8:23
15114,10,11/9/2011 15:05,9/7/2011 13:30
15115,1,11/21/2011 14:59,11/21/2011 14:59
15116,4,10/13/2011 12:17,7/28/2011 9:48
15117,5,10/20/2011 15:38,8/11/2011 11:51
15118,1,7/28/2011 14:54,7/28/2011 14:54
15119,1,4/8/2011 9:08,4/8/2011 9:08
15120,1,7/29/2011 9:48,7/29/2011 9:48
15121,2,10/20/2011 14:51,2/24/2011 12:41
15122,3,2/15/2011 9:59,8/17/2011 16:48
15123,2,12/2/2011 13:12,5/17/2011 14:57
15124,2,11/17/2011 10:09,6/1/2011 9:06
15125,15,10/10/2011 10:07,8/18/2011 17:50
15127,1,10/5/2011 10:30,10/5/2011 10:30
15128,4,10/10/2011 13:54,8/5/2011 10:31
15129,11,10/20/2011 14:40,8/5/2011 12:25
15130,1,6/23/2011 10:15,6/23/2011 10:15
15132,5,10/14/2011 14:00,8/26/2011 11:47
15133,3,2/11/2011 10:38,8/4/2011 10:44
15134,8,10/25/2011 13:03,9/28/2011 12:33
15135,1,4/14/2011 19:16,4/14/2011 19:16
15136,4,11/17/2011 16:35,9/4/2011 16:05
15139,2,1/7/2011 12:44,4/14/2011 11:39
15140,7,10/18/2011 14:07,9/21/2011 12:25
15142,1,10/24/2011 12:51,10/24/2011 12:51
15143,1,4/28/2011 12:03,4/28/2011 12:03
15144,17,1/31/2011 13:17,9/8/2011 12:20
15145,4,10/27/2011 12:33,4/5/2011 15:20
15146,2,2/21/2011 13:07,6/28/2011 12:09
15147,1,4/13/2011 15:57,4/13/2011 15:57
15148,1,11/29/2011 8:21,11/29/2011 8:21
15149,1,7/29/2011 10:58,7/29/2011 10:58
15150,10,11/22/2011 12:52,9/27/2011 11:06
15152,13,10/10/2011 9:53,9/16/2011 9:21
15153,1,11/8/2011 17:09,11/8/2011 17:09
15154,1,9/25/2011 16:05,9/25/2011 16:05
15156,3,11/6/2011 12:41,12/8/2011 18:22
15157,3,12/16/2010 13:44,7/8/2011 13:26
15158,1,10/25/2011 13:53,10/25/2011 13:53
15159,30,1/14/2011 12:29,9/11/2011 10:58
15160,1,12/17/2010 14:15,12/17/2010 14:15
15163,2,11/21/2011 13:10,5/31/2011 15:22
15164,3,1/4/2011 14:21,5/15/2011 13:14
15165,1,12/1/2010 14:03,12/1/2010 14:03
15167,1,1/23/2011 12:41,1/23/2011 12:41
15168,1,11/14/2011 11:26,11/14/2011 11:26
15171,1,1/12/2011 15:36,1/12/2011 15:36
15172,5,12/1/2011 11:51,9/30/2011 13:15
15174,1,1/21/2011 9:06,1/21/2011 9:06
15175,1,9/29/2011 11:31,9/29/2011 11:31
15178,1,3/24/2011 15:12,3/24/2011 15:12
15179,5,1/24/2011 13:48,4/20/2011 9:03
15180,1,12/7/2010 14:57,12/7/2010 14:57
15181,3,10/4/2011 13:58,6/17/2011 13:57
15182,2,3/16/2011 12:42,7/8/2011 13:37
15184,2,11/10/2011 13:41,6/2/2011 12:06
15185,1,9/30/2011 14:06,9/30/2011 14:06
15186,2,11/25/2011 14:58,6/24/2011 14:54
15187,16,10/20/2011 17:00,9/9/2011 10:05
15189,41,1/11/2011 12:29,9/9/2011 14:18
15192,3,12/9/2010 14:56,8/12/2011 11:41
15193,1,10/10/2011 8:23,10/10/2011 8:23
15194,15,1/31/2011 15:17,9/22/2011 18:10
15195,1,12/7/2011 12:20,12/7/2011 12:20
15197,3,11/29/2011 10:00,4/1/2011 11:50
15198,2,8/7/2011 15:16,9/8/2011 14:42
15199,4,10/11/2011 15:12,9/6/2011 10:12
15201,5,4/6/2011 14:02,9/13/2011 14:53
15203,6,11/14/2011 8:16,9/21/2011 12:28
15204,1,12/17/2010 13:49,12/17/2010 13:49
15205,2,8/4/2011 16:07,9/15/2011 19:36
15206,4,11/29/2011 13:41,9/1/2011 11:41
15208,5,10/7/2011 14:43,6/29/2011 13:51
15210,1,4/28/2011 16:11,4/28/2011 16:11
15211,2,10/10/2011 13:31,12/9/2010 16:08
15212,1,4/12/2011 13:45,4/12/2011 13:45
15213,2,1/14/2011 11:05,1/25/2011 12:21
15214,8,10/7/2011 9:56,9/25/2011 16:06
15215,3,10/24/2011 11:40,9/4/2011 12:24
15216,1,9/13/2011 11:41,9/13/2011 11:41
15218,11,1/25/2011 11:20,9/26/2011 12:10
15219,1,6/16/2011 16:57,6/16/2011 16:57
15220,6,10/19/2011 12:39,8/16/2011 14:28
15221,1,12/8/2010 13:08,12/8/2010 13:08
15222,1,1/25/2011 8:03,1/25/2011 8:03
15223,2,4/28/2011 11:31,4/4/2011 12:17
15224,2,12/12/2010 12:34,12/16/2010 15:02
15225,1,4/19/2011 14:51,4/19/2011 14:51
15226,1,2/2/2011 11:41,2/2/2011 11:41
15227,5,1/26/2011 15:31,5/8/2011 10:11
15228,4,10/4/2011 13:56,8/2/2011 12:27
15230,2,4/13/2011 11:04,4/14/2011 14:39
15232,2,7/22/2011 12:21,8/18/2011 16:27
15234,1,3/8/2011 8:53,3/8/2011 8:53
15235,12,1/21/2011 14:38,5/6/2011 9:44
15236,1,2/14/2011 10:52,2/14/2011 10:52
15237,4,12/8/2011 9:46,9/22/2011 15:28
15238,3,11/10/2011 14:28,9/5/2011 15:26
15239,2,11/29/2011 14:14,9/22/2011 9:53
15240,5,10/26/2011 9:50,9/16/2011 13:45
15241,8,10/4/2011 9:05,9/27/2011 14:00
15243,1,9/26/2011 14:12,9/26/2011 14:12
15244,2,10/5/2011 13:19,4/5/2011 15:12
15245,3,3/23/2011 13:42,7/28/2011 18:56
15246,2,12/16/2010 9:46,4/15/2011 14:45
15247,1,8/9/2011 12:52,8/9/2011 12:52
15249,13,10/5/2011 11:37,9/9/2011 11:46
15251,11,10/30/2011 12:43,9/9/2011 15:53
15252,2,11/3/2011 13:30,6/9/2011 14:15
15253,5,11/23/2011 16:20,9/12/2011 12:32
15254,1,8/4/2011 15:04,8/4/2011 15:04
15255,1,10/4/2011 12:43,10/4/2011 12:43
15256,1,7/14/2011 11:47,7/14/2011 11:47
15257,1,3/1/2011 12:58,3/1/2011 12:58
15258,2,5/6/2011 14:16,6/24/2011 12:30
15260,7,12/2/2010 12:09,8/31/2011 13:55
15261,1,7/27/2011 15:20,7/27/2011 15:20
15262,1,1/20/2011 12:16,1/20/2011 12:16
15263,1,8/25/2011 10:26,8/25/2011 10:26
15264,1,10/6/2011 13:49,10/6/2011 13:49
15265,2,4/18/2011 12:16,7/11/2011 14:46
15266,1,1/5/2011 13:40,1/5/2011 13:40
15267,5,10/12/2011 11:09,7/7/2011 11:36
15269,1,11/16/2011 9:32,11/16/2011 9:32
15270,7,11/24/2011 9:23,8/14/2011 10:38
15271,15,1/6/2011 10:46,9/6/2011 9:49
15272,2,10/13/2011 12:59,9/14/2011 16:36
15274,2,11/21/2011 14:17,12/5/2011 16:57
15275,1,11/2/2011 11:20,11/2/2011 11:20
15276,1,10/4/2011 16:39,10/4/2011 16:39
15277,1,10/24/2011 10:08,10/24/2011 10:08
15279,1,12/20/2010 10:48,12/20/2010 10:48
15280,1,6/20/2011 17:14,6/20/2011 17:14
15281,9,1/10/2011 15:51,7/26/2011 9:23
15286,1,10/21/2011 11:08,10/21/2011 11:08
15287,2,11/17/2011 15:34,9/30/2011 12:30
15288,5,10/27/2011 16:58,7/7/2011 10:28
15289,3,11/10/2011 13:49,7/25/2011 11:01
15290,18,1/13/2011 10:04,9/21/2011 14:07
15291,15,1/12/2011 16:14,9/6/2011 9:15
15292,1,5/22/2011 15:00,5/22/2011 15:00
15296,6,1/17/2011 11:57,8/22/2011 14:20
15297,3,10/7/2011 9:42,11/29/2011 16:32
15298,12,1/19/2011 9:45,9/8/2011 8:56
15299,7,10/3/2011 14:18,6/28/2011 17:01
15300,1,10/6/2011 17:08,10/6/2011 17:08
15301,12,10/20/2011 9:57,9/28/2011 9:43
15303,1,2/22/2011 13:59,2/22/2011 13:59
15304,8,10/10/2011 10:23,9/15/2011 8:55
15306,3,10/6/2011 12:56,9/8/2011 12:47
15307,1,9/5/2011 11:38,9/5/2011 11:38
15308,1,3/10/2011 13:08,3/10/2011 13:08
15311,91,1/10/2011 16:24,9/6/2011 14:38
15312,4,12/20/2010 12:51,9/25/2011 13:10
15313,1,8/21/2011 16:02,8/21/2011 16:02
15314,1,5/24/2011 14:39,5/24/2011 14:39
15315,2,10/6/2011 12:51,8/15/2011 15:17
15316,1,1/17/2011 11:34,1/17/2011 11:34
15318,1,12/6/2011 11:30,12/6/2011 11:30
15319,1,3/1/2011 12:48,3/1/2011 12:48
15320,1,10/26/2011 13:27,10/26/2011 13:27
15321,3,2/21/2011 11:10,9/30/2011 9:40
15322,1,9/15/2011 9:34,9/15/2011 9:34
15325,1,8/28/2011 11:55,8/28/2011 11:55
15326,1,1/10/2011 11:38,1/10/2011 11:38
15327,1,10/18/2011 11:55,10/18/2011 11:55
15329,3,10/31/2011 15:36,7/28/2011 15:31
15330,2,10/10/2011 12:30,11/7/2011 17:50
15332,4,12/5/2010 12:00,12/8/2010 14:43
15333,1,5/15/2011 13:27,5/15/2011 13:27
15334,3,6/19/2011 13:51,7/6/2011 11:22
15335,1,10/17/2011 12:50,10/17/2011 12:50
15339,2,1/25/2011 13:15,10/4/2011 12:51
15341,1,9/20/2011 9:40,9/20/2011 9:40
15342,1,8/2/2011 10:19,8/2/2011 10:19
15343,1,9/13/2011 13:55,9/13/2011 13:55
15344,3,11/7/2011 17:08,9/26/2011 14:48
15345,1,10/25/2011 11:28,10/25/2011 11:28
15346,1,1/11/2011 11:18,1/11/2011 11:18
15347,1,12/8/2010 15:25,12/8/2010 15:25
15348,1,9/28/2011 13:17,9/28/2011 13:17
15349,2,6/5/2011 15:46,7/4/2011 16:06
15350,1,12/1/2010 13:33,12/1/2010 13:33
15351,7,10/11/2011 14:54,9/21/2011 15:54
15353,2,12/7/2010 11:49,3/30/2011 12:15
15355,2,10/17/2011 15:22,11/10/2011 13:44
15356,10,11/8/2011 13:11,9/29/2011 13:11
15358,22,1/27/2011 8:30,9/26/2011 11:04
15360,1,10/31/2011 9:35,10/31/2011 9:35
15361,1,12/13/2010 9:52,12/13/2010 9:52
15363,1,12/2/2010 12:28,12/2/2010 12:28
15364,2,3/30/2011 13:39,9/5/2011 9:46
15365,7,1/28/2011 13:08,9/4/2011 15:37
15366,2,12/16/2010 15:59,9/25/2011 15:01
15367,4,10/13/2011 14:10,4/8/2011 11:50
15368,1,11/18/2011 14:42,11/18/2011 14:42
15370,7,1/11/2011 11:32,9/29/2011 13:35
15372,1,7/25/2011 16:39,7/25/2011 16:39
15373,12,1/26/2011 12:38,8/16/2011 8:52
15374,1,8/3/2011 9:59,8/3/2011 9:59
15376,3,10/30/2011 15:04,8/14/2011 15:39
15379,7,1/20/2011 14:01,6/6/2011 15:06
15380,5,10/24/2011 10:30,9/14/2011 15:41
15381,2,3/16/2011 13:44,5/10/2011 11:55
15382,6,11/25/2011 10:58,9/16/2011 9:27
15384,2,12/15/2010 11:34,6/23/2011 10:57
15385,1,10/30/2011 15:11,10/30/2011 15:11
15386,1,6/6/2011 13:47,6/6/2011 13:47
15388,1,3/14/2011 13:53,3/14/2011 13:53
15389,1,6/20/2011 16:18,6/20/2011 16:18
15392,4,11/9/2011 13:37,9/12/2011 10:01
15393,2,11/23/2011 16:48,3/3/2011 16:58
15394,4,11/30/2011 11:49,9/22/2011 15:51
15395,1,1/18/2011 12:40,1/18/2011 12:40
15396,1,8/19/2011 10:56,8/19/2011 10:56
15397,1,2/23/2011 9:25,2/23/2011 9:25
15398,2,11/23/2011 16:47,9/22/2011 14:56
15399,3,11/17/2011 15:04,9/21/2011 15:57
15400,5,3/6/2011 11:27,9/8/2011 13:57
15402,2,5/27/2011 13:32,7/14/2011 12:17
15405,1,6/3/2011 14:44,6/3/2011 14:44
15406,2,11/8/2011 13:22,2/11/2011 16:20
15407,4,11/6/2011 11:55,6/9/2011 11:32
15408,1,3/20/2011 15:02,3/20/2011 15:02
15410,8,3/23/2011 10:15,9/16/2011 14:47
15411,4,11/13/2011 15:19,9/30/2011 14:07
15412,1,6/21/2011 15:24,6/21/2011 15:24
15414,3,11/2/2011 14:58,4/11/2011 13:45
15415,1,1/30/2011 14:13,1/30/2011 14:13
15416,4,10/6/2011 9:38,7/7/2011 18:29
15417,1,9/15/2011 15:26,9/15/2011 15:26
15419,1,11/15/2011 9:23,11/15/2011 9:23
15421,4,10/12/2011 9:20,5/8/2011 14:02
15422,2,1/20/2011 14:17,1/20/2011 16:17
15423,1,11/1/2011 14:01,11/1/2011 14:01
15424,2,3/30/2011 13:00,3/30/2011 13:02
15426,5,11/20/2011 15:36,3/27/2011 16:05
15427,3,10/23/2011 14:47,11/6/2011 14:29
15428,1,11/24/2011 16:54,11/24/2011 16:54
15429,2,11/13/2011 12:28,9/25/2011 13:42
15432,1,11/16/2011 16:30,11/16/2011 16:30
15433,2,3/17/2011 14:12,5/10/2011 10:45
15434,5,11/8/2011 8:18,8/24/2011 16:24
15435,1,11/17/2011 16:39,11/17/2011 16:39
15436,3,10/23/2011 16:19,4/19/2011 16:52
15437,1,3/22/2011 13:11,3/22/2011 13:11
15438,1,7/31/2011 14:19,7/31/2011 14:19
15440,3,10/16/2011 12:16,7/26/2011 14:27
15442,1,4/5/2011 12:24,4/5/2011 12:24
15443,7,1/23/2011 13:25,9/27/2011 11:58
15444,2,10/30/2011 16:12,11/30/2011 17:37
15445,1,3/20/2011 15:06,3/20/2011 15:06
15447,1,1/13/2011 11:26,1/13/2011 11:26
15448,1,1/31/2011 10:42,1/31/2011 10:42
15449,3,11/13/2011 15:02,6/7/2011 16:42
15450,1,11/9/2011 17:11,11/9/2011 17:11
15452,3,11/10/2011 12:13,9/29/2011 14:08
15453,7,10/14/2011 14:04,9/8/2011 15:05
15454,1,12/12/2010 14:21,12/12/2010 14:21
15456,3,12/15/2010 15:34,3/1/2011 13:51
15457,1,3/22/2011 15:31,3/22/2011 15:31
15458,1,11/14/2011 13:08,11/14/2011 13:08
15460,1,12/20/2010 16:08,12/20/2010 16:08
15462,3,6/5/2011 15:36,9/6/2011 13:11
15463,1,11/10/2011 12:57,11/10/2011 12:57
15464,1,1/5/2011 15:56,1/5/2011 15:56
15465,18,1/23/2011 10:29,9/18/2011 10:19
15466,1,9/15/2011 14:08,9/15/2011 14:08
15467,3,11/30/2011 14:17,7/17/2011 15:24
15468,2,10/19/2011 13:38,10/19/2011 13:49
15469,2,10/20/2011 16:21,8/11/2011 16:54
15471,1,12/7/2011 14:12,12/7/2011 14:12
15472,1,8/18/2011 15:17,8/18/2011 15:17
15473,7,10/10/2011 11:12,11/25/2011 15:15
15475,1,9/23/2011 15:20,9/23/2011 15:20
15478,2,10/14/2011 11:09,10/30/2011 14:19
15480,1,8/15/2011 14:32,8/15/2011 14:32
15482,12,10/14/2011 10:42,6/27/2011 10:29
15483,4,3/18/2011 12:26,7/1/2011 13:07
15484,4,10/14/2011 11:56,9/22/2011 13:31
15485,3,1/7/2011 17:18,12/1/2010 13:23
15488,1,9/8/2011 10:11,9/8/2011 10:11
15489,3,10/13/2011 10:55,5/12/2011 12:54
15491,6,4/18/2011 10:04,9/5/2011 15:56
15492,2,11/11/2011 14:53,9/26/2011 14:02
15493,5,11/7/2011 11:40,7/13/2011 11:19
15494,2,11/18/2011 14:51,8/10/2011 15:29
15497,2,1/24/2011 10:01,11/22/2011 11:51
15498,27,1/20/2011 15:22,9/16/2011 9:56
15500,4,11/13/2011 13:41,9/19/2011 13:47
15502,12,10/3/2011 16:44,9/11/2011 11:58
15503,1,12/12/2010 10:57,12/12/2010 10:57
15504,1,9/19/2011 13:45,9/19/2011 13:45
15505,5,10/18/2011 7:56,9/16/2011 12:27
15506,3,10/25/2011 12:00,7/24/2011 11:45
15507,1,6/21/2011 11:19,6/21/2011 11:19
15508,6,4/18/2011 15:31,6/3/2011 15:43
15510,1,1/13/2011 12:10,1/13/2011 12:10
15511,5,10/13/2011 12:58,9/15/2011 15:05
15512,2,12/15/2010 12:01,7/7/2011 10:20
15513,19,1/13/2011 12:41,9/6/2011 9:53
15514,11,11/15/2011 13:49,4/28/2011 12:06
15516,3,10/24/2011 11:33,10/26/2011 10:51
15517,1,4/20/2011 14:02,4/20/2011 14:02
15518,8,1/11/2011 12:55,8/7/2011 13:08
15520,1,12/8/2011 10:58,12/8/2011 10:58
15521,8,10/30/2011 13:42,9/6/2011 10:04
15522,2,11/7/2011 11:26,9/13/2011 12:26
15523,1,9/16/2011 16:29,9/16/2011 16:29
15524,1,11/15/2011 12:09,11/15/2011 12:09
15525,3,11/22/2011 12:07,12/7/2011 14:43
15526,2,11/6/2011 15:01,11/6/2011 15:04
15527,8,1/28/2011 12:07,9/11/2011 12:56
15528,1,3/30/2011 16:14,3/30/2011 16:14
15529,11,1/20/2011 12:16,9/13/2011 11:14
15530,4,11/18/2011 12:25,7/13/2011 12:15
15531,2,11/9/2011 17:47,12/1/2011 18:43
15532,4,11/14/2011 14:51,7/31/2011 13:13
15533,3,11/20/2011 15:35,9/18/2011 13:40
15535,4,1/16/2011 12:35,6/19/2011 16:02
15537,1,6/29/2011 13:10,6/29/2011 13:10
15539,1,12/2/2011 13:36,12/2/2011 13:36
15540,1,11/28/2011 13:51,11/28/2011 13:51
15541,1,8/17/2011 14:58,8/17/2011 14:58
15543,1,2/24/2011 15:26,2/24/2011 15:26
15544,9,11/11/2011 15:20,8/12/2011 9:10
15545,2,10/16/2011 13:24,12/3/2010 17:28
15547,14,1/28/2011 12:21,9/18/2011 14:27
15549,3,1/27/2011 15:38,9/23/2011 16:22
15550,4,12/5/2011 15:38,8/25/2011 15:18
15551,1,11/3/2011 12:37,11/3/2011 12:37
15552,1,5/6/2011 14:47,5/6/2011 14:47
15553,1,10/10/2011 14:02,10/10/2011 14:02
15554,1,3/7/2011 9:00,3/7/2011 9:00
15555,16,10/12/2011 15:06,9/22/2011 17:07
15556,1,11/15/2011 16:08,11/15/2011 16:08
15557,1,11/11/2011 12:46,11/11/2011 12:46
15561,4,11/28/2011 11:07,7/13/2011 11:20
15562,1,12/23/2010 9:55,12/23/2010 9:55
15563,4,11/17/2011 12:59,5/23/2011 11:44
15565,2,10/20/2011 14:33,9/30/2011 10:44
15567,1,11/21/2011 10:48,11/21/2011 10:48
15568,3,10/26/2011 11:51,9/27/2011 14:37
15569,5,1/11/2011 13:26,8/28/2011 10:15
15570,12,1/14/2011 13:41,7/21/2011 12:29
15571,4,11/15/2011 17:20,9/22/2011 13:15
15572,7,11/14/2011 11:19,8/22/2011 10:44
15573,2,11/8/2011 11:38,9/15/2011 12:16
15574,4,12/16/2010 12:42,6/15/2011 12:01
15576,1,11/2/2011 12:03,11/2/2011 12:03
15577,3,2/7/2011 13:32,7/11/2011 17:03
15578,1,6/30/2011 13:03,6/30/2011 13:03
15579,2,1/30/2011 12:09,10/2/2011 12:45
15581,13,12/19/2010 14:23,8/9/2011 13:44
15582,3,11/15/2011 9:55,8/31/2011 14:52
15584,4,10/23/2011 12:26,9/28/2011 10:09
15585,1,6/16/2011 8:38,6/16/2011 8:38
15587,4,10/20/2011 13:37,9/11/2011 12:10
15589,3,2/2/2011 10:46,3/29/2011 9:54
15592,1,10/24/2011 8:59,10/24/2011 8:59
15593,1,9/30/2011 11:46,9/30/2011 11:46
15594,5,11/24/2011 8:53,9/7/2011 10:51
15596,5,1/17/2011 13:30,8/31/2011 10:55
15597,1,11/4/2011 13:26,11/4/2011 13:26
15598,1,10/17/2011 16:04,10/17/2011 16:04
15599,2,11/13/2011 11:44,5/19/2011 13:05
15601,14,1/25/2011 11:59,9/11/2011 15:20
15602,9,1/11/2011 16:16,9/30/2011 9:38
15603,1,9/22/2011 10:04,9/22/2011 10:04
15604,1,10/18/2011 14:47,10/18/2011 14:47
15605,5,11/3/2011 14:17,9/11/2011 10:39
15606,9,1/19/2011 12:07,8/12/2011 15:00
15607,1,1/7/2011 12:44,1/7/2011 12:44
15608,4,10/10/2011 13:30,8/11/2011 9:56
15609,1,6/8/2011 13:00,6/8/2011 13:00
15610,1,10/19/2011 10:36,10/19/2011 10:36
15611,13,1/9/2011 11:32,9/30/2011 13:21
15612,2,10/9/2011 12:49,11/3/2011 14:52
15615,23,1/14/2011 10:20,8/26/2011 12:41
15618,4,11/7/2011 8:34,9/8/2011 12:57
15619,1,11/29/2011 8:14,11/29/2011 8:14
15620,3,10/14/2011 12:41,5/3/2011 11:22
15621,4,11/18/2011 11:49,12/5/2011 14:01
15622,9,10/27/2011 16:44,9/14/2011 10:35
15623,1,7/21/2011 17:26,7/21/2011 17:26
15624,4,3/28/2011 13:32,8/15/2011 11:38
15625,4,4/18/2011 14:01,8/28/2011 10:21
15626,2,1/14/2011 10:10,9/26/2011 10:03
15628,9,10/24/2011 11:56,9/2/2011 12:52
15630,2,10/25/2011 15:36,5/19/2011 10:16
15632,8,10/7/2011 11:47,8/10/2011 10:57
15634,1,11/22/2011 16:28,11/22/2011 16:28
15636,2,3/2/2011 14:50,9/11/2011 11:17
15637,1,10/18/2011 8:28,10/18/2011 8:28
15639,1,7/28/2011 14:30,7/28/2011 14:30
15640,15,1/11/2011 9:48,9/22/2011 14:59
15641,4,12/15/2010 14:45,8/26/2011 14:04
15643,3,3/2/2011 14:34,6/1/2011 7:38
15644,4,3/23/2011 15:37,6/26/2011 14:54
15645,1,11/21/2011 11:55,11/21/2011 11:55
15646,3,12/2/2010 16:59,7/5/2011 9:53
15648,2,3/17/2011 18:59,5/19/2011 15:53
15649,2,1/7/2011 13:34,12/7/2010 10:06
15651,3,11/3/2011 8:39,3/24/2011 8:56
15652,1,9/9/2011 14:22,9/9/2011 14:22
15653,2,8/16/2011 9:50,9/8/2011 10:49
15654,2,11/13/2011 15:15,11/30/2011 13:08
15655,1,4/10/2011 15:25,4/10/2011 15:25
15656,4,10/25/2011 14:56,6/14/2011 13:48
15657,1,11/17/2011 12:19,11/17/2011 12:19
15658,5,12/2/2010 10:53,6/2/2011 15:22
15659,1,10/27/2011 9:23,10/27/2011 9:23
15660,9,11/14/2011 16:57,9/15/2011 13:57
15661,2,1/26/2011 13:56,1/5/2011 12:32
15663,1,8/25/2011 15:50,8/25/2011 15:50
15664,1,10/20/2011 10:57,10/20/2011 10:57
15665,2,4/10/2011 15:09,6/24/2011 14:57
15667,1,10/31/2011 10:56,10/31/2011 10:56
15668,1,5/6/2011 10:39,5/6/2011 10:39
15669,4,10/30/2011 16:03,8/28/2011 11:19
15670,1,2/16/2011 10:50,2/16/2011 10:50
15671,7,11/14/2011 10:50,9/6/2011 10:53
15673,4,1/16/2011 16:25,9/12/2011 16:12
15674,5,3/30/2011 9:19,9/27/2011 15:17
15675,3,3/4/2011 14:21,9/19/2011 13:48
15676,3,11/21/2011 12:40,3/1/2011 10:19
15677,1,10/21/2011 15:36,10/21/2011 15:36
15678,1,10/18/2011 9:25,10/18/2011 9:25
15679,4,11/15/2011 16:19,7/8/2011 13:31
15680,3,10/30/2011 14:03,12/8/2010 14:43
15681,5,11/11/2011 17:10,6/9/2011 16:34
15683,1,8/14/2011 12:56,8/14/2011 12:56
15687,9,1/13/2011 15:13,6/6/2011 9:13
15689,2,12/13/2010 9:57,8/12/2011 9:37
15690,2,12/5/2011 15:59,8/31/2011 11:40
15691,1,4/1/2011 15:13,4/1/2011 15:13
15692,1,11/11/2011 14:12,11/11/2011 14:12
15694,14,1/13/2011 11:54,6/5/2011 11:44
15695,2,3/18/2011 8:31,3/18/2011 8:32
15696,8,1/17/2011 11:24,9/21/2011 8:55
15699,1,11/22/2011 8:26,11/22/2011 8:26
15700,2,6/19/2011 15:36,6/20/2011 16:53
15701,4,10/2/2011 14:00,9/27/2011 10:41
15703,1,3/20/2011 10:51,3/20/2011 10:51
15704,4,5/8/2011 12:42,7/22/2011 13:35
15705,1,5/22/2011 15:37,5/22/2011 15:37
15706,4,10/6/2011 12:13,9/25/2011 12:45
15707,4,10/27/2011 14:39,9/14/2011 14:19
15708,7,1/30/2011 14:37,7/24/2011 12:20
15709,1,3/1/2011 10:38,3/1/2011 10:38
15712,5,11/30/2011 14:09,9/29/2011 13:03
15713,2,12/8/2010 15:16,7/19/2011 13:34
15714,2,11/28/2011 11:26,9/23/2011 11:25
15716,4,12/5/2010 12:26,7/17/2011 11:59
15717,1,4/19/2011 13:21,4/19/2011 13:21
15719,13,1/6/2011 12:31,9/1/2011 12:41
15720,1,11/15/2011 14:48,11/15/2011 14:48
15721,1,11/28/2011 12:14,11/28/2011 12:14
15722,5,11/4/2011 11:41,8/23/2011 11:30
15723,1,12/10/2010 11:12,12/10/2010 11:12
15724,2,2/28/2011 10:40,5/22/2011 14:40
15725,1,11/24/2011 14:51,11/24/2011 14:51
15727,7,1/12/2011 15:06,8/24/2011 14:54
15729,1,5/11/2011 12:36,5/11/2011 12:36
15730,3,10/5/2011 12:31,9/8/2011 14:28
15732,2,12/2/2010 15:00,5/11/2011 14:24
15733,1,3/2/2011 9:05,3/2/2011 9:05
15734,2,5/23/2011 14:59,8/17/2011 10:50
15737,8,11/17/2011 8:20,9/21/2011 13:24
15738,16,1/17/2011 15:42,9/4/2011 12:04
15739,1,10/4/2011 13:42,10/4/2011 13:42
15740,1,10/21/2011 14:29,10/21/2011 14:29
15743,4,11/2/2011 13:19,8/18/2011 12:43
15744,1,9/23/2011 9:52,9/23/2011 9:52
15745,4,11/20/2011 13:45,9/27/2011 10:24
15746,1,7/28/2011 15:21,7/28/2011 15:21
15747,3,11/27/2011 12:26,8/11/2011 14:04
15748,1,10/30/2011 12:51,10/30/2011 12:51
15749,3,1/11/2011 12:55,4/18/2011 13:20
15750,8,11/2/2011 11:49,9/28/2011 13:00
15752,7,10/31/2011 11:37,9/7/2011 15:52
15753,1,2/8/2011 12:41,2/8/2011 12:41
15754,3,10/19/2011 14:40,9/27/2011 10:12
15755,6,11/29/2011 14:57,9/26/2011 15:51
15756,4,10/9/2011 13:30,7/10/2011 11:19
15757,2,10/5/2011 12:14,5/6/2011 11:40
15758,1,11/15/2011 10:48,11/15/2011 10:48
15759,3,12/16/2010 15:29,5/5/2011 15:13
15762,2,10/5/2011 16:15,9/23/2011 15:17
15763,2,11/8/2011 9:44,9/23/2011 12:10
15764,6,3/8/2011 9:23,9/12/2011 17:58
15766,1,10/6/2011 17:03,10/6/2011 17:03
15768,3,4/28/2011 9:20,8/16/2011 10:48
15769,26,1/5/2011 11:50,9/13/2011 9:33
15773,1,12/4/2011 12:48,12/4/2011 12:48
15774,1,10/2/2011 12:04,10/2/2011 12:04
15775,1,4/8/2011 12:56,4/8/2011 12:56
15776,1,7/29/2011 13:46,7/29/2011 13:46
15777,4,1/26/2011 10:49,4/12/2011 16:43
15780,3,12/17/2010 11:43,6/9/2011 12:01
15781,3,11/14/2011 14:57,7/25/2011 12:25
15782,3,10/21/2011 9:23,9/11/2011 14:29
15783,1,11/29/2011 9:50,11/29/2011 9:50
15785,5,11/7/2011 11:33,7/5/2011 10:08
15786,3,10/24/2011 14:10,8/17/2011 13:33
15787,3,10/9/2011 13:11,11/13/2011 14:55
15789,1,12/16/2010 14:35,12/16/2010 14:35
15790,1,11/29/2011 14:53,11/29/2011 14:53
15791,2,10/27/2011 10:14,5/19/2011 15:15
15793,3,10/31/2011 11:32,3/16/2011 10:45
15795,1,7/13/2011 10:43,7/13/2011 10:43
15796,8,11/22/2011 13:41,9/28/2011 16:38
15797,4,1/24/2011 15:47,8/18/2011 17:04
15799,3,1/9/2011 15:13,9/25/2011 12:46
15800,2,4/7/2011 12:39,8/24/2011 14:23
15801,3,10/10/2011 15:42,8/22/2011 9:53
15802,1,7/20/2011 11:38,7/20/2011 11:38
15803,1,10/19/2011 14:56,10/19/2011 14:56
15804,13,10/6/2011 8:17,9/6/2011 15:14
15805,17,10/25/2011 12:11,8/25/2011 14:50
15806,3,10/24/2011 14:35,7/5/2011 12:15
15807,3,10/20/2011 14:09,9/23/2011 14:43
15808,4,1/4/2011 16:41,2/6/2011 14:33
15809,5,11/3/2011 16:40,6/8/2011 15:31
15810,4,2/16/2011 9:11,9/22/2011 9:38
15811,6,11/17/2011 15:31,8/26/2011 9:37
15812,5,1/26/2011 12:12,8/24/2011 14:19
15813,2,4/14/2011 9:09,5/16/2011 8:13
15814,4,10/20/2011 18:08,11/3/2011 14:42
15815,5,10/7/2011 12:42,7/22/2011 12:20
15819,4,10/21/2011 14:50,7/31/2011 15:22
15820,1,1/24/2011 12:00,1/24/2011 12:00
15821,2,10/26/2011 15:48,10/9/2011 13:28
15822,2,12/15/2010 13:38,12/6/2011 14:50
15823,1,12/2/2010 15:08,12/2/2010 15:08
15825,1,6/20/2011 13:27,6/20/2011 13:27
15826,3,10/14/2011 16:04,5/13/2011 10:44
15827,14,1/27/2011 14:31,9/27/2011 15:35
15829,2,7/22/2011 10:23,9/1/2011 16:45
15830,1,11/2/2011 10:40,11/2/2011 10:40
15831,3,1/19/2011 14:52,8/7/2011 13:54
15832,1,3/30/2011 15:29,3/30/2011 15:29
15834,4,3/7/2011 17:52,9/30/2011 14:41
15835,4,1/13/2011 10:35,7/25/2011 12:50
15836,1,10/20/2011 17:13,10/20/2011 17:13
15837,1,10/6/2011 9:01,10/6/2011 9:01
15838,19,10/6/2011 11:53,9/23/2011 9:19
15839,3,11/6/2011 13:54,9/20/2011 12:12
15840,2,10/12/2011 9:08,6/20/2011 11:42
15841,4,1/5/2011 11:25,9/28/2011 12:15
15843,1,2/9/2011 10:19,2/9/2011 10:19
15844,1,10/24/2011 15:19,10/24/2011 15:19
15845,8,1/6/2011 17:19,9/14/2011 9:22
15847,2,11/1/2011 14:41,2/24/2011 16:46
15850,2,11/20/2011 14:14,6/24/2011 14:16
15852,2,5/26/2011 13:26,6/6/2011 11:22
15853,1,10/19/2011 10:38,10/19/2011 10:38
15854,12,1/14/2011 15:04,9/14/2011 12:25
15855,5,3/21/2011 12:32,7/26/2011 10:20
15856,27,10/14/2011 14:22,9/5/2011 17:44
15857,1,11/21/2011 12:18,11/21/2011 12:18
15858,5,10/11/2011 9:19,9/23/2011 9:39
15860,8,10/30/2011 11:25,9/25/2011 12:31
15861,8,10/25/2011 12:12,7/28/2011 11:29
15862,4,12/1/2010 11:21,8/19/2011 16:34
15863,2,11/14/2011 12:49,5/31/2011 11:36
15864,6,1/27/2011 16:43,9/2/2011 10:31
15865,3,10/30/2011 12:43,9/12/2011 9:38
15866,1,8/30/2011 14:09,8/30/2011 14:09
15867,15,1/10/2011 17:18,9/30/2011 15:04
15869,2,3/7/2011 17:19,3/7/2011 17:23
15870,1,11/7/2011 10:58,11/7/2011 10:58
15872,2,11/25/2011 11:54,11/25/2011 11:55
15874,7,10/7/2011 12:31,6/15/2011 11:01
15877,2,11/22/2011 11:18,12/8/2011 11:53
15880,1,12/5/2010 13:00,12/5/2010 13:00
15881,5,1/31/2011 16:47,12/13/2010 10:36
15882,4,12/6/2010 13:01,5/25/2011 11:35
15883,2,11/6/2011 14:50,12/7/2011 17:05
15885,3,2/3/2011 15:28,9/8/2011 10:43
15886,1,10/10/2011 14:25,10/10/2011 14:25
15888,1,9/20/2011 12:30,9/20/2011 12:30
15889,2,12/5/2010 15:12,7/6/2011 11:10
15891,1,4/27/2011 12:35,4/27/2011 12:35
15894,2,12/5/2010 14:06,3/31/2011 13:50
15895,1,7/13/2011 10:27,7/13/2011 10:27
15897,2,5/29/2011 13:32,5/29/2011 13:50
15898,5,12/6/2010 11:01,4/27/2011 10:03
15899,1,12/6/2010 10:36,12/6/2010 10:36
15900,1,11/16/2011 12:19,11/16/2011 12:19
15901,3,11/23/2011 12:43,9/23/2011 12:38
15903,7,11/11/2011 16:33,9/30/2011 13:31
15904,1,12/1/2011 14:50,12/1/2011 14:50
15906,7,10/2/2011 13:46,7/18/2011 11:37
15907,3,12/6/2011 12:21,6/16/2011 12:45
15909,1,6/19/2011 10:38,6/19/2011 10:38
15910,8,1/27/2011 11:55,9/1/2011 16:59
15912,2,4/20/2011 17:10,6/14/2011 14:29
15916,8,1/13/2011 15:11,9/23/2011 15:18
15917,1,4/6/2011 10:40,4/6/2011 10:40
15918,2,3/13/2011 15:55,6/2/2011 11:42
15919,2,11/20/2011 11:28,12/6/2010 11:26
15920,4,7/8/2011 15:16,7/8/2011 15:31
15921,1,6/20/2011 11:03,6/20/2011 11:03
15922,1,12/1/2010 13:51,12/1/2010 13:51
15923,1,12/2/2010 12:16,12/2/2010 12:16
15925,1,5/29/2011 15:35,5/29/2011 15:35
15930,1,10/3/2011 14:52,10/3/2011 14:52
15932,8,12/5/2011 17:13,9/12/2011 14:24
15933,3,11/18/2011 13:14,9/29/2011 16:42
15935,2,4/12/2011 9:35,4/14/2011 13:27
15937,1,10/6/2011 15:48,10/6/2011 15:48
15938,5,1/20/2011 10:11,8/19/2011 12:56
15939,15,1/12/2011 12:43,9/11/2011 11:30
15940,1,2/1/2011 16:18,2/1/2011 16:18
15942,1,7/29/2011 9:01,7/29/2011 9:01
15944,1,3/8/2011 10:33,3/8/2011 10:33
15945,1,12/9/2010 13:14,12/9/2010 13:14
15947,1,9/18/2011 10:46,9/18/2011 10:46
15948,2,10/27/2011 8:35,12/1/2011 15:32
15949,2,11/23/2011 9:09,9/29/2011 17:34
15950,4,11/8/2011 11:09,9/22/2011 11:17
15951,2,12/1/2011 8:34,2/27/2011 11:57
15952,4,10/2/2011 12:47,7/3/2011 13:33
15953,8,1/12/2011 11:18,5/12/2011 11:44
15955,14,10/11/2011 14:37,9/29/2011 14:12
15957,1,11/8/2011 12:14,11/8/2011 12:14
15958,1,9/26/2011 13:41,9/26/2011 13:41
15963,2,10/25/2011 13:05,11/20/2011 11:33
15965,4,11/11/2011 10:50,12/7/2010 13:18
15967,2,1/25/2011 11:57,11/16/2011 15:41
15969,3,10/21/2011 8:24,6/7/2011 12:19
15970,1,2/9/2011 12:08,2/9/2011 12:08
15971,12,10/18/2011 10:51,9/12/2011 10:47
15973,1,12/8/2010 11:42,12/8/2010 11:42
15974,7,10/31/2011 13:13,9/5/2011 15:40
15975,1,9/16/2011 13:33,9/16/2011 13:33
15976,2,5/3/2011 17:12,6/27/2011 13:00
15977,2,10/31/2011 16:24,11/22/2011 13:29
15978,1,9/23/2011 15:21,9/23/2011 15:21
15980,3,3/30/2011 15:05,9/12/2011 9:41
15981,8,11/15/2011 8:00,9/23/2011 13:24
15983,4,11/17/2011 17:34,12/9/2010 10:45
15984,10,1/5/2011 13:05,9/29/2011 19:30
15985,2,4/17/2011 11:04,8/8/2011 16:31
15986,1,11/9/2011 15:17,11/9/2011 15:17
15987,7,11/27/2011 15:38,8/11/2011 9:45
15988,1,11/20/2011 13:23,11/20/2011 13:23
15990,2,10/26/2011 15:58,2/25/2011 15:35
15992,1,12/6/2011 11:00,12/6/2011 11:00
15993,7,10/26/2011 16:21,12/1/2011 10:45
15994,1,10/16/2011 12:28,10/16/2011 12:28
15996,6,12/8/2010 15:59,9/12/2011 15:14
15998,5,11/3/2011 12:45,9/13/2011 15:37
16000,3,12/7/2011 12:14,12/7/2011 12:17
16003,5,11/10/2011 9:56,7/28/2011 11:20
16005,4,11/27/2011 13:41,6/10/2011 12:01
16006,1,5/12/2011 13:12,5/12/2011 13:12
16007,4,10/2/2011 13:26,6/12/2011 12:01
16008,3,11/16/2011 10:32,9/25/2011 14:38
16009,4,10/27/2011 12:22,7/3/2011 11:26
16010,3,12/12/2010 12:18,4/8/2011 10:14
16011,16,10/27/2011 12:42,9/8/2011 15:41
16012,3,11/4/2011 13:25,8/3/2011 11:44
16013,47,1/7/2011 9:31,9/30/2011 12:40
16014,3,11/2/2011 12:04,7/10/2011 16:29
16015,3,10/21/2011 12:56,12/6/2011 10:58
16016,8,11/24/2011 19:07,9/21/2011 12:46
16017,1,10/23/2011 12:56,10/23/2011 12:56
16018,2,10/31/2011 14:13,6/12/2011 13:52
16019,9,1/28/2011 13:18,7/26/2011 14:03
16020,3,10/5/2011 13:54,11/23/2011 11:18
16022,1,3/24/2011 13:16,3/24/2011 13:16
16023,3,10/24/2011 16:34,5/31/2011 14:19
16024,1,11/27/2011 13:26,11/27/2011 13:26
16025,1,11/10/2011 11:45,11/10/2011 11:45
16026,1,10/27/2011 13:53,10/27/2011 13:53
16027,6,2/10/2011 12:19,9/9/2011 10:47
16029,63,1/13/2011 14:34,9/7/2011 9:45
16030,1,2/3/2011 11:28,2/3/2011 11:28
16031,2,4/6/2011 14:23,9/8/2011 13:07
16033,20,1/17/2011 16:23,9/18/2011 15:41
16034,3,1/11/2011 11:54,5/27/2011 16:17
16036,2,3/21/2011 13:01,9/13/2011 14:53
16037,3,12/16/2010 10:18,3/15/2011 9:13
16038,3,12/2/2011 12:40,6/15/2011 13:50
16040,3,10/5/2011 13:47,7/14/2011 16:12
16041,3,11/9/2011 12:25,7/21/2011 16:28
16042,5,1/11/2011 13:25,8/24/2011 12:04
16043,4,1/26/2011 11:14,5/12/2011 13:43
16045,4,2/22/2011 14:55,8/12/2011 12:41
16048,2,12/1/2010 15:27,12/1/2010 15:28
16049,3,10/28/2011 16:10,9/25/2011 14:33
16050,1,6/19/2011 11:44,6/19/2011 11:44
16052,1,10/16/2011 15:13,10/16/2011 15:13
16053,2,11/7/2011 11:21,8/9/2011 14:57
16054,1,7/17/2011 13:08,7/17/2011 13:08
16055,1,5/3/2011 9:26,5/3/2011 9:26
16056,1,10/25/2011 15:19,10/25/2011 15:19
16057,7,11/23/2011 15:23,9/4/2011 15:21
16059,6,1/16/2011 15:44,9/29/2011 11:35
16062,4,11/30/2011 12:15,7/29/2011 12:50
16063,1,3/24/2011 14:55,3/24/2011 14:56
16065,1,12/9/2010 13:03,12/9/2010 13:03
16066,5,10/23/2011 10:56,8/7/2011 14:33
16070,2,11/17/2011 15:50,11/7/2011 16:36
16071,1,10/26/2011 11:14,10/26/2011 11:14
16072,1,2/24/2011 14:32,2/24/2011 14:32
16073,1,2/15/2011 15:41,2/15/2011 15:41
16076,10,10/11/2011 12:05,9/8/2011 12:04
16078,1,3/1/2011 9:47,3/1/2011 9:47
16079,3,10/30/2011 13:06,11/23/2011 12:48
16080,2,3/10/2011 14:44,9/19/2011 10:42
16081,5,10/14/2011 13:06,9/13/2011 13:47
16083,2,12/14/2010 11:51,8/31/2011 10:47
16084,1,2/13/2011 16:05,2/13/2011 16:05
16085,5,1/23/2011 12:07,9/21/2011 15:39
16086,5,10/11/2011 13:09,9/2/2011 13:22
16091,2,5/25/2011 9:18,7/8/2011 8:45
16092,3,3/30/2011 15:38,8/17/2011 10:46
16093,1,8/25/2011 11:09,8/25/2011 11:09
16094,4,11/10/2011 16:51,5/4/2011 13:57
16096,1,3/20/2011 13:38,3/20/2011 13:38
16097,1,4/13/2011 13:47,4/13/2011 13:47
16098,7,12/1/2010 9:45,9/13/2011 9:59
16099,3,10/20/2011 13:13,7/25/2011 10:28
16101,1,9/30/2011 10:18,9/30/2011 10:18
16102,3,10/28/2011 13:19,9/2/2011 11:54
16103,6,12/2/2011 14:16,9/21/2011 11:55
16104,1,10/9/2011 10:23,10/9/2011 10:23
16105,1,4/5/2011 10:13,4/5/2011 10:13
16106,1,10/5/2011 10:37,10/5/2011 10:37
16107,7,10/28/2011 13:22,9/11/2011 12:03
16108,1,9/16/2011 11:48,9/16/2011 11:48
16109,2,2/4/2011 12:37,5/5/2011 9:17
16110,3,10/25/2011 14:35,3/22/2011 13:54
16112,4,1/10/2011 16:29,7/7/2011 15:47
16113,1,6/9/2011 16:16,6/9/2011 16:16
16114,1,6/22/2011 10:13,6/22/2011 10:13
16115,8,10/30/2011 12:39,9/28/2011 14:26
16116,1,5/12/2011 12:01,5/12/2011 12:01
16117,1,6/3/2011 11:42,6/3/2011 11:42
16119,2,12/1/2011 15:11,9/28/2011 10:15
16120,4,10/11/2011 14:10,10/11/2011 14:22
16121,2,10/13/2011 12:59,5/8/2011 11:52
16122,4,1/11/2011 10:19,9/27/2011 15:34
16123,1,10/19/2011 9:18,10/19/2011 9:18
16124,1,1/26/2011 14:45,1/26/2011 14:45
16125,1,12/7/2010 15:48,12/7/2010 15:48
16126,4,11/10/2011 16:03,8/30/2011 10:07
16127,1,10/31/2011 13:58,10/31/2011 13:58
16128,5,11/22/2011 11:14,9/23/2011 14:17
16131,6,10/19/2011 11:53,8/16/2011 12:32
16133,33,1/25/2011 15:55,9/30/2011 12:30
16134,2,11/18/2011 10:05,12/15/2010 14:00
16135,1,3/22/2011 12:30,3/22/2011 12:30
16136,3,10/11/2011 9:10,9/23/2011 9:00
16139,3,11/21/2011 8:37,8/19/2011 14:49
16140,2,10/5/2011 12:15,12/3/2010 14:40
16141,1,9/12/2011 13:11,9/12/2011 13:11
16142,1,4/4/2011 10:16,4/4/2011 10:16
16143,6,12/20/2010 12:51,8/23/2011 16:01
16144,1,4/7/2011 10:09,4/7/2011 10:09
16145,11,1/5/2011 10:35,9/27/2011 10:26
16146,3,4/21/2011 15:25,7/5/2011 14:20
16147,1,7/29/2011 9:57,7/29/2011 9:57
16148,1,2/16/2011 14:01,2/16/2011 14:01
16149,2,12/5/2011 11:29,7/20/2011 14:54
16150,5,10/28/2011 12:39,9/12/2011 9:43
16152,1,3/16/2011 9:47,3/16/2011 9:47
16153,5,10/21/2011 10:50,8/16/2011 9:34
16156,9,10/21/2011 8:57,9/15/2011 14:58
16157,3,11/16/2011 11:31,9/28/2011 11:48
16159,1,3/3/2011 12:27,3/3/2011 12:27
16160,2,10/5/2011 14:19,9/15/2011 10:53
16161,19,1/13/2011 10:39,9/22/2011 14:53
16162,1,4/1/2011 15:03,4/1/2011 15:03
16163,2,12/9/2010 16:28,4/21/2011 15:15
16164,3,10/28/2011 9:12,11/22/2011 15:04
16168,27,1/24/2011 14:39,9/6/2011 11:53
16169,4,10/31/2011 12:21,9/25/2011 11:33
16170,6,10/20/2011 8:21,8/19/2011 10:06
16171,1,10/11/2011 14:51,10/11/2011 14:51
16172,5,4/12/2011 12:02,9/5/2011 13:22
16173,6,10/26/2011 10:24,9/9/2011 9:03
16174,3,7/11/2011 9:23,8/5/2011 13:26
16175,4,4/13/2011 14:38,9/6/2011 14:32
16177,1,10/20/2011 12:57,10/20/2011 12:57
16178,1,7/24/2011 16:05,7/24/2011 16:05
16179,1,10/10/2011 9:41,10/10/2011 9:41
16180,8,4/1/2011 10:23,8/4/2011 13:15
16181,1,9/27/2011 13:38,9/27/2011 13:38
16182,4,2/18/2011 10:11,9/28/2011 13:23
16183,1,10/3/2011 14:59,10/3/2011 14:59
16184,6,10/6/2011 17:43,8/26/2011 9:55
16185,2,11/23/2011 9:41,4/21/2011 11:59
16186,12,10/25/2011 11:14,8/28/2011 12:57
16187,15,10/19/2011 9:59,9/25/2011 13:16
16188,4,10/26/2011 12:19,7/21/2011 16:20
16189,2,11/24/2011 11:47,9/15/2011 15:21
16190,1,10/30/2011 15:59,10/30/2011 15:59
16191,13,1/31/2011 15:05,3/22/2011 8:54
16193,1,4/17/2011 11:45,4/17/2011 11:45
16198,1,9/25/2011 14:58,9/25/2011 14:58
16200,2,12/5/2011 14:40,6/28/2011 15:47
16201,4,10/25/2011 15:07,8/22/2011 10:47
16202,1,12/14/2010 10:43,12/14/2010 10:43
16203,4,10/12/2011 12:31,7/15/2011 12:45
16204,1,11/16/2011 13:40,11/16/2011 13:40
16205,4,10/3/2011 12:04,6/13/2011 11:33
16206,4,1/16/2011 11:07,8/7/2011 10:45
16207,1,11/14/2011 13:51,11/14/2011 13:51
16208,2,10/26/2011 11:36,2/23/2011 13:37
16209,5,4/7/2011 12:23,9/12/2011 11:58
16210,18,1/21/2011 14:51,9/2/2011 12:33
16211,1,9/12/2011 12:11,9/12/2011 12:11
16212,2,11/20/2011 13:00,3/1/2011 12:51
16213,1,9/22/2011 10:03,9/22/2011 10:03
16214,3,3/15/2011 13:23,6/22/2011 11:30
16215,1,9/20/2011 10:18,9/20/2011 10:18
16216,1,3/17/2011 15:34,3/17/2011 15:34
16217,2,3/2/2011 15:28,4/18/2011 13:31
16218,7,11/10/2011 9:59,8/17/2011 9:16
16221,3,11/3/2011 11:43,3/9/2011 10:51
16222,1,1/25/2011 13:38,1/25/2011 13:38
16224,4,10/13/2011 17:51,7/21/2011 19:17
16225,5,10/26/2011 8:30,7/13/2011 12:18
16226,3,4/18/2011 12:58,5/20/2011 14:41
16227,1,4/28/2011 13:33,4/28/2011 13:33
16229,2,5/11/2011 10:18,9/13/2011 17:16
16230,2,5/3/2011 15:12,6/3/2011 10:06
16232,4,10/27/2011 12:16,7/19/2011 13:01
16233,3,1/14/2011 10:31,9/29/2011 17:27
16235,5,1/11/2011 15:42,9/19/2011 15:04
16236,1,9/22/2011 14:10,9/22/2011 14:10
16239,2,10/14/2011 8:29,6/3/2011 9:30
16240,2,11/15/2011 14:30,9/23/2011 13:44
16241,13,1/4/2011 15:50,9/4/2011 13:38
16242,7,10/4/2011 14:53,6/27/2011 14:41
16243,2,10/16/2011 12:09,11/6/2011 12:32
16244,2,12/2/2010 11:41,5/12/2011 10:18
16245,3,11/16/2011 10:14,8/10/2011 9:34
16247,1,6/22/2011 14:23,6/22/2011 14:23
16248,1,10/9/2011 11:32,10/9/2011 11:32
16249,5,10/18/2011 10:07,8/19/2011 11:47
16250,2,12/1/2010 9:59,3/23/2011 15:07
16253,2,10/4/2011 9:09,3/29/2011 13:33
16255,8,1/4/2011 11:30,9/5/2011 10:15
16256,1,3/18/2011 12:18,3/18/2011 12:18
16257,1,6/16/2011 10:11,6/16/2011 10:11
16258,5,10/25/2011 13:30,8/4/2011 14:33
16260,1,10/20/2011 9:40,10/20/2011 9:40
16261,4,11/22/2011 17:23,9/25/2011 13:23
16265,9,10/27/2011 14:03,8/21/2011 12:39
16266,7,5/17/2011 14:50,9/27/2011 12:08
16268,2,9/29/2011 18:30,9/29/2011 18:30
16270,1,12/21/2010 14:26,12/21/2010 14:26
16271,5,11/24/2011 12:12,8/5/2011 17:43
16272,1,8/15/2011 10:53,8/15/2011 10:54
16274,1,12/1/2010 15:35,12/1/2010 15:35
16275,1,5/27/2011 12:41,5/27/2011 12:41
16276,1,6/16/2011 9:34,6/16/2011 9:34
16278,1,8/31/2011 17:12,8/31/2011 17:12
16279,3,11/18/2011 15:00,9/13/2011 16:26
16281,1,9/28/2011 14:57,9/28/2011 14:57
16282,1,1/4/2011 11:42,1/4/2011 11:42
16283,5,10/2/2011 13:49,8/11/2011 12:00
16284,2,10/20/2011 13:54,11/8/2011 16:12
16287,1,6/23/2011 9:08,6/23/2011 9:08
16292,1,8/10/2011 12:24,8/10/2011 12:24
16293,10,10/21/2011 14:41,9/9/2011 10:09
16295,4,10/12/2011 13:17,11/30/2011 8:17
16297,1,3/16/2011 8:29,3/16/2011 8:29
16298,3,10/19/2011 9:58,6/6/2011 10:06
16302,1,8/5/2011 9:44,8/5/2011 9:44
16303,3,1/10/2011 14:16,8/16/2011 11:04
16305,1,7/24/2011 12:18,7/24/2011 12:18
16306,6,1/6/2011 17:58,5/10/2011 12:12
16308,4,11/2/2011 11:24,8/24/2011 10:52
16309,2,4/13/2011 11:46,8/25/2011 15:35
16311,2,10/21/2011 13:13,11/22/2011 8:54
16313,2,10/21/2011 9:04,12/6/2011 13:02
16315,1,1/13/2011 11:57,1/13/2011 11:57
16316,8,10/6/2011 13:48,7/5/2011 14:42
16317,3,2/15/2011 14:30,8/12/2011 12:46
16318,1,11/4/2011 13:05,11/4/2011 13:05
16319,1,5/6/2011 11:27,5/6/2011 11:27
16320,2,5/10/2011 15:31,6/20/2011 15:25
16321,5,1/20/2011 12:11,9/28/2011 14:55
16322,2,11/3/2011 14:33,12/8/2011 15:41
16323,1,5/27/2011 14:48,5/27/2011 14:48
16324,3,6/15/2011 14:26,8/3/2011 12:58
16325,3,10/24/2011 8:48,7/7/2011 13:44
16326,14,1/30/2011 10:33,9/4/2011 12:09
16327,6,1/28/2011 11:58,9/20/2011 13:20
16330,3,11/22/2011 12:24,8/19/2011 17:10
16332,7,10/26/2011 14:54,9/28/2011 14:43
16333,22,10/4/2011 13:30,9/2/2011 9:09
16337,1,11/3/2011 10:03,11/3/2011 10:03
16338,1,7/5/2011 13:56,7/5/2011 13:56
16339,1,2/28/2011 13:41,2/28/2011 13:41
16340,1,8/24/2011 14:53,8/24/2011 14:53
16341,4,11/15/2011 9:11,9/15/2011 12:03
16342,4,6/13/2011 10:10,9/25/2011 14:36
16343,2,11/23/2011 17:43,11/23/2011 17:45
16344,1,7/4/2011 15:50,7/4/2011 15:50
16345,1,10/26/2011 16:03,10/26/2011 16:03
16347,2,11/28/2011 13:14,11/3/2011 13:01
16348,7,11/2/2011 16:29,9/22/2011 14:29
16349,1,2/22/2011 12:40,2/22/2011 12:40
16350,4,1/10/2011 9:44,9/15/2011 18:49
16351,1,1/11/2011 10:26,1/11/2011 10:26
16352,2,11/2/2011 8:44,11/22/2011 10:32
16353,23,1/12/2011 10:14,9/9/2011 12:41
16354,2,10/7/2011 14:28,9/27/2011 16:28
16356,3,3/7/2011 12:31,5/26/2011 11:51
16357,3,11/6/2011 16:04,6/30/2011 16:51
16358,4,10/7/2011 10:50,9/21/2011 13:48
16359,9,1/12/2011 10:49,9/6/2011 12:11
16360,6,10/4/2011 12:22,9/20/2011 13:11
16361,4,10/30/2011 13:17,9/29/2011 13:13
16362,5,10/11/2011 14:21,9/9/2011 15:03
16363,1,10/17/2011 14:14,10/17/2011 14:14
16364,2,11/28/2011 11:27,7/25/2011 14:35
16365,9,11/2/2011 15:33,8/8/2011 16:15
16366,1,11/21/2011 8:19,11/21/2011 8:19
16367,2,11/2/2011 13:13,12/12/2010 12:01
16368,2,11/11/2011 15:08,12/7/2011 13:12
16369,3,11/21/2011 16:25,9/20/2011 11:16
16370,4,4/28/2011 16:40,9/18/2011 15:55
16372,2,11/6/2011 12:50,11/6/2011 13:08
16374,2,10/4/2011 15:21,3/22/2011 13:46
16376,2,11/22/2011 16:47,12/1/2011 11:38
16377,1,3/17/2011 15:41,3/17/2011 15:41
16378,3,2/16/2011 10:32,4/6/2011 15:07
16379,4,11/2/2011 14:04,9/22/2011 9:33
16380,1,10/9/2011 15:40,10/9/2011 15:40
16383,2,3/16/2011 13:00,9/26/2011 12:45
16384,2,3/21/2011 10:13,9/11/2011 11:19
16385,3,10/10/2011 13:12,7/4/2011 13:53
16386,2,11/11/2011 12:28,3/31/2011 12:19
16387,1,1/21/2011 11:34,1/21/2011 11:34
16389,4,10/17/2011 14:41,9/22/2011 15:54
16392,1,3/15/2011 12:11,3/15/2011 12:11
16393,13,10/18/2011 12:43,9/6/2011 12:56
16394,5,10/14/2011 9:48,9/28/2011 14:21
16395,5,1/13/2011 12:10,9/22/2011 11:46
16398,2,3/31/2011 9:38,7/8/2011 15:16
16399,2,11/20/2011 16:12,4/18/2011 13:46
16400,1,9/6/2011 12:27,9/6/2011 12:27
16401,12,1/16/2011 10:56,9/14/2011 11:50
16402,2,12/5/2010 13:42,3/20/2011 12:25
16403,1,1/31/2011 13:39,1/31/2011 13:39
16404,1,9/30/2011 14:55,9/30/2011 14:55
16405,2,2/10/2011 15:24,2/2/2011 17:08
16406,1,11/21/2011 11:57,11/21/2011 11:57
16407,10,1/31/2011 14:02,9/26/2011 13:21
16409,5,1/26/2011 14:51,9/13/2011 14:06
16411,2,11/20/2011 13:23,12/5/2010 13:26
16412,1,10/17/2011 12:35,10/17/2011 12:35
16413,1,10/14/2011 12:08,10/14/2011 12:08
16414,2,11/18/2011 9:42,3/4/2011 13:27
16415,1,10/26/2011 13:35,10/26/2011 13:35
16416,3,10/14/2011 13:35,11/13/2011 12:50
16418,3,10/26/2011 12:39,9/8/2011 10:35
16419,6,2/1/2011 12:25,8/3/2011 9:47
16422,51,1/10/2011 10:44,9/27/2011 12:26
16423,1,11/15/2011 9:21,11/15/2011 9:21
16424,1,6/1/2011 13:40,6/1/2011 13:40
16425,1,2/10/2011 14:30,2/10/2011 14:30
16426,10,10/24/2011 10:17,9/8/2011 12:19
16427,2,2/28/2011 15:18,3/21/2011 17:10
16429,1,8/25/2011 13:54,8/25/2011 13:54
16430,1,10/13/2011 14:47,10/13/2011 14:47
16431,3,2/15/2011 14:02,5/10/2011 14:09
16432,1,10/6/2011 13:59,10/6/2011 13:59
16433,1,11/11/2011 14:09,11/11/2011 14:09
16434,7,10/23/2011 12:18,9/4/2011 12:54
16438,5,10/27/2011 19:56,9/18/2011 13:31
16440,5,10/19/2011 11:52,5/9/2011 12:25
16441,2,10/3/2011 17:48,2/21/2011 17:35
16442,3,12/14/2010 10:46,4/26/2011 11:51
16444,4,10/24/2011 13:50,9/5/2011 14:27
16445,1,11/6/2011 12:32,11/6/2011 12:32
16446,2,12/9/2011 9:15,5/18/2011 9:52
16447,1,7/27/2011 12:45,7/27/2011 12:45
16448,1,5/25/2011 16:28,5/25/2011 16:28
16449,2,3/4/2011 12:15,5/26/2011 10:25
16450,1,7/13/2011 11:47,7/13/2011 11:47
16451,1,9/13/2011 9:17,9/13/2011 9:17
16454,2,10/26/2011 11:40,10/6/2011 16:57
16455,7,10/7/2011 12:17,9/6/2011 10:46
16456,5,12/1/2010 14:11,9/1/2011 13:50
16457,1,5/5/2011 13:19,5/5/2011 13:19
16458,18,10/18/2011 9:15,9/28/2011 14:38
16460,3,11/11/2011 13:46,9/28/2011 12:22
16461,1,6/15/2011 12:07,6/15/2011 12:07
16462,3,3/1/2011 8:58,9/27/2011 10:24
16463,4,10/17/2011 14:23,5/19/2011 14:45
16464,3,11/20/2011 12:11,9/20/2011 13:42
16466,7,10/16/2011 12:54,8/28/2011 13:08
16468,1,9/26/2011 14:13,9/26/2011 14:13
16469,4,11/16/2011 12:25,9/13/2011 15:57
16470,4,10/19/2011 12:11,8/16/2011 11:40
16471,1,3/10/2011 9:41,3/10/2011 9:41
16473,3,1/7/2011 10:55,6/28/2011 9:10
16474,7,10/20/2011 12:13,9/11/2011 16:09
16475,4,3/11/2011 9:39,9/12/2011 14:37
16477,7,1/24/2011 9:25,7/31/2011 12:47
16478,3,10/5/2011 12:02,11/14/2011 15:51
16479,2,11/29/2011 13:04,11/29/2011 13:40
16480,1,9/25/2011 11:40,9/25/2011 11:40
16482,1,11/24/2011 12:33,11/24/2011 12:33
16483,1,5/31/2011 13:08,5/31/2011 13:08
16484,2,6/19/2011 12:06,6/2/2011 10:39
16485,1,9/23/2011 15:50,9/23/2011 15:50
16488,3,11/6/2011 13:42,8/17/2011 9:05
16491,1,10/24/2011 10:18,10/24/2011 10:18
16493,4,1/14/2011 8:16,9/21/2011 11:10
16494,1,2/16/2011 12:49,2/16/2011 12:49
16495,3,12/6/2011 13:20,3/8/2011 16:39
16496,3,1/27/2011 9:42,5/16/2011 10:48
16497,6,1/10/2011 13:20,5/20/2011 13:58
16498,2,6/30/2011 19:52,7/1/2011 15:07
16499,2,12/10/2010 10:27,12/14/2010 13:31
16500,6,1/13/2011 10:28,12/5/2011 12:04
16503,4,1/13/2011 12:32,8/25/2011 11:46
16504,1,11/14/2011 15:18,11/14/2011 15:18
16505,1,11/8/2011 12:14,11/8/2011 12:14
16506,2,10/30/2011 15:50,11/20/2011 12:17
16509,1,2/16/2011 9:25,2/16/2011 9:25
16510,1,12/2/2010 13:39,12/2/2010 13:39
16511,3,11/18/2011 10:41,7/18/2011 10:49
16513,4,10/27/2011 14:56,12/5/2011 10:18
16515,5,10/18/2011 13:10,9/9/2011 11:15
16516,1,11/9/2011 14:59,11/9/2011 14:59
16517,1,3/7/2011 13:50,3/7/2011 13:50
16518,2,10/9/2011 15:04,2/28/2011 16:36
16519,2,11/14/2011 15:41,12/9/2010 14:08
16520,3,12/9/2010 13:08,6/6/2011 13:24
16523,21,1/28/2011 12:06,9/5/2011 9:16
16525,26,1/12/2011 16:52,9/21/2011 10:39
16526,1,6/21/2011 12:02,6/21/2011 12:02
16527,1,9/19/2011 16:21,9/19/2011 16:21
16528,1,12/6/2011 12:45,12/6/2011 12:45
16529,1,6/2/2011 17:23,6/2/2011 17:23
16531,7,1/25/2011 13:04,9/26/2011 15:23
16532,3,1/5/2011 12:37,7/27/2011 10:41
16533,3,10/16/2011 13:51,11/20/2011 13:08
16535,1,12/4/2011 15:18,12/4/2011 15:18
16536,1,8/21/2011 15:54,8/21/2011 15:54
16539,4,12/1/2010 15:40,5/4/2011 9:52
16542,1,10/17/2011 10:47,10/17/2011 10:47
16545,1,6/28/2011 10:37,6/28/2011 10:37
16546,2,12/2/2010 12:07,2/22/2011 11:20
16549,10,1/9/2011 14:03,9/11/2011 13:58
16550,5,12/6/2010 13:53,8/23/2011 11:12
16551,3,1/7/2011 10:24,9/5/2011 9:38
16552,2,12/1/2010 12:36,4/11/2011 10:04
16553,12,12/14/2010 13:58,6/29/2011 15:42
16554,3,1/12/2011 12:41,5/1/2011 14:17
16555,2,11/4/2011 14:31,8/22/2011 12:32
16556,7,10/4/2011 11:36,8/26/2011 11:58
16557,2,11/15/2011 14:04,7/25/2011 13:28
16558,20,1/24/2011 10:01,9/8/2011 14:21
16560,2,11/13/2011 10:35,12/16/2010 14:36
16561,2,10/11/2011 9:53,12/4/2011 11:50
16563,1,10/17/2011 11:51,10/17/2011 11:51
16565,1,12/10/2010 15:21,12/10/2010 15:21
16566,5,10/14/2011 9:28,6/22/2011 14:24
16567,2,1/7/2011 9:31,5/29/2011 13:57
16569,1,12/6/2011 15:32,12/6/2011 15:32
16570,10,10/13/2011 15:49,8/4/2011 14:06
16571,3,11/13/2011 11:46,6/16/2011 13:14
16572,3,3/9/2011 12:04,8/4/2011 16:34
16573,2,2/22/2011 15:14,9/16/2011 9:13
16574,1,9/29/2011 13:39,9/29/2011 13:39
16581,1,6/10/2011 10:05,6/10/2011 10:05
16582,1,8/18/2011 17:02,8/18/2011 17:02
16583,1,12/1/2010 12:03,12/1/2010 12:03
16584,2,3/30/2011 13:14,9/20/2011 13:45
16586,1,4/5/2011 9:32,4/5/2011 9:32
16587,1,4/21/2011 15:51,4/21/2011 15:51
16589,3,7/1/2011 13:31,9/29/2011 14:50
16591,1,10/2/2011 10:43,10/2/2011 10:43
16592,16,10/20/2011 14:12,7/26/2011 11:39
16593,3,1/16/2011 12:11,6/3/2011 12:17
16594,1,9/25/2011 14:08,9/25/2011 14:08
16595,1,10/9/2011 13:15,10/9/2011 13:15
16596,2,11/24/2011 10:02,12/8/2010 16:18
16597,1,12/5/2011 15:44,12/5/2011 15:44
16598,1,2/27/2011 11:42,2/27/2011 11:42
16600,6,1/5/2011 12:13,9/26/2011 14:25
16601,1,10/30/2011 11:09,10/30/2011 11:09
16602,1,11/3/2011 15:54,11/3/2011 15:54
16603,2,9/26/2011 10:06,9/9/2011 13:02
16607,14,10/12/2011 11:32,9/27/2011 12:57
16609,7,11/24/2011 13:32,9/13/2011 9:43
16610,1,5/4/2011 13:13,5/4/2011 13:13
16611,1,6/6/2011 15:46,6/6/2011 15:46
16612,4,11/7/2011 7:38,8/12/2011 14:32
16613,1,9/30/2011 15:52,9/30/2011 15:52
16614,1,6/10/2011 11:36,6/10/2011 11:36
16616,2,11/24/2011 16:31,7/5/2011 13:38
16617,1,4/18/2011 10:35,4/18/2011 10:35
16618,5,1/21/2011 11:55,5/13/2011 10:37
16619,1,3/21/2011 8:18,3/21/2011 8:18
16620,2,12/6/2011 12:19,3/24/2011 10:37
16621,4,10/19/2011 11:38,7/15/2011 11:45
16623,1,4/8/2011 10:09,4/8/2011 10:09
16624,2,5/26/2011 14:20,9/20/2011 12:39
16625,1,3/10/2011 12:50,3/10/2011 12:50
16626,17,10/2/2011 11:30,9/27/2011 9:05
16627,1,9/21/2011 14:38,9/21/2011 14:38
16628,5,11/10/2011 12:45,8/25/2011 12:11
16629,2,9/27/2011 10:34,9/4/2011 16:12
16633,6,10/31/2011 14:23,9/22/2011 15:39
16634,2,12/2/2010 17:41,5/1/2011 12:09
16637,4,10/10/2011 11:32,8/8/2011 12:00
16638,10,1/14/2011 14:02,9/1/2011 17:14
16639,3,11/8/2011 13:20,5/17/2011 10:10
16641,1,8/26/2011 12:49,8/26/2011 12:49
16642,2,12/5/2011 11:31,5/16/2011 12:35
16643,1,4/8/2011 8:24,4/8/2011 8:24
16644,2,5/11/2011 12:53,6/15/2011 12:39
16647,2,5/19/2011 9:31,6/23/2011 11:47
16648,1,10/28/2011 8:58,10/28/2011 8:58
16650,1,9/29/2011 9:51,9/29/2011 9:51
16652,7,10/12/2011 9:35,8/22/2011 11:00
16653,2,11/23/2011 14:51,9/29/2011 13:38
16654,4,12/6/2010 15:09,7/21/2011 15:23
16655,6,1/12/2011 10:16,9/25/2011 14:37
16656,15,1/4/2011 10:23,9/5/2011 9:20
16657,4,11/16/2011 12:18,7/14/2011 11:45
16658,1,12/6/2010 13:47,12/6/2010 13:47
16659,1,6/3/2011 15:03,6/3/2011 15:03
16660,4,1/24/2011 12:44,5/13/2011 10:44
16665,1,12/12/2010 14:03,12/12/2010 14:03
16666,1,11/20/2011 14:01,11/20/2011 14:01
16667,2,10/2/2011 15:26,2/28/2011 12:57
16668,6,11/24/2011 17:43,8/15/2011 12:22
16669,3,11/16/2011 12:26,9/22/2011 14:18
16670,11,1/11/2011 9:20,8/25/2011 17:22
16671,3,11/11/2011 13:40,6/28/2011 11:20
16672,20,11/4/2011 9:44,9/28/2011 11:49
16674,2,10/16/2011 11:31,9/2/2011 13:59
16676,4,1/6/2011 13:00,5/10/2011 15:10
16678,12,11/28/2011 9:14,9/2/2011 10:24
16679,1,12/8/2010 13:51,12/8/2010 13:51
16680,1,10/27/2011 17:35,10/27/2011 17:35
16681,6,3/31/2011 13:46,9/28/2011 11:11
16682,5,10/13/2011 15:47,9/8/2011 15:16
16684,28,10/19/2011 12:28,7/29/2011 15:12
16685,2,10/9/2011 13:44,10/9/2011 13:58
16686,7,10/23/2011 13:49,9/2/2011 17:38
16688,4,10/10/2011 12:23,12/8/2011 15:24
16689,2,9/18/2011 13:29,9/25/2011 11:39
16690,2,5/22/2011 10:53,9/28/2011 15:02
16692,2,2/23/2011 15:41,3/28/2011 14:46
16693,2,10/2/2011 11:10,3/13/2011 11:06
16696,4,4/5/2011 15:20,7/27/2011 14:23
16697,1,4/12/2011 17:12,4/12/2011 17:12
16698,2,3/31/2011 13:33,4/27/2011 10:52
16700,13,1/27/2011 12:19,9/20/2011 9:31
16701,13,1/12/2011 11:51,8/2/2011 12:11
16705,20,10/20/2011 15:45,9/26/2011 13:17
16706,3,11/2/2011 13:50,9/2/2011 13:41
16708,1,10/25/2011 12:20,10/25/2011 12:20
16709,5,3/3/2011 10:55,9/16/2011 10:56
16710,10,11/20/2011 13:16,9/26/2011 16:15
16711,5,11/13/2011 11:51,7/22/2011 14:23
16712,11,11/21/2011 15:57,9/5/2011 16:27
16713,15,10/4/2011 11:33,9/27/2011 13:49
16714,3,1/26/2011 13:40,5/5/2011 11:09
16715,1,9/22/2011 18:15,9/22/2011 18:15
16716,2,2/1/2011 15:35,3/18/2011 10:03
16717,6,11/16/2011 12:16,9/5/2011 10:27
16718,1,12/5/2010 13:03,12/5/2010 13:03
16719,7,1/5/2011 11:52,9/26/2011 10:39
16720,1,11/13/2011 16:22,11/13/2011 16:22
16721,1,3/22/2011 16:08,3/22/2011 16:08
16722,13,10/19/2011 16:41,9/1/2011 11:38
16723,2,8/24/2011 11:31,9/9/2011 13:01
16725,7,1/27/2011 16:49,2/4/2011 14:08
16726,5,11/13/2011 14:53,5/27/2011 13:00
16727,1,12/10/2010 13:48,12/10/2010 13:48
16728,4,10/24/2011 14:36,6/26/2011 11:59
16729,21,10/17/2011 13:57,9/30/2011 12:35
16730,3,1/24/2011 14:01,4/19/2011 12:41
16732,1,11/8/2011 9:54,11/8/2011 9:54
16734,3,10/18/2011 13:44,8/17/2011 15:02
16735,5,1/9/2011 12:53,9/22/2011 11:49
16737,1,10/17/2011 13:03,10/17/2011 13:03
16738,1,2/15/2011 9:46,2/15/2011 9:46
16739,1,6/16/2011 9:17,6/16/2011 9:17
16742,1,10/24/2011 12:02,10/24/2011 12:02
16743,7,11/10/2011 13:13,8/18/2011 18:15
16744,7,10/23/2011 12:08,9/4/2011 12:10
16745,17,2/1/2011 11:31,9/2/2011 13:10
16746,18,1/16/2011 10:42,9/25/2011 14:52
16747,2,10/3/2011 10:18,11/2/2011 11:37
16748,5,1/9/2011 13:50,5/6/2011 11:26
16750,5,10/26/2011 12:48,9/27/2011 14:31
16751,1,11/9/2011 10:48,11/9/2011 10:48
16752,1,12/2/2010 12:18,12/2/2010 12:18
16753,1,10/12/2011 13:14,10/12/2011 13:14
16754,1,12/2/2010 17:38,12/2/2010 17:38
16755,3,1/28/2011 10:47,8/17/2011 13:21
16756,1,5/9/2011 9:33,5/9/2011 9:33
16757,1,1/25/2011 11:59,1/25/2011 11:59
16758,1,10/5/2011 14:47,10/5/2011 14:47
16759,3,11/9/2011 9:06,12/2/2011 12:42
16761,1,9/4/2011 11:15,9/4/2011 11:15
16762,3,10/25/2011 10:17,7/18/2011 12:52
16763,1,5/25/2011 11:52,5/25/2011 11:52
16764,13,10/28/2011 13:00,9/28/2011 12:36
16765,1,2/18/2011 15:41,2/18/2011 15:41
16766,2,3/11/2011 13:34,3/11/2011 15:22
16767,11,1/27/2011 13:38,9/7/2011 9:15
16768,3,10/23/2011 10:38,8/28/2011 10:43
16769,1,3/24/2011 13:41,3/24/2011 13:41
16770,5,1/30/2011 13:51,4/17/2011 12:49
16771,5,1/5/2011 13:57,9/25/2011 14:52
16773,1,10/13/2011 14:37,10/13/2011 14:37
16774,4,10/3/2011 12:41,8/15/2011 12:57
16775,11,1/13/2011 15:18,9/28/2011 16:35
16776,1,10/10/2011 13:04,10/10/2011 13:04
16777,2,3/27/2011 14:34,9/20/2011 13:41
16778,2,3/10/2011 15:21,9/26/2011 13:48
16779,22,1/12/2011 10:20,9/29/2011 16:53
16780,2,3/25/2011 17:34,8/31/2011 16:09
16781,1,12/2/2010 14:26,12/2/2010 14:26
16782,13,1/27/2011 10:02,9/23/2011 9:26
16784,1,11/20/2011 12:20,11/20/2011 12:20
16788,2,3/30/2011 13:05,8/8/2011 14:53
16789,1,12/1/2011 15:12,12/1/2011 15:12
16790,6,11/11/2011 9:02,12/6/2011 11:53
16791,7,1/11/2011 15:42,8/9/2011 13:22
16792,2,3/2/2011 14:39,3/2/2011 14:41
16793,1,10/13/2011 15:08,10/13/2011 15:08
16794,10,10/23/2011 14:41,9/11/2011 15:50
16795,1,12/9/2010 14:08,12/9/2010 14:08
16796,1,9/11/2011 14:01,9/11/2011 14:01
16800,1,11/28/2011 14:06,11/28/2011 14:06
16801,4,3/11/2011 13:56,6/29/2011 15:33
16803,1,10/5/2011 14:28,10/5/2011 14:28
16804,3,11/16/2011 16:42,3/14/2011 15:48
16805,2,12/14/2010 13:35,6/19/2011 11:23
16806,4,4/14/2011 19:59,8/28/2011 15:27
16807,3,3/14/2011 9:46,7/20/2011 12:00
16808,2,3/10/2011 19:05,9/1/2011 19:34
16809,5,10/9/2011 12:44,7/26/2011 14:24
16810,1,5/31/2011 15:32,5/31/2011 15:32
16811,2,11/22/2011 17:19,12/5/2011 11:39
16812,1,12/14/2010 12:35,12/14/2010 12:35
16813,10,10/20/2011 15:20,9/4/2011 11:12
16814,21,1/13/2011 12:53,9/13/2011 10:17
16816,4,1/30/2011 15:40,8/28/2011 14:16
16817,9,11/7/2011 12:39,6/7/2011 10:05
16818,11,11/29/2011 10:41,9/7/2011 14:40
16820,1,9/5/2011 12:06,9/5/2011 12:06
16823,1,4/26/2011 15:00,4/26/2011 15:00
16824,2,11/24/2011 12:38,6/28/2011 13:36
16825,2,11/1/2011 11:51,6/7/2011 9:44
16826,1,10/19/2011 14:05,10/19/2011 14:05
16828,2,8/19/2011 13:24,9/7/2011 15:10
16829,1,7/6/2011 10:48,7/6/2011 10:48
16830,1,11/1/2011 11:35,11/1/2011 11:35
16832,3,5/20/2011 14:47,6/8/2011 15:36
16833,4,1/9/2011 13:02,3/25/2011 8:53
16834,1,4/26/2011 9:37,4/26/2011 9:37
16835,2,12/1/2010 17:15,8/3/2011 13:50
16836,2,10/31/2011 10:05,8/15/2011 12:38
16837,11,10/11/2011 11:49,7/5/2011 10:06
16838,2,2/24/2011 15:01,5/26/2011 13:13
16839,34,1/14/2011 15:29,9/26/2011 15:13
16841,6,11/3/2011 11:51,7/25/2011 13:06
16842,3,2/10/2011 14:51,8/31/2011 10:42
16843,16,1/16/2011 16:10,9/7/2011 10:56
16846,1,10/20/2011 13:55,10/20/2011 13:55
16847,1,10/27/2011 13:29,10/27/2011 13:29
16848,1,10/18/2011 8:42,10/18/2011 8:42
16849,1,6/6/2011 9:16,6/6/2011 9:16
16850,1,1/10/2011 11:09,1/10/2011 11:09
16851,3,10/19/2011 9:48,12/5/2011 13:32
16852,2,11/29/2011 13:22,6/16/2011 15:49
16855,2,10/27/2011 16:31,11/16/2011 12:03
16856,1,11/25/2011 8:59,11/25/2011 8:59
16858,1,12/6/2010 9:52,12/6/2010 9:52
16859,2,3/23/2011 13:39,7/18/2011 12:19
16861,2,10/11/2011 9:05,7/4/2011 15:38
16863,2,11/8/2011 15:26,12/8/2010 8:58
16866,3,7/1/2011 12:34,7/22/2011 10:06
16869,4,10/19/2011 12:34,6/27/2011 12:16
16871,6,11/17/2011 19:27,9/11/2011 15:59
16872,3,6/8/2011 14:32,9/23/2011 16:05
16873,6,10/9/2011 12:20,8/4/2011 15:33
16875,5,1/4/2011 10:37,7/18/2011 11:41
16877,6,10/30/2011 16:15,7/10/2011 16:18
16878,1,9/16/2011 17:39,9/16/2011 17:39
16880,7,11/9/2011 11:33,9/1/2011 11:22
16881,1,10/4/2011 10:33,10/4/2011 10:33
16882,3,1/26/2011 17:43,4/14/2011 14:36
16883,2,12/3/2010 10:33,6/5/2011 12:51
16884,2,11/2/2011 10:16,11/2/2011 11:52
16885,3,10/19/2011 14:22,12/17/2010 17:23
16887,1,11/4/2011 14:07,11/4/2011 14:07
16889,3,1/7/2011 10:47,5/29/2011 11:05
16891,5,11/3/2011 13:50,9/5/2011 11:31
16892,5,11/10/2011 13:03,6/9/2011 11:35
16893,1,12/8/2010 12:06,12/8/2010 12:06
16895,1,10/6/2011 12:15,10/6/2011 12:15
16897,2,1/30/2011 11:52,2/13/2011 15:02
16898,3,11/13/2011 15:44,6/15/2011 13:35
16899,6,11/20/2011 14:31,9/11/2011 10:35
16900,3,10/7/2011 13:17,11/23/2011 10:32
16902,1,8/15/2011 14:17,8/15/2011 14:17
16903,1,11/10/2011 15:32,11/10/2011 15:32
16904,16,1/19/2011 11:38,9/6/2011 12:25
16905,7,10/23/2011 15:23,4/17/2011 11:30
16906,4,4/5/2011 12:30,9/19/2011 11:49
16907,5,11/10/2011 18:04,7/14/2011 17:44
16909,1,9/28/2011 16:45,9/28/2011 16:45
16910,8,10/18/2011 13:29,9/9/2011 14:14
16912,11,1/20/2011 15:42,7/28/2011 14:35
16913,1,2/22/2011 12:56,2/22/2011 12:56
16914,1,11/3/2011 15:27,11/3/2011 15:27
16915,6,10/26/2011 16:07,8/4/2011 13:03
16916,2,11/16/2011 12:08,12/2/2010 13:14
16917,1,3/8/2011 11:55,3/8/2011 11:55
16918,6,1/26/2011 17:37,9/5/2011 13:50
16919,11,12/14/2010 14:15,7/6/2011 13:35
16921,1,10/9/2011 16:22,10/9/2011 16:22
16923,19,1/30/2011 11:11,9/1/2011 14:29
16924,3,10/6/2011 11:41,9/16/2011 12:54
16926,1,12/3/2010 13:42,12/3/2010 13:42
16927,3,12/13/2010 11:57,8/16/2011 11:10
16928,17,1/21/2011 13:07,9/6/2011 13:29
16929,7,11/17/2011 8:54,9/29/2011 9:16
16930,3,10/2/2011 14:25,11/13/2011 16:13
16931,21,1/23/2011 12:19,9/25/2011 13:08
16932,1,10/17/2011 14:12,10/17/2011 14:12
16933,2,12/8/2011 12:54,4/14/2011 13:33
16934,2,10/16/2011 12:25,10/16/2011 12:40
16936,1,11/14/2011 11:04,11/14/2011 11:04
16938,4,12/1/2011 10:20,6/13/2011 11:24
16940,3,10/18/2011 13:15,6/23/2011 13:13
16942,9,11/27/2011 12:40,7/6/2011 17:31
16943,3,1/25/2011 14:00,5/12/2011 11:57
16945,19,10/12/2011 15:41,9/2/2011 9:48
16947,1,4/18/2011 9:38,4/18/2011 9:38
16948,3,1/18/2011 10:58,7/24/2011 12:46
16949,6,1/27/2011 12:11,6/7/2011 10:34
16950,3,10/14/2011 9:06,8/7/2011 13:30
16951,3,2/8/2011 14:58,7/28/2011 12:05
16952,2,8/22/2011 12:58,8/22/2011 13:03
16953,1,11/9/2011 15:54,11/9/2011 15:54
16954,9,10/10/2011 13:11,8/7/2011 10:55
16955,4,1/7/2011 15:42,6/8/2011 10:36
16956,1,11/22/2011 8:56,11/22/2011 8:56
16957,2,3/3/2011 9:25,4/14/2011 13:56
16959,1,9/13/2011 15:03,9/13/2011 15:03
16960,3,10/10/2011 11:47,4/1/2011 11:54
16961,1,8/15/2011 13:46,8/15/2011 13:46
16963,1,6/5/2011 13:48,6/5/2011 13:48
16965,1,4/27/2011 12:08,4/27/2011 12:08
16966,7,10/26/2011 10:33,6/22/2011 15:06
16967,1,6/3/2011 14:24,6/3/2011 14:24
16968,2,12/5/2011 15:02,8/24/2011 10:51
16969,3,10/31/2011 13:12,7/28/2011 13:54
16971,1,11/1/2011 15:06,11/1/2011 15:06
16976,1,3/17/2011 16:33,3/17/2011 16:33
16978,1,9/23/2011 12:50,9/23/2011 12:50
16979,6,10/19/2011 12:01,7/15/2011 8:59
16980,2,2/21/2011 12:58,3/29/2011 16:36
16982,1,10/10/2011 12:28,10/10/2011 12:28
16983,7,1/23/2011 15:34,9/4/2011 11:00
16984,2,8/1/2011 17:37,9/12/2011 13:43
16985,10,1/30/2011 12:09,9/12/2011 13:38
16986,2,11/10/2011 11:55,11/9/2011 15:52
16987,7,10/16/2011 16:09,6/22/2011 16:44
16988,1,12/4/2011 16:02,12/4/2011 16:02
16989,6,10/7/2011 13:11,9/21/2011 14:17
16990,1,5/5/2011 8:30,5/5/2011 8:30
16992,5,11/29/2011 11:50,9/2/2011 8:50
16996,6,11/9/2011 16:43,8/10/2011 14:34
16997,3,1/18/2011 11:51,2/3/2011 15:17
16998,4,2/8/2011 15:42,7/13/2011 9:44
16999,2,11/16/2011 13:53,9/26/2011 15:43
17001,11,1/24/2011 15:59,9/9/2011 12:24
17002,3,2/22/2011 11:46,9/15/2011 12:40
17004,2,10/24/2011 14:25,9/8/2011 12:16
17006,4,11/21/2011 13:44,9/25/2011 12:15
17007,6,10/20/2011 10:47,7/7/2011 18:14
17010,1,11/21/2011 14:49,11/21/2011 14:49
17011,1,11/9/2011 13:30,11/9/2011 13:30
17014,3,10/4/2011 11:36,12/1/2011 14:09
17015,3,11/11/2011 10:45,9/29/2011 17:36
17017,20,10/26/2011 14:20,9/28/2011 9:40
17018,2,1/18/2011 8:46,10/30/2011 11:42
17019,4,1/13/2011 11:48,3/23/2011 11:16
17022,1,11/8/2011 17:09,11/8/2011 17:09
17024,3,10/25/2011 13:47,9/1/2011 15:21
17025,3,10/10/2011 9:06,12/1/2010 15:46
17026,2,12/5/2010 12:47,6/7/2011 14:28
17027,6,1/26/2011 14:19,9/22/2011 12:24
17029,2,4/17/2011 10:57,8/21/2011 11:06
17030,1,10/7/2011 8:49,10/7/2011 8:49
17031,2,11/28/2011 10:23,7/8/2011 9:38
17033,3,12/15/2010 13:21,9/14/2011 14:34
17034,3,11/23/2011 15:14,9/21/2011 8:27
17035,2,2/1/2011 12:27,4/8/2011 11:23
17037,1,9/13/2011 12:49,9/13/2011 12:49
17038,1,11/9/2011 13:50,11/9/2011 13:50
17040,1,7/25/2011 10:19,7/25/2011 10:19
17041,3,11/13/2011 11:21,8/23/2011 9:53
17042,5,12/7/2011 12:26,8/10/2011 13:19
17043,4,10/19/2011 10:56,6/14/2011 13:52
17044,1,11/14/2011 14:28,11/14/2011 14:28
17045,3,4/6/2011 12:08,8/18/2011 17:09
17046,1,7/5/2011 14:24,7/5/2011 14:24
17047,3,5/18/2011 16:50,9/15/2011 13:27
17048,3,1/12/2011 16:51,8/14/2011 11:49
17049,9,10/17/2011 13:39,9/16/2011 13:03
17050,6,2/13/2011 12:41,9/4/2011 13:48
17051,1,5/29/2011 14:13,5/29/2011 14:13
17052,1,11/11/2011 14:50,11/11/2011 14:50
17053,1,8/1/2011 10:23,8/1/2011 10:23
17054,5,11/11/2011 12:56,7/25/2011 9:58
17058,3,4/14/2011 9:18,9/19/2011 10:13
17059,5,11/10/2011 12:27,8/21/2011 15:17
17060,1,3/18/2011 13:27,3/18/2011 13:27
17061,11,4/21/2011 13:29,9/27/2011 11:24
17062,4,1/30/2011 11:01,12/9/2010 12:37
17063,7,10/13/2011 12:06,6/29/2011 13:59
17064,3,1/16/2011 16:10,6/10/2011 10:26
17068,21,1/13/2011 9:40,9/6/2011 12:10
17069,9,11/11/2011 17:11,9/23/2011 8:25
17070,1,8/17/2011 17:01,8/17/2011 17:01
17071,9,10/11/2011 11:35,9/12/2011 15:31
17073,4,10/18/2011 10:53,9/18/2011 16:04
17075,4,1/26/2011 13:20,3/31/2011 13:47
17076,3,11/3/2011 17:53,3/11/2011 8:59
17078,2,11/3/2011 18:49,11/3/2011 19:17
17079,1,9/22/2011 15:34,9/22/2011 15:34
17080,2,11/17/2011 12:59,3/15/2011 12:05
17081,2,10/24/2011 13:08,11/14/2011 12:56
17082,2,1/25/2011 14:36,11/6/2011 15:17
17083,3,2/17/2011 11:46,8/22/2011 15:43
17084,2,11/4/2011 14:49,11/4/2011 14:54
17085,5,12/12/2010 12:24,8/8/2011 14:15
17086,6,10/21/2011 13:27,12/2/2011 13:54
17088,4,11/11/2011 14:23,9/28/2011 10:39
17090,7,10/18/2011 12:59,9/2/2011 15:05
17091,9,1/19/2011 10:49,9/2/2011 14:56
17092,4,10/20/2011 19:51,9/13/2011 12:09
17094,1,1/21/2011 13:09,1/21/2011 13:09
17095,3,1/9/2011 11:05,2/13/2011 13:52
17096,4,10/12/2011 15:49,7/19/2011 17:02
17097,8,1/19/2011 13:32,8/31/2011 15:35
17100,2,11/21/2011 16:36,11/21/2011 16:36
17101,4,10/19/2011 12:30,6/14/2011 14:49
17102,1,3/23/2011 10:08,3/23/2011 10:08
17105,2,2/6/2011 14:46,7/3/2011 15:53
17107,6,11/6/2011 14:08,9/25/2011 14:37
17109,6,10/26/2011 13:31,4/21/2011 15:51
17110,1,6/27/2011 12:58,6/27/2011 12:58
17111,1,10/23/2011 15:59,10/23/2011 15:59
17114,8,1/9/2011 11:39,7/24/2011 11:58
17115,3,12/1/2011 14:30,6/10/2011 8:54
17117,1,2/24/2011 13:54,2/24/2011 13:54
17118,1,1/26/2011 12:19,1/26/2011 12:19
17119,2,10/11/2011 11:03,12/6/2011 14:40
17120,1,4/20/2011 15:21,4/20/2011 15:21
17122,1,8/12/2011 14:33,8/12/2011 14:33
17123,1,7/1/2011 10:47,7/1/2011 10:47
17124,1,6/7/2011 14:02,6/7/2011 14:02
17125,1,10/20/2011 14:41,10/20/2011 14:41
17126,5,12/12/2010 11:26,7/10/2011 13:52
17128,1,1/9/2011 12:02,1/9/2011 12:02
17131,5,10/23/2011 15:07,9/25/2011 12:42
17133,7,11/24/2011 12:24,9/13/2011 13:15
17134,2,3/20/2011 11:56,8/25/2011 9:53
17135,7,10/18/2011 12:07,2/23/2011 10:27
17138,1,3/9/2011 11:54,3/9/2011 11:54
17139,12,10/6/2011 16:47,9/12/2011 13:16
17140,1,4/6/2011 13:33,4/6/2011 13:33
17142,1,4/14/2011 18:22,4/14/2011 18:22
17144,2,12/8/2011 17:57,9/16/2011 12:50
17146,3,12/16/2010 12:20,8/26/2011 12:44
17147,4,11/17/2011 12:32,9/20/2011 8:23
17148,1,10/19/2011 9:59,10/19/2011 9:59
17152,3,3/21/2011 16:20,5/29/2011 12:19
17153,1,11/15/2011 13:42,11/15/2011 13:42
17154,1,9/25/2011 13:42,9/25/2011 13:42
17155,2,11/22/2011 12:38,6/15/2011 10:22
17157,2,12/2/2011 9:10,6/16/2011 15:08
17158,3,11/7/2011 15:15,4/21/2011 10:12
17159,3,11/18/2011 10:52,9/25/2011 15:56
17160,6,11/8/2011 14:05,8/22/2011 13:32
17162,10,11/11/2011 11:34,7/31/2011 16:04
17163,2,11/18/2011 8:57,9/22/2011 15:54
17164,7,11/7/2011 9:12,9/21/2011 11:48
17165,1,2/28/2011 16:39,2/28/2011 16:39
17166,2,11/1/2011 9:46,5/20/2011 8:18
17169,2,10/13/2011 10:25,6/9/2011 13:16
17171,1,2/23/2011 16:37,2/23/2011 16:37
17172,1,9/22/2011 9:36,9/22/2011 9:36
17173,8,10/12/2011 10:35,8/15/2011 10:28
17174,1,5/6/2011 11:47,5/6/2011 11:47
17175,4,10/26/2011 15:31,7/21/2011 18:08
17176,1,5/22/2011 12:41,5/22/2011 12:41
17179,3,12/13/2010 14:24,6/14/2011 16:48
17180,4,1/27/2011 18:05,4/12/2011 16:20
17181,2,10/13/2011 14:48,12/1/2010 12:38
17183,6,10/16/2011 15:32,8/26/2011 15:25
17186,2,10/10/2011 12:52,10/24/2011 10:20
17187,1,4/27/2011 12:39,4/27/2011 12:39
17188,7,1/28/2011 12:48,6/28/2011 14:51
17189,2,12/15/2010 17:28,8/25/2011 19:39
17190,2,10/12/2011 11:33,5/16/2011 15:29
17191,7,11/11/2011 16:58,9/6/2011 12:15
17193,7,10/12/2011 10:26,9/14/2011 10:40
17194,2,12/14/2010 12:06,3/11/2011 12:05
17197,1,11/10/2011 10:32,11/10/2011 10:32
17198,3,11/16/2011 10:39,12/9/2010 13:34
17201,1,10/17/2011 11:55,10/17/2011 11:55
17203,6,10/10/2011 14:37,11/4/2011 12:27
17204,4,3/21/2011 12:42,6/17/2011 14:46
17205,1,10/17/2011 12:46,10/17/2011 12:46
17206,1,10/17/2011 13:25,10/17/2011 13:25
17211,8,10/23/2011 11:10,6/12/2011 13:21
17212,1,3/31/2011 19:42,3/31/2011 19:42
17213,7,1/27/2011 14:07,7/21/2011 15:47
17214,6,10/10/2011 13:17,9/15/2011 11:25
17217,1,4/19/2011 17:19,4/19/2011 17:19
17218,10,1/9/2011 15:10,9/29/2011 16:48
17219,1,11/8/2011 11:25,11/8/2011 11:25
17220,14,1/31/2011 11:42,9/29/2011 14:46
17221,2,11/3/2011 17:39,12/2/2011 13:35
17222,1,10/5/2011 13:58,10/5/2011 13:58
17223,2,12/6/2010 14:08,2/2/2011 15:57
17226,1,2/4/2011 11:52,2/4/2011 11:52
17227,6,10/10/2011 10:16,9/30/2011 15:14
17228,8,10/7/2011 10:55,9/13/2011 11:34
17229,2,7/20/2011 12:38,9/4/2011 13:56
17230,8,12/15/2010 11:22,3/20/2011 16:12
17231,10,1/19/2011 17:17,8/5/2011 16:19
17232,2,11/25/2011 12:24,12/7/2011 12:21
17233,1,11/4/2011 14:06,11/4/2011 14:06
17234,1,6/10/2011 11:20,6/10/2011 11:20
17235,2,11/14/2011 15:51,12/2/2010 13:38
17236,6,1/25/2011 12:52,6/13/2011 15:47
17237,2,11/17/2011 12:55,11/28/2011 15:02
17238,17,1/21/2011 13:21,9/16/2011 13:53
17239,1,1/31/2011 9:41,1/31/2011 9:41
17242,2,6/12/2011 13:04,8/23/2011 14:55
17243,26,1/23/2011 10:15,9/8/2011 12:44
17244,1,10/17/2011 15:19,10/17/2011 15:19
17245,1,5/19/2011 10:43,5/19/2011 10:43
17247,1,11/24/2011 15:21,11/24/2011 15:21
17248,1,8/11/2011 13:34,8/11/2011 13:34
17250,2,12/6/2011 12:15,3/23/2011 16:45
17251,1,12/12/2010 11:06,12/12/2010 11:06
17252,2,6/6/2011 16:41,8/15/2011 9:45
17253,1,11/21/2011 12:59,11/21/2011 12:59
17254,2,11/24/2011 14:09,12/5/2011 12:46
17255,2,10/30/2011 12:18,2/13/2011 15:18
17256,2,1/31/2011 14:53,8/24/2011 13:30
17259,2,12/6/2010 12:55,7/14/2011 15:01
17262,5,10/18/2011 12:56,4/26/2011 15:58
17263,1,5/15/2011 14:32,5/15/2011 14:32
17265,2,6/12/2011 12:00,7/24/2011 10:49
17266,3,12/6/2011 14:30,7/15/2011 11:57
17267,2,8/4/2011 17:19,8/4/2011 17:22
17268,4,4/10/2011 10:16,8/24/2011 10:06
17272,4,10/24/2011 16:20,5/24/2011 13:46
17274,1,11/4/2011 13:16,11/4/2011 13:16
17277,2,1/21/2011 12:37,4/26/2011 12:47
17278,1,4/12/2011 13:10,4/12/2011 13:10
17279,1,10/13/2011 11:58,10/13/2011 11:58
17282,3,2/13/2011 11:36,8/1/2011 14:29
17284,6,1/7/2011 14:31,8/11/2011 12:00
17286,1,11/18/2011 12:47,11/18/2011 12:47
17287,7,11/13/2011 13:27,9/26/2011 12:53
17288,7,1/17/2011 13:25,5/16/2011 14:32
17289,3,11/6/2011 12:31,6/12/2011 13:51
17290,2,11/23/2011 15:53,12/6/2011 12:38
17291,1,2/4/2011 13:04,2/4/2011 13:04
17293,9,10/12/2011 14:22,9/15/2011 16:36
17295,3,10/6/2011 12:22,11/11/2011 10:49
17297,1,11/22/2011 14:43,11/22/2011 14:43
17298,2,8/30/2011 16:43,8/7/2011 12:21
17299,4,11/28/2011 12:01,9/11/2011 13:22
17301,1,11/18/2011 13:43,11/18/2011 13:43
17302,5,11/25/2011 9:36,8/9/2011 9:04
17303,1,12/13/2010 13:32,12/13/2010 13:32
17306,19,1/21/2011 15:41,9/29/2011 14:50
17309,1,9/5/2011 15:20,9/5/2011 15:20
17311,2,1/27/2011 10:56,9/22/2011 14:11
17312,3,7/24/2011 11:52,7/7/2011 20:07
17313,1,11/8/2011 15:45,11/8/2011 15:45
17314,8,1/31/2011 11:25,7/14/2011 11:28
17315,38,1/20/2011 12:29,9/25/2011 14:53
17317,3,10/18/2011 9:07,9/11/2011 12:45
17320,3,12/6/2010 15:38,8/31/2011 13:31
17321,2,10/3/2011 11:34,12/1/2011 13:41
17323,7,10/9/2011 12:19,8/7/2011 12:05
17324,4,1/12/2011 11:21,12/8/2010 12:45
17325,1,3/4/2011 13:09,3/4/2011 13:09
17329,2,1/28/2011 15:29,11/25/2011 14:24
17330,2,10/3/2011 11:26,11/17/2011 8:56
17331,1,8/8/2011 11:55,8/8/2011 11:55
17333,1,9/15/2011 10:11,9/15/2011 10:11
17334,2,2/10/2011 14:59,2/4/2011 9:03
17337,4,2/2/2011 17:06,7/11/2011 14:55
17338,8,1/12/2011 13:40,8/17/2011 14:22
17339,2,12/9/2010 14:44,9/6/2011 13:29
17340,11,11/10/2011 10:45,9/20/2011 13:53
17341,3,12/8/2010 12:46,7/6/2011 12:33
17343,1,12/19/2010 15:07,12/19/2010 15:07
17344,1,10/24/2011 12:56,10/24/2011 12:56
17345,4,11/24/2011 15:02,9/7/2011 14:09
17346,15,10/12/2011 11:58,8/28/2011 15:01
17347,1,9/14/2011 13:12,9/14/2011 13:12
17348,5,11/11/2011 11:11,9/29/2011 11:39
17349,1,6/13/2011 14:29,6/13/2011 14:29
17350,4,10/19/2011 16:05,12/1/2011 15:47
17351,3,11/3/2011 18:45,6/23/2011 19:29
17353,2,7/8/2011 16:17,8/2/2011 17:19
17354,1,10/20/2011 10:34,10/20/2011 10:34
17356,1,2/1/2011 11:07,2/1/2011 11:07
17357,2,11/15/2011 16:29,11/15/2011 16:30
17358,2,12/19/2010 14:16,2/9/2011 16:57
17359,1,11/28/2011 14:37,11/28/2011 14:37
17360,3,11/22/2011 12:55,6/8/2011 17:09
17361,3,10/21/2011 15:43,6/6/2011 14:02
17362,2,2/3/2011 10:26,4/14/2011 14:43
17364,11,1/12/2011 16:57,7/25/2011 12:58
17365,8,1/11/2011 12:11,9/13/2011 12:18
17367,1,4/15/2011 14:21,4/15/2011 14:21
17368,8,1/13/2011 9:55,9/7/2011 14:47
17370,4,6/23/2011 11:50,9/8/2011 14:19
17371,3,11/22/2011 13:25,12/13/2010 15:20
17372,8,1/26/2011 17:08,6/9/2011 13:50
17373,4,1/31/2011 11:46,9/29/2011 14:40
17374,2,3/3/2011 12:53,5/5/2011 9:05
17375,3,1/31/2011 16:02,5/24/2011 15:45
17376,2,2/1/2011 14:12,9/30/2011 12:36
17377,20,10/10/2011 11:50,9/26/2011 10:22
17379,1,11/28/2011 13:56,11/28/2011 13:56
17381,29,1/10/2011 12:04,9/1/2011 15:52
17382,1,10/5/2011 13:05,10/5/2011 13:05
17383,1,12/5/2011 17:36,12/5/2011 17:36
17384,2,11/20/2011 15:48,5/4/2011 16:07
17385,1,11/25/2011 11:02,11/25/2011 11:02
17386,6,12/2/2011 11:28,9/1/2011 13:47
17387,2,11/20/2011 11:00,11/6/2011 11:25
17388,4,2/25/2011 12:28,9/23/2011 10:31
17389,34,1/12/2011 15:48,9/5/2011 10:00
17391,2,6/28/2011 12:21,6/29/2011 9:58
17392,2,12/16/2010 19:04,2/6/2011 12:48
17394,1,5/4/2011 13:22,5/4/2011 13:22
17396,8,10/3/2011 14:09,7/14/2011 10:24
17397,2,11/17/2011 13:58,11/17/2011 14:08
17398,3,3/29/2011 13:04,8/17/2011 9:48
17400,5,12/21/2010 17:16,8/5/2011 15:38
17402,13,1/14/2011 13:59,9/15/2011 15:20
17403,1,11/3/2011 15:18,11/3/2011 15:18
17404,15,1/28/2011 10:00,9/13/2011 11:12
17405,3,12/8/2011 17:12,9/28/2011 10:27
17406,3,1/10/2011 14:57,12/8/2010 10:35
17408,1,6/29/2011 12:53,6/29/2011 12:53
17409,2,4/5/2011 16:42,6/8/2011 10:36
17410,5,10/12/2011 13:55,9/4/2011 16:08
17411,3,11/27/2011 14:25,9/25/2011 10:48
17412,7,10/11/2011 12:27,5/27/2011 14:55
17414,2,10/27/2011 12:13,6/8/2011 11:43
17415,1,9/21/2011 12:50,9/21/2011 12:50
17416,7,11/10/2011 12:47,9/23/2011 10:25
17418,2,1/20/2011 11:39,10/28/2011 13:00
17419,12,1/19/2011 9:54,7/19/2011 12:39
17420,3,10/20/2011 14:52,6/21/2011 15:07
17422,6,11/23/2011 13:27,9/7/2011 15:00
17423,2,10/24/2011 13:36,5/6/2011 9:14
17425,2,10/10/2011 11:37,11/20/2011 15:30
17426,6,12/1/2011 18:03,9/9/2011 15:51
17427,1,9/29/2011 11:29,9/29/2011 11:29
17428,28,1/11/2011 10:38,9/15/2011 15:21
17429,3,5/5/2011 9:53,8/3/2011 13:22
17430,2,11/7/2011 9:24,12/9/2010 13:05
17431,1,1/30/2011 14:36,1/30/2011 14:36
17432,2,11/2/2011 17:30,11/21/2011 17:33
17433,1,9/12/2011 14:24,9/12/2011 14:24
17434,7,10/20/2011 10:06,9/15/2011 13:54
17436,2,12/8/2011 12:30,4/27/2011 11:33
17438,1,3/31/2011 10:26,3/31/2011 10:26
17440,3,4/6/2011 12:05,7/6/2011 11:54
17442,6,11/3/2011 9:17,9/7/2011 12:19
17443,1,5/4/2011 10:47,5/4/2011 10:47
17444,3,6/20/2011 9:04,7/15/2011 12:05
17446,2,2/2/2011 14:40,6/16/2011 10:42
17447,2,10/30/2011 14:18,9/29/2011 10:10
17449,7,10/25/2011 17:21,9/6/2011 8:34
17450,46,1/11/2011 8:43,9/5/2011 13:52
17451,7,10/14/2011 13:24,9/19/2011 9:30
17453,2,10/6/2011 17:02,11/22/2011 9:42
17454,4,12/15/2010 10:54,5/31/2011 13:58
17455,1,5/20/2011 12:31,5/20/2011 12:31
17456,1,12/9/2010 15:23,12/9/2010 15:23
17457,5,1/4/2011 14:33,8/5/2011 12:48
17458,1,11/24/2011 13:01,11/24/2011 13:01
17459,2,10/10/2011 17:00,10/27/2011 13:25
17460,6,1/25/2011 13:43,9/6/2011 15:04
17461,3,11/10/2011 12:01,11/17/2011 10:21
17462,2,10/10/2011 13:56,2/28/2011 17:01
17463,5,1/30/2011 15:48,6/16/2011 15:10
17464,1,7/4/2011 13:19,7/4/2011 13:19
17466,2,11/29/2011 13:15,9/22/2011 9:16
17468,2,11/25/2011 12:52,11/29/2011 15:33
17469,5,11/23/2011 13:15,9/28/2011 10:42
17470,5,10/26/2011 12:42,8/4/2011 13:15
17472,3,2/13/2011 14:40,6/1/2011 14:57
17475,1,9/21/2011 14:55,9/21/2011 14:55
17480,1,9/23/2011 11:39,9/23/2011 11:39
17481,4,11/24/2011 9:06,9/7/2011 9:57
17483,3,10/5/2011 13:10,7/28/2011 17:33
17486,1,3/23/2011 14:00,3/23/2011 14:00
17489,2,10/12/2011 8:56,5/11/2011 11:34
17490,7,10/6/2011 17:52,9/27/2011 11:52
17491,10,1/18/2011 11:30,9/5/2011 11:51
17492,1,4/5/2011 15:21,4/5/2011 15:21
17495,2,11/1/2011 12:06,12/2/2011 12:08
17496,1,12/16/2010 8:39,12/16/2010 8:39
17498,1,9/25/2011 12:25,9/25/2011 12:25
17499,1,2/23/2011 9:14,2/23/2011 9:14
17500,3,11/10/2011 9:08,11/22/2011 14:25
17501,2,5/3/2011 9:46,5/3/2011 9:47
17502,4,11/10/2011 16:39,11/30/2011 13:13
17503,2,11/1/2011 11:12,12/7/2011 9:18
17504,9,1/21/2011 11:09,5/6/2011 10:34
17505,2,5/18/2011 9:01,7/1/2011 12:50
17506,1,9/25/2011 11:39,9/25/2011 11:39
17507,2,2/3/2011 18:08,3/23/2011 11:48
17508,1,3/4/2011 8:10,3/4/2011 8:10
17509,8,10/10/2011 8:58,10/7/2011 15:26
17510,1,11/15/2011 10:00,11/15/2011 10:00
17511,31,1/5/2011 12:40,9/7/2011 11:41
17512,10,10/19/2011 15:26,8/10/2011 14:55
17513,1,9/28/2011 16:42,9/28/2011 16:42
17514,1,8/3/2011 15:45,8/3/2011 15:45
17515,4,1/25/2011 14:33,5/17/2011 14:03
17516,5,11/24/2011 16:51,8/12/2011 14:50
17517,1,2/4/2011 11:48,2/4/2011 11:48
17519,6,11/22/2011 16:43,7/29/2011 12:09
17520,1,10/17/2011 12:04,10/17/2011 12:04
17521,3,10/5/2011 13:42,5/24/2011 15:14
17522,5,12/8/2011 12:31,7/24/2011 12:29
17523,4,11/20/2011 13:40,11/28/2011 13:20
17524,1,12/13/2010 14:32,12/13/2010 14:32
17525,1,12/15/2010 12:05,12/15/2010 12:05
17526,4,12/14/2010 11:11,2/22/2011 9:10
17527,4,10/17/2011 12:32,9/20/2011 9:06
17528,8,10/12/2011 15:35,9/29/2011 13:45
17530,10,10/27/2011 20:16,9/15/2011 17:00
17531,1,6/2/2011 19:17,6/2/2011 19:17
17534,1,10/17/2011 12:47,10/17/2011 12:47
17535,1,3/4/2011 15:20,3/4/2011 15:20
17536,1,6/15/2011 13:23,6/15/2011 13:23
17537,2,11/10/2011 10:56,2/9/2011 13:37
17538,1,11/14/2011 12:12,11/14/2011 12:12
17540,2,1/27/2011 14:35,11/15/2011 11:56
17542,1,3/15/2011 11:45,3/15/2011 11:45
17545,3,10/27/2011 13:48,10/27/2011 14:04
17548,1,4/20/2011 12:01,4/20/2011 12:01
17549,2,10/19/2011 10:05,11/16/2011 9:59
17550,3,4/10/2011 15:19,5/26/2011 14:09
17551,1,12/15/2010 14:12,12/15/2010 14:12
17552,4,10/10/2011 17:00,9/29/2011 18:51
17553,1,8/2/2011 10:00,8/2/2011 10:00
17554,5,10/11/2011 14:19,8/9/2011 10:16
17555,2,1/9/2011 12:31,11/20/2011 12:22
17556,1,5/18/2011 10:48,5/18/2011 10:48
17557,3,10/26/2011 15:43,9/19/2011 14:23
17560,5,2/10/2011 13:08,9/6/2011 9:18
17561,1,11/20/2011 12:53,11/20/2011 12:53
17562,7,10/19/2011 15:15,9/13/2011 14:42
17564,3,10/26/2011 13:20,9/20/2011 14:00
17566,2,11/14/2011 13:42,12/1/2011 19:54
17567,8,10/13/2011 12:52,9/8/2011 10:00
17569,1,1/11/2011 14:15,1/11/2011 14:15
17571,4,10/20/2011 15:57,7/17/2011 12:26
17572,4,12/1/2010 12:51,9/29/2011 17:53
17573,3,11/10/2011 13:01,9/7/2011 10:36
17574,1,4/11/2011 9:47,4/11/2011 9:47
17576,19,1/18/2011 16:45,9/27/2011 17:03
17578,1,5/5/2011 18:38,5/5/2011 18:38
17579,3,12/5/2011 12:28,7/25/2011 9:50
17580,3,1/31/2011 14:07,4/1/2011 12:41
17581,25,1/14/2011 12:09,9/22/2011 11:41
17582,1,4/17/2011 13:18,4/17/2011 13:18
17584,2,12/2/2011 17:12,8/4/2011 14:12
17585,4,1/5/2011 15:09,8/22/2011 13:30
17588,3,4/21/2011 10:31,8/31/2011 13:37
17589,4,10/10/2011 16:58,7/11/2011 17:07
17590,3,10/30/2011 14:05,12/7/2011 12:55
17591,7,1/24/2011 11:50,9/27/2011 13:42
17593,5,12/22/2010 10:29,9/9/2011 9:52
17594,2,3/30/2011 10:32,9/15/2011 16:34
17595,2,11/2/2011 16:19,11/27/2011 16:08
17596,7,10/25/2011 13:46,7/26/2011 13:46
17597,1,5/10/2011 11:54,5/10/2011 11:54
17600,1,11/22/2011 9:43,11/22/2011 9:43
17601,1,4/14/2011 18:02,4/14/2011 18:02
17602,6,1/19/2011 16:18,9/15/2011 14:07
17603,1,9/22/2011 14:18,9/22/2011 14:18
17604,2,1/31/2011 15:09,5/6/2011 13:43
17608,2,11/6/2011 13:00,11/6/2011 13:06
17609,5,1/16/2011 16:23,9/27/2011 17:47
17611,15,1/19/2011 15:20,9/28/2011 12:20
17612,6,10/17/2011 14:59,9/5/2011 14:07
17613,14,10/27/2011 10:01,9/19/2011 13:20
17614,1,10/13/2011 16:01,10/13/2011 16:01
17615,3,5/1/2011 15:33,8/1/2011 14:06
17616,3,12/7/2010 10:04,6/19/2011 10:11
17618,3,12/12/2010 16:05,4/5/2011 13:07
17619,1,1/31/2011 14:18,1/31/2011 14:18
17620,1,10/11/2011 12:08,10/11/2011 12:08
17621,3,1/31/2011 13:07,12/20/2010 13:31
17623,1,11/7/2011 11:32,11/7/2011 11:32
17624,2,11/25/2011 10:52,5/5/2011 17:59
17625,4,10/19/2011 12:21,7/22/2011 13:53
17628,1,9/19/2011 15:21,9/19/2011 15:21
17629,8,10/4/2011 10:29,8/11/2011 14:16
17630,2,4/21/2011 14:03,6/23/2011 11:58
17631,3,12/8/2011 9:47,7/25/2011 13:37
17633,4,11/8/2011 13:25,9/29/2011 11:33
17634,9,1/6/2011 12:45,9/8/2011 12:55
17636,1,11/20/2011 14:40,11/20/2011 14:40
17637,2,11/8/2011 12:51,8/16/2011 13:25
17639,1,3/8/2011 15:22,3/8/2011 15:22
17640,1,9/14/2011 9:13,9/14/2011 9:13
17642,2,6/16/2011 12:55,8/12/2011 9:11
17643,1,12/1/2010 14:38,12/1/2010 14:38
17644,11,11/3/2011 15:01,9/22/2011 12:54
17646,3,12/9/2010 14:28,5/4/2011 13:17
17647,1,10/5/2011 15:38,10/5/2011 15:38
17648,4,10/10/2011 9:41,5/31/2011 11:22
17649,1,7/24/2011 15:53,7/24/2011 15:53
17650,1,11/18/2011 14:52,11/18/2011 14:52
17651,10,10/20/2011 11:30,9/21/2011 9:45
17652,12,10/10/2011 13:13,9/16/2011 14:39
17653,4,11/1/2011 15:49,9/1/2011 12:17
17654,1,3/7/2011 13:17,3/7/2011 13:17
17655,7,10/30/2011 14:15,8/15/2011 11:59
17656,5,8/17/2011 13:06,9/27/2011 13:04
17658,2,11/14/2011 12:07,5/12/2011 15:23
17659,12,10/11/2011 13:12,8/31/2011 15:13
17660,1,7/21/2011 13:37,7/21/2011 13:37
17663,7,11/14/2011 8:56,9/16/2011 13:37
17664,2,11/21/2011 11:29,5/11/2011 14:17
17666,2,10/5/2011 11:06,12/6/2011 9:06
17667,5,10/4/2011 14:32,7/1/2011 9:47
17668,2,11/1/2011 14:45,12/8/2011 13:25
17669,7,10/28/2011 8:53,9/15/2011 13:43
17670,1,4/26/2011 9:12,4/26/2011 9:12
17671,4,11/24/2011 12:21,7/5/2011 12:03
17672,2,10/20/2011 14:18,2/3/2011 13:29
17673,6,1/23/2011 15:16,6/6/2011 14:12
17674,2,12/6/2010 10:20,9/26/2011 13:35
17675,31,1/5/2011 10:08,9/30/2011 12:45
17676,6,10/12/2011 14:21,8/5/2011 14:36
17677,30,1/25/2011 12:46,9/18/2011 12:42
17678,1,3/21/2011 11:52,3/21/2011 11:52
17679,2,10/18/2011 7:43,9/15/2011 10:35
17680,1,11/16/2011 12:42,11/16/2011 12:42
17682,6,11/29/2011 15:59,8/16/2011 15:22
17684,1,10/27/2011 11:10,10/27/2011 11:10
17685,7,1/14/2011 12:27,9/12/2011 12:27
17686,7,12/2/2011 15:39,9/20/2011 11:39
17690,15,1/17/2011 12:31,8/30/2011 9:36
17691,2,12/16/2010 17:20,12/6/2010 11:10
17692,4,12/15/2010 13:37,8/4/2011 14:01
17693,1,7/25/2011 15:48,7/25/2011 15:48
17694,1,7/21/2011 12:00,7/21/2011 12:00
17695,2,6/21/2011 12:35,7/31/2011 10:40
17696,8,11/1/2011 13:43,8/23/2011 13:59
17697,1,4/17/2011 15:40,4/17/2011 15:40
17698,1,3/24/2011 11:34,3/24/2011 11:34
17700,4,11/23/2011 11:51,9/6/2011 9:34
17701,1,4/1/2011 12:25,4/1/2011 12:25
17702,4,11/9/2011 16:03,8/23/2011 9:38
17703,3,11/4/2011 15:51,8/22/2011 15:05
17704,2,4/14/2011 9:28,6/24/2011 9:40
17705,9,11/9/2011 15:50,9/26/2011 11:38
17706,17,10/10/2011 12:26,8/31/2011 13:23
17707,2,1/7/2011 13:30,6/7/2011 15:03
17708,2,1/19/2011 10:09,6/5/2011 10:12
17709,1,6/23/2011 11:55,6/23/2011 11:55
17711,2,11/29/2011 11:40,2/23/2011 11:32
17712,1,10/26/2011 12:28,10/26/2011 12:28
17714,1,1/23/2011 10:32,1/23/2011 10:32
17715,1,5/23/2011 12:32,5/23/2011 12:32
17716,11,11/10/2011 15:59,9/6/2011 12:02
17718,1,4/21/2011 13:39,4/21/2011 13:39
17719,15,11/2/2011 10:36,9/25/2011 12:22
17720,4,11/13/2011 15:04,8/18/2011 16:32
17722,4,1/19/2011 11:50,9/4/2011 15:22
17723,6,5/23/2011 13:28,8/4/2011 18:37
17724,3,7/24/2011 13:26,9/29/2011 15:26
17725,11,10/30/2011 12:32,9/30/2011 9:45
17727,1,11/24/2011 17:06,11/24/2011 17:06
17728,3,10/5/2011 8:17,9/14/2011 11:39
17730,13,1/17/2011 14:49,9/22/2011 10:26
17731,4,6/9/2011 14:18,9/21/2011 15:02
17732,1,12/2/2010 9:29,12/2/2010 9:29
17733,2,11/1/2011 8:16,3/23/2011 9:54
17734,3,10/17/2011 12:33,7/26/2011 9:20
17735,19,1/26/2011 12:36,9/7/2011 10:38
17736,3,10/28/2011 9:00,8/18/2011 14:33
17737,2,10/12/2011 14:42,11/30/2011 15:16
17738,4,11/20/2011 15:05,7/14/2011 9:23
17739,7,1/10/2011 15:35,9/29/2011 9:03
17742,2,1/11/2011 10:04,8/18/2011 15:28
17744,6,1/13/2011 14:55,4/3/2011 12:46
17746,1,4/13/2011 14:31,4/13/2011 14:31
17747,1,8/19/2011 8:13,8/19/2011 8:13
17749,2,3/28/2011 13:39,6/14/2011 15:45
17750,9,10/14/2011 15:59,9/18/2011 15:15
17752,1,12/15/2010 16:19,12/15/2010 16:19
17754,5,10/5/2011 12:40,7/20/2011 15:56
17757,30,1/27/2011 16:13,9/30/2011 13:54
17758,8,10/18/2011 13:11,9/21/2011 15:12
17759,3,11/22/2011 16:02,6/23/2011 13:41
17760,2,11/18/2011 10:56,12/1/2010 15:08
17761,1,11/7/2011 10:23,11/7/2011 10:23
17763,1,3/21/2011 14:25,3/21/2011 14:25
17764,2,10/20/2011 11:03,5/12/2011 16:11
17765,3,3/28/2011 11:58,7/4/2011 12:41
17767,1,11/24/2011 14:42,11/24/2011 14:42
17768,3,11/6/2011 14:14,6/26/2011 13:46
17769,10,1/23/2011 11:15,7/24/2011 11:06
17770,5,3/2/2011 13:35,5/25/2011 12:34
17771,2,1/20/2011 14:13,10/14/2011 11:43
17772,2,11/29/2011 10:57,11/29/2011 11:05
17774,4,2/7/2011 13:13,9/4/2011 12:49
17775,1,3/30/2011 10:50,3/30/2011 10:50
17777,3,10/31/2011 13:05,8/31/2011 14:35
17779,3,11/18/2011 14:15,9/13/2011 11:24
17781,2,3/31/2011 19:54,7/3/2011 16:00
17783,2,4/6/2011 10:07,9/28/2011 16:07
17785,1,10/17/2011 13:43,10/17/2011 13:43
17786,2,1/26/2011 14:35,9/15/2011 12:51
17787,4,1/20/2011 12:20,7/10/2011 11:24
17788,2,8/2/2011 10:38,9/27/2011 10:09
17789,1,3/3/2011 13:14,3/3/2011 13:14
17790,14,10/9/2011 14:22,8/11/2011 14:54
17791,1,11/10/2011 12:09,11/10/2011 12:09
17793,1,11/14/2011 14:24,11/14/2011 14:24
17795,2,3/20/2011 12:02,6/13/2011 12:36
17796,4,1/30/2011 12:42,12/5/2010 12:23
17797,3,11/17/2011 13:16,6/10/2011 11:29
17799,10,1/21/2011 15:56,9/1/2011 14:42
17800,9,1/9/2011 13:50,9/9/2011 13:19
17802,3,12/2/2010 13:44,9/18/2011 14:56
17805,1,9/27/2011 11:49,9/27/2011 11:49
17806,1,11/28/2011 14:12,11/28/2011 14:12
17809,12,10/10/2011 8:30,8/2/2011 15:40
17811,39,1/10/2011 10:58,9/8/2011 13:53
17812,4,11/1/2011 13:59,12/6/2010 15:27
17813,5,10/13/2011 14:28,9/29/2011 15:57
17816,4,10/5/2011 14:16,3/15/2011 14:20
17817,3,12/5/2011 14:39,3/7/2011 17:42
17819,7,12/12/2010 12:46,9/29/2011 10:52
17824,1,10/19/2011 14:14,10/19/2011 14:14
17827,5,12/10/2010 10:18,4/11/2011 16:56
17828,4,11/17/2011 8:41,8/22/2011 9:03
17829,1,2/14/2011 12:46,2/14/2011 12:46
17830,3,12/8/2011 12:28,3/23/2011 11:44
17831,1,11/6/2011 15:09,11/6/2011 15:09
17832,1,10/21/2011 11:43,10/21/2011 11:43
17835,3,11/16/2011 16:30,12/7/2011 11:48
17836,1,10/23/2011 16:13,10/23/2011 16:13
17837,8,10/11/2011 14:34,9/25/2011 14:08
17838,5,11/13/2011 11:20,9/11/2011 14:34
17839,1,10/28/2011 17:27,10/28/2011 17:27
17841,124,1/12/2011 12:31,9/9/2011 10:12
17843,1,2/9/2011 15:33,2/9/2011 15:33
17844,1,8/25/2011 11:27,8/25/2011 11:27
17846,1,9/15/2011 15:20,9/15/2011 15:20
17848,9,1/13/2011 10:48,9/19/2011 16:49
17849,4,1/10/2011 11:59,5/5/2011 13:46
17850,34,12/1/2010 10:51,12/2/2010 9:44
17852,2,11/28/2011 12:31,11/28/2011 12:36
17854,2,4/26/2011 16:53,6/7/2011 16:21
17855,1,12/2/2010 9:44,12/2/2010 9:44
17856,4,12/8/2011 9:40,4/20/2011 13:13
17857,23,10/25/2011 14:23,9/28/2011 9:02
17858,12,1/23/2011 14:29,9/18/2011 14:08
17859,1,2/8/2011 10:32,2/8/2011 10:32
17860,1,12/6/2010 12:41,12/6/2010 12:41
17861,8,1/24/2011 11:34,7/6/2011 13:25
17862,1,1/20/2011 12:23,1/20/2011 12:23
17863,6,10/11/2011 13:45,9/20/2011 10:38
17864,3,11/27/2011 11:15,9/11/2011 13:39
17865,20,10/26/2011 10:11,9/21/2011 13:58
17866,1,7/20/2011 11:07,7/20/2011 11:07
17867,6,11/9/2011 14:11,7/19/2011 12:42
17869,5,12/6/2010 17:16,8/24/2011 16:16
17870,12,10/25/2011 10:32,9/9/2011 10:37
17871,1,5/19/2011 11:32,5/19/2011 11:32
17873,5,12/1/2010 14:54,9/20/2011 16:41
17874,6,3/29/2011 11:25,6/7/2011 12:54
17877,1,6/22/2011 13:00,6/22/2011 13:00
17878,1,10/27/2011 11:24,10/27/2011 11:24
17879,1,6/19/2011 12:36,6/19/2011 12:36
17880,1,12/10/2010 10:21,12/10/2010 10:21
17881,1,2/8/2011 17:16,2/8/2011 17:16
17883,4,11/25/2011 14:02,9/14/2011 13:37
17884,4,12/3/2010 12:11,2/1/2011 11:08
17885,1,11/27/2011 14:40,11/27/2011 14:40
17886,3,11/8/2011 10:09,5/13/2011 10:22
17887,1,8/2/2011 17:29,8/2/2011 17:29
17888,8,1/26/2011 12:45,9/21/2011 16:43
17889,2,1/21/2011 17:14,5/11/2011 16:26
17890,2,1/21/2011 11:19,12/13/2010 15:12
17891,1,6/30/2011 20:08,6/30/2011 20:08
17892,3,10/13/2011 13:20,7/7/2011 12:56
17893,1,4/28/2011 13:50,4/28/2011 13:50
17894,8,1/31/2011 13:19,9/4/2011 14:36
17895,1,10/26/2011 17:00,10/26/2011 17:00
17896,1,11/16/2011 13:59,11/16/2011 13:59
17897,3,12/1/2010 12:31,6/20/2011 11:23
17898,2,5/16/2011 17:13,9/15/2011 14:56
17899,1,7/3/2011 14:58,7/3/2011 14:58
17900,2,6/2/2011 14:28,6/2/2011 14:38
17901,1,11/10/2011 17:29,11/10/2011 17:29
17904,1,11/18/2011 12:57,11/18/2011 12:57
17905,4,12/1/2010 13:21,9/29/2011 17:33
17906,1,4/6/2011 17:25,4/6/2011 17:25
17908,1,12/1/2010 11:45,12/1/2010 11:45
17911,1,11/30/2011 14:52,11/30/2011 14:52
17912,5,12/10/2010 11:11,2/2/2011 14:25
17913,2,10/12/2011 10:45,12/19/2010 11:35
17914,1,12/6/2011 11:58,12/6/2011 11:58
17917,3,10/25/2011 13:20,3/28/2011 16:37
17919,1,9/12/2011 13:41,9/12/2011 13:41
17920,17,1/28/2011 16:18,9/22/2011 12:13
17921,4,10/6/2011 18:56,7/14/2011 18:56
17923,1,3/2/2011 15:15,3/2/2011 15:15
17924,7,10/3/2011 10:08,2/11/2011 11:38
17925,1,12/2/2010 10:10,12/2/2010 10:10
17926,2,5/20/2011 9:24,7/29/2011 14:39
17928,2,10/25/2011 13:52,4/7/2011 18:03
17929,4,11/28/2011 16:01,8/19/2011 8:57
17930,5,10/6/2011 15:32,9/29/2011 12:11
17931,2,3/29/2011 12:31,7/28/2011 18:33
17932,3,11/10/2011 19:49,6/19/2011 10:39
17934,2,10/12/2011 10:50,10/19/2011 11:16
17935,2,7/21/2011 11:23,7/24/2011 13:18
17936,1,12/4/2011 13:32,12/4/2011 13:32
17937,7,11/8/2011 15:45,8/17/2011 12:10
17939,1,7/3/2011 12:27,7/3/2011 12:27
17940,10,10/21/2011 13:27,8/3/2011 11:24
17941,1,8/1/2011 8:30,8/1/2011 8:30
17942,1,12/2/2011 10:45,12/2/2011 10:45
17946,2,3/25/2011 14:34,4/20/2011 17:00
17947,1,11/2/2011 13:05,11/2/2011 13:05
17948,1,7/15/2011 12:58,7/15/2011 12:58
17949,45,1/6/2011 10:20,9/7/2011 14:30
17950,3,12/9/2010 15:16,9/28/2011 15:18
17951,3,10/31/2011 12:30,12/16/2010 12:55
17954,12,1/14/2011 14:39,8/8/2011 13:46
17955,4,5/25/2011 12:00,5/5/2011 12:40
17956,1,4/4/2011 13:47,4/4/2011 13:47
17957,1,10/4/2011 14:58,10/4/2011 14:58
17958,1,8/15/2011 12:19,8/15/2011 12:19
17960,1,6/21/2011 14:15,6/21/2011 14:15
17961,39,1/14/2011 17:16,9/30/2011 12:12
17962,1,7/20/2011 14:16,7/20/2011 14:16
17964,2,11/8/2011 10:44,12/2/2010 13:32
17965,14,1/12/2011 10:58,9/9/2011 10:54
17966,5,11/2/2011 10:26,7/11/2011 15:28
17967,1,12/3/2010 11:19,12/3/2010 11:19
17968,1,12/1/2010 12:23,12/1/2010 12:23
17969,2,12/13/2010 15:34,6/26/2011 13:00
17970,1,5/12/2011 20:03,5/12/2011 20:03
17972,1,4/12/2011 12:16,4/12/2011 12:16
17973,1,10/19/2011 10:34,10/19/2011 10:34
17974,3,10/26/2011 15:17,5/4/2011 11:50
17975,13,1/4/2011 13:50,8/17/2011 10:59
17976,1,12/2/2010 13:49,12/2/2010 13:49
17977,1,11/10/2011 13:28,11/10/2011 13:28
17978,1,12/9/2010 14:05,12/9/2010 14:05
17979,4,11/4/2011 12:05,6/24/2011 10:44
17980,3,12/15/2010 15:50,6/27/2011 12:01
17984,1,7/17/2011 15:59,7/17/2011 15:59
17985,1,11/17/2011 14:24,11/17/2011 14:24
17986,1,10/14/2011 14:22,10/14/2011 14:22
17987,1,6/7/2011 14:22,6/7/2011 14:22
17988,7,1/17/2011 11:59,8/14/2011 15:56
17990,3,12/13/2010 12:10,4/17/2011 11:44
17991,2,4/27/2011 16:39,4/28/2011 15:58
17994,4,2/22/2011 11:02,8/10/2011 11:41
17995,1,3/3/2011 12:30,3/3/2011 12:30
17997,8,6/28/2011 17:28,9/8/2011 15:16
17999,2,11/2/2011 15:56,12/8/2010 15:17
18001,2,11/27/2011 16:02,9/14/2011 11:21
18004,1,12/12/2010 13:47,12/12/2010 13:47
18005,2,10/23/2011 14:40,12/6/2011 11:51
18006,1,11/16/2011 16:52,11/16/2011 16:52
18008,9,1/25/2011 12:26,9/30/2011 15:17
18009,1,4/18/2011 13:36,4/18/2011 13:36
18010,1,3/28/2011 12:27,3/28/2011 12:27
18011,1,12/1/2010 17:35,12/1/2010 17:35
18013,2,7/7/2011 14:08,7/7/2011 14:11
18014,1,11/11/2011 15:28,11/11/2011 15:28
18015,1,12/5/2011 14:49,12/5/2011 14:49
18016,5,1/28/2011 15:21,9/26/2011 14:06
18017,3,2/2/2011 13:57,9/19/2011 16:15
18018,2,5/24/2011 13:22,8/23/2011 17:37
18019,1,10/19/2011 12:10,10/19/2011 12:10
18022,1,11/4/2011 12:45,11/4/2011 12:45
18024,2,7/10/2011 12:28,7/10/2011 12:40
18027,1,9/2/2011 10:38,9/2/2011 10:38
18030,2,10/28/2011 13:55,12/5/2011 16:37
18032,1,1/9/2011 15:32,1/9/2011 15:32
18033,1,10/5/2011 17:28,10/5/2011 17:28
18034,2,11/18/2011 12:08,11/18/2011 12:22
18035,3,10/27/2011 17:48,11/4/2011 12:39
18036,3,11/7/2011 14:40,8/26/2011 12:55
18037,6,1/21/2011 15:45,7/8/2011 13:39
18040,2,11/20/2011 14:20,4/8/2011 8:27
18041,21,1/18/2011 15:25,9/30/2011 10:08
18042,1,10/17/2011 11:49,10/17/2011 11:49
18043,3,11/15/2011 12:48,5/17/2011 12:40
18044,10,11/3/2011 8:56,9/13/2011 11:52
18045,1,10/25/2011 13:07,10/25/2011 13:07
18048,2,5/20/2011 14:54,5/20/2011 14:58
18050,1,12/15/2010 14:25,12/15/2010 14:25
18053,1,9/30/2011 9:05,9/30/2011 9:05
18055,10,10/31/2011 12:02,9/16/2011 14:04
18056,1,2/24/2011 14:27,2/24/2011 14:27
18058,1,11/30/2011 8:38,11/30/2011 8:38
18059,3,10/26/2011 14:36,11/16/2011 16:49
18061,10,1/21/2011 10:35,8/24/2011 8:49
18062,3,1/6/2011 10:03,6/19/2011 14:47
18064,2,4/18/2011 15:08,7/29/2011 16:39
18065,14,12/10/2010 12:44,9/14/2011 11:36
18066,1,9/25/2011 15:30,9/25/2011 15:30
18067,1,10/30/2011 15:58,10/30/2011 15:58
18068,1,2/23/2011 14:50,2/23/2011 14:50
18069,5,1/16/2011 15:50,9/12/2011 16:14
18071,2,12/9/2010 10:33,3/27/2011 11:59
18072,1,6/7/2011 10:44,6/7/2011 10:44
18073,12,5/26/2011 19:38,8/3/2011 14:33
18074,1,12/1/2010 9:53,12/1/2010 9:53
18075,10,1/25/2011 10:20,8/25/2011 15:10
18077,11,1/25/2011 10:38,8/28/2011 12:29
18078,2,3/25/2011 15:08,5/6/2011 14:32
18079,4,10/25/2011 15:21,8/5/2011 11:00
18080,2,11/21/2011 8:02,4/11/2011 10:10
18081,3,11/3/2011 16:30,8/19/2011 12:23
18082,1,11/14/2011 12:45,11/14/2011 12:45
18084,1,11/23/2011 13:57,11/23/2011 13:57
18085,2,1/13/2011 15:17,12/1/2010 12:08
18086,1,3/10/2011 13:34,3/10/2011 13:34
18087,2,2/22/2011 10:43,9/2/2011 15:12
18088,1,10/9/2011 13:41,10/9/2011 13:41
18092,11,1/13/2011 14:50,9/14/2011 9:11
18093,4,2/10/2011 12:15,9/7/2011 15:43
18094,7,2/21/2011 8:50,9/19/2011 9:28
18095,2,1/11/2011 12:37,1/31/2011 12:50
18096,3,10/13/2011 13:35,11/28/2011 12:44
18097,6,1/4/2011 10:22,8/5/2011 10:32
18099,1,8/4/2011 15:52,8/4/2011 15:52
18101,2,11/28/2011 13:37,7/19/2011 13:05
18102,60,10/21/2011 11:54,9/28/2011 16:17
18104,1,11/2/2011 14:07,11/2/2011 14:07
18105,1,11/2/2011 12:04,11/2/2011 12:04
18106,1,1/14/2011 12:23,1/14/2011 12:23
18108,1,3/30/2011 13:56,3/30/2011 13:56
18109,26,1/12/2011 12:12,9/9/2011 13:58
18110,1,11/20/2011 12:34,11/20/2011 12:34
18112,2,11/27/2011 14:43,6/26/2011 13:56
18113,1,12/6/2010 12:31,12/6/2010 12:31
18114,1,2/22/2011 13:20,2/22/2011 13:20
18116,8,10/3/2011 11:00,4/3/2011 14:24
18117,1,11/14/2011 12:47,11/14/2011 12:47
18118,26,1/18/2011 13:05,9/9/2011 12:22
18119,1,12/7/2010 11:59,12/7/2010 11:59
18120,1,5/9/2011 13:45,5/9/2011 13:45
18121,2,7/13/2011 12:53,7/8/2011 12:14
18122,6,10/16/2011 13:08,9/16/2011 12:34
18123,2,11/15/2011 14:23,11/8/2011 13:31
18125,4,1/27/2011 15:02,5/22/2011 11:51
18126,1,10/10/2011 12:19,10/10/2011 12:19
18127,3,11/20/2011 12:45,7/29/2011 10:06
18129,1,4/10/2011 14:16,4/10/2011 14:16
18130,3,10/13/2011 15:58,11/24/2011 14:40
18133,1,5/11/2011 14:14,5/11/2011 14:14
18135,5,11/1/2011 17:08,9/20/2011 14:08
18136,3,1/24/2011 12:08,5/12/2011 11:59
18138,1,2/17/2011 14:51,2/17/2011 14:51
18139,6,11/21/2011 14:06,11/22/2011 9:17
18142,2,5/8/2011 12:31,7/5/2011 13:19
18143,2,7/21/2011 10:44,8/15/2011 12:07
18144,12,1/25/2011 12:15,9/22/2011 17:08
18145,4,1/31/2011 12:10,9/13/2011 12:13
18146,2,5/3/2011 16:35,7/22/2011 12:08
18147,2,10/25/2011 11:46,8/23/2011 12:22
18149,3,10/20/2011 12:04,5/8/2011 12:48
18150,3,11/7/2011 16:49,7/22/2011 15:43
18151,2,2/23/2011 8:29,7/28/2011 11:35
18154,2,10/27/2011 10:40,12/6/2011 16:41
18155,3,2/21/2011 10:36,9/25/2011 13:32
18156,2,11/27/2011 12:24,12/5/2010 12:29
18158,2,11/30/2011 16:19,9/12/2011 9:03
18159,1,2/11/2011 14:26,2/11/2011 14:26
18160,2,10/13/2011 15:50,5/23/2011 13:41
18161,5,1/24/2011 11:56,7/22/2011 13:31
18164,1,11/2/2011 12:56,11/2/2011 12:56
18165,1,6/15/2011 13:23,6/15/2011 13:23
18167,3,11/16/2011 15:56,8/26/2011 11:40
18168,6,12/15/2010 11:08,6/16/2011 19:21
18169,1,10/10/2011 12:18,10/10/2011 12:18
18170,3,11/6/2011 14:35,8/19/2011 16:04
18171,5,1/10/2011 9:55,9/1/2011 16:30
18172,20,11/25/2011 11:12,9/22/2011 16:48
18173,4,3/10/2011 11:56,9/14/2011 11:26
18174,1,12/2/2011 16:56,12/2/2011 16:56
18176,1,12/16/2010 15:45,12/16/2010 15:45
18177,6,11/8/2011 14:44,7/5/2011 10:23
18178,4,12/10/2010 12:42,8/3/2011 9:30
18179,6,1/17/2011 14:51,4/1/2011 13:21
18180,6,10/11/2011 11:38,9/20/2011 10:21
18181,1,11/15/2011 15:08,11/15/2011 15:08
18183,2,3/10/2011 10:08,4/26/2011 15:26
18184,1,11/24/2011 15:28,11/24/2011 15:28
18185,1,4/4/2011 13:42,4/4/2011 13:42
18188,3,11/24/2011 16:46,9/23/2011 12:58
18189,2,3/17/2011 9:49,9/23/2011 12:40
18190,2,1/13/2011 10:35,5/31/2011 14:48
18191,1,3/23/2011 12:08,3/23/2011 12:08
18192,1,9/29/2011 9:53,9/29/2011 9:53
18193,1,6/27/2011 13:58,6/27/2011 13:58
18194,1,9/18/2011 13:29,9/18/2011 13:29
18196,2,2/22/2011 16:13,9/5/2011 16:22
18198,17,1/7/2011 13:39,9/29/2011 12:43
18200,1,8/25/2011 18:45,8/25/2011 18:45
18202,3,2/1/2011 13:36,5/24/2011 12:12
18203,1,7/5/2011 13:07,7/5/2011 13:07
18204,3,5/31/2011 15:26,9/29/2011 16:44
18205,2,11/3/2011 13:22,9/26/2011 12:02
18209,1,11/11/2011 12:07,11/11/2011 12:07
18210,6,10/19/2011 15:29,3/17/2011 16:58
18211,5,10/27/2011 13:36,9/15/2011 8:27
18212,1,1/17/2011 16:14,1/17/2011 16:14
18213,1,4/17/2011 10:21,4/17/2011 10:21
18215,1,9/11/2011 16:05,9/11/2011 16:05
18216,1,11/8/2011 16:55,11/8/2011 16:55
18217,2,11/10/2011 13:18,9/30/2011 10:44
18218,2,3/3/2011 12:24,5/12/2011 12:53
18219,10,10/27/2011 18:02,7/13/2011 13:33
18220,1,4/27/2011 9:03,4/27/2011 9:03
18221,5,10/6/2011 17:51,8/16/2011 10:50
18222,1,9/8/2011 10:45,9/8/2011 10:45
18223,14,1/17/2011 11:55,9/4/2011 11:49
18224,1,3/21/2011 10:30,3/21/2011 10:30
18225,12,10/27/2011 13:26,9/16/2011 15:23
18226,11,1/6/2011 9:00,9/19/2011 9:14
18227,1,5/6/2011 12:23,5/6/2011 12:23
18228,2,10/14/2011 9:21,9/21/2011 10:48
18229,20,1/14/2011 10:39,9/7/2011 10:51
18230,7,11/10/2011 16:15,9/6/2011 13:20
18231,5,2/24/2011 9:08,5/31/2011 14:18
18232,4,5/26/2011 16:30,9/19/2011 11:49
18233,1,1/18/2011 8:44,1/18/2011 8:44
18235,3,5/6/2011 13:35,9/29/2011 8:27
18236,6,11/10/2011 8:06,9/21/2011 9:22
18237,5,10/5/2011 13:33,9/9/2011 12:36
18239,5,1/21/2011 15:36,5/5/2011 12:38
18240,1,10/24/2011 13:06,10/24/2011 13:06
18241,17,10/11/2011 9:29,9/26/2011 12:54
18242,4,5/10/2011 11:20,9/28/2011 13:43
18245,7,1/31/2011 11:46,7/13/2011 14:29
18246,2,11/16/2011 11:49,4/20/2011 13:55
18248,2,6/6/2011 13:18,8/9/2011 10:19
18249,1,11/22/2011 15:07,11/22/2011 15:07
18250,1,2/2/2011 13:16,2/2/2011 13:16
18251,1,9/13/2011 15:03,9/13/2011 15:03
18252,2,10/20/2011 12:43,6/21/2011 11:47
18255,1,9/11/2011 13:16,9/11/2011 13:16
18257,8,10/3/2011 14:53,8/17/2011 14:47
18259,3,11/15/2011 12:34,9/15/2011 14:37
18260,6,1/9/2011 14:42,6/20/2011 12:37
18261,2,10/27/2011 15:36,9/5/2011 9:34
18262,1,7/22/2011 16:04,7/22/2011 16:04
18263,3,11/14/2011 9:00,7/7/2011 10:04
18265,2,7/4/2011 15:26,9/28/2011 14:10
18268,1,7/28/2011 19:13,7/28/2011 19:13
18269,1,12/8/2010 13:53,12/8/2010 13:53
18270,2,11/1/2011 13:57,3/18/2011 12:41
18272,6,10/25/2011 11:52,8/18/2011 12:06
18273,3,12/7/2011 13:16,9/5/2011 11:27
18274,1,11/9/2011 17:03,11/9/2011 17:03
18276,1,10/27/2011 10:54,10/27/2011 10:54
18277,1,10/12/2011 15:22,10/12/2011 15:22
18278,1,9/27/2011 11:58,9/27/2011 11:58
18280,1,3/7/2011 9:52,3/7/2011 9:52
18281,1,6/12/2011 10:53,6/12/2011 10:53
18282,2,12/2/2011 11:43,8/5/2011 13:35
18283,16,1/23/2011 14:58,9/5/2011 12:35
18287,3,10/12/2011 10:23,5/22/2011 10:39
