CustomerID,last_purchase_date,days_since_last_purchase,churn_status
12791,2010-12-01,373,Churned
13065,2010-12-01,373,Churned
13747,2010-12-01,373,Churned
14142,2010-12-01,373,Churned
14237,2010-12-01,373,Churned
14729,2010-12-01,373,Churned
15165,2010-12-01,373,Churned
15350,2010-12-01,373,Churned
15922,2010-12-01,373,Churned
16048,2010-12-01,373,Churned
16274,2010-12-01,373,Churned
16583,2010-12-01,373,Churned
17643,2010-12-01,373,Churned
17908,2010-12-01,373,Churned
17968,2010-12-01,373,Churned
18011,2010-12-01,373,Churned
18074,2010-12-01,373,Churned
12738,2010-12-02,372,Churned
12855,2010-12-02,372,Churned
13011,2010-12-02,372,Churned
13108,2010-12-02,372,Churned
14576,2010-12-02,372,Churned
15070,2010-12-02,372,Churned
15363,2010-12-02,372,Churned
15823,2010-12-02,372,Churned
15923,2010-12-02,372,Churned
16510,2010-12-02,372,Churned
16752,2010-12-02,372,Churned
16754,2010-12-02,372,Churned
16781,2010-12-02,372,Churned
17732,2010-12-02,372,Churned
17850,2010-12-02,372,Churned
17855,2010-12-02,372,Churned
17925,2010-12-02,372,Churned
17976,2010-12-02,372,Churned
12686,2010-12-03,371,Churned
12725,2010-12-03,371,Churned
13370,2010-12-03,371,Churned
14589,2010-12-03,371,Churned
16926,2010-12-03,371,Churned
17967,2010-12-03,371,Churned
14813,2010-12-05,369,Churned
15880,2010-12-05,369,Churned
16718,2010-12-05,369,Churned
15899,2010-12-06,368,Churned
16658,2010-12-06,368,Churned
16858,2010-12-06,368,Churned
17860,2010-12-06,368,Churned
18113,2010-12-06,368,Churned
13786,2010-12-07,367,Churned
13807,2010-12-07,367,Churned
15180,2010-12-07,367,Churned
16125,2010-12-07,367,Churned
18119,2010-12-07,367,Churned
12441,2010-12-08,366,Churned
13270,2010-12-08,366,Churned
14821,2010-12-08,366,Churned
15221,2010-12-08,366,Churned
15332,2010-12-08,366,Churned
15347,2010-12-08,366,Churned
15973,2010-12-08,366,Churned
16679,2010-12-08,366,Churned
16893,2010-12-08,366,Churned
18269,2010-12-08,366,Churned
12797,2010-12-09,365,Churned
13369,2010-12-09,365,Churned
14355,2010-12-09,365,Churned
14437,2010-12-09,365,Churned
14932,2010-12-09,365,Churned
15945,2010-12-09,365,Churned
16065,2010-12-09,365,Churned
16795,2010-12-09,365,Churned
17456,2010-12-09,365,Churned
17978,2010-12-09,365,Churned
12785,2010-12-10,364,Churned
14082,2010-12-10,364,Churned
15723,2010-12-10,364,Churned
16565,2010-12-10,364,Churned
16727,2010-12-10,364,Churned
17880,2010-12-10,364,Churned
14413,2010-12-12,362,Churned
15454,2010-12-12,362,Churned
15503,2010-12-12,362,Churned
16665,2010-12-12,362,Churned
17251,2010-12-12,362,Churned
18004,2010-12-12,362,Churned
15361,2010-12-13,361,Churned
17303,2010-12-13,361,Churned
17524,2010-12-13,361,Churned
13948,2010-12-14,360,Churned
16202,2010-12-14,360,Churned
16499,2010-12-14,360,Churned
16812,2010-12-14,360,Churned
13295,2010-12-15,359,Churned
17525,2010-12-15,359,Churned
17551,2010-12-15,359,Churned
17752,2010-12-15,359,Churned
18050,2010-12-15,359,Churned
12967,2010-12-16,358,Churned
13874,2010-12-16,358,Churned
14373,2010-12-16,358,Churned
15224,2010-12-16,358,Churned
15789,2010-12-16,358,Churned
17496,2010-12-16,358,Churned
17691,2010-12-16,358,Churned
18176,2010-12-16,358,Churned
12551,2010-12-17,357,Churned
13033,2010-12-17,357,Churned
15160,2010-12-17,357,Churned
15204,2010-12-17,357,Churned
17343,2010-12-19,355,Churned
15279,2010-12-20,354,Churned
15460,2010-12-20,354,Churned
12515,2010-12-21,353,Churned
16270,2010-12-21,353,Churned
12734,2010-12-22,352,Churned
13304,2010-12-23,351,Churned
13922,2010-12-23,351,Churned
15562,2010-12-23,351,Churned
16282,2011-01-04,339,Churned
15266,2011-01-05,338,Churned
15464,2011-01-05,338,Churned
12386,2011-01-06,337,Churned
13187,2011-01-06,337,Churned
12489,2011-01-07,336,Churned
12501,2011-01-07,336,Churned
12829,2011-01-07,336,Churned
14889,2011-01-07,336,Churned
15607,2011-01-07,336,Churned
15649,2011-01-07,336,Churned
12651,2011-01-09,334,Churned
12793,2011-01-09,334,Churned
17128,2011-01-09,334,Churned
18032,2011-01-09,334,Churned
15100,2011-01-10,333,Churned
15326,2011-01-10,333,Churned
16850,2011-01-10,333,Churned
17406,2011-01-10,333,Churned
12736,2011-01-11,332,Churned
13144,2011-01-11,332,Churned
15346,2011-01-11,332,Churned
16351,2011-01-11,332,Churned
17569,2011-01-11,332,Churned
12652,2011-01-12,331,Churned
14185,2011-01-12,331,Churned
14270,2011-01-12,331,Churned
15171,2011-01-12,331,Churned
13284,2011-01-13,330,Churned
15447,2011-01-13,330,Churned
15510,2011-01-13,330,Churned
16315,2011-01-13,330,Churned
18085,2011-01-13,330,Churned
12672,2011-01-14,329,Churned
13385,2011-01-14,329,Churned
18106,2011-01-14,329,Churned
12872,2011-01-17,326,Churned
13859,2011-01-17,326,Churned
14238,2011-01-17,326,Churned
15316,2011-01-17,326,Churned
18212,2011-01-17,326,Churned
12346,2011-01-18,325,Churned
13898,2011-01-18,325,Churned
15395,2011-01-18,325,Churned
18233,2011-01-18,325,Churned
12665,2011-01-19,324,Churned
14090,2011-01-19,324,Churned
12402,2011-01-20,323,Churned
13008,2011-01-20,323,Churned
15262,2011-01-20,323,Churned
15422,2011-01-20,323,Churned
17862,2011-01-20,323,Churned
15174,2011-01-21,322,Churned
16387,2011-01-21,322,Churned
17094,2011-01-21,322,Churned
17890,2011-01-21,322,Churned
14068,2011-01-23,320,Churned
15167,2011-01-23,320,Churned
17714,2011-01-23,320,Churned
13551,2011-01-24,319,Churned
14130,2011-01-24,319,Churned
14368,2011-01-24,319,Churned
14439,2011-01-24,319,Churned
14782,2011-01-24,319,Churned
15052,2011-01-24,319,Churned
15820,2011-01-24,319,Churned
13002,2011-01-25,318,Churned
13615,2011-01-25,318,Churned
13703,2011-01-25,318,Churned
14248,2011-01-25,318,Churned
15213,2011-01-25,318,Churned
15222,2011-01-25,318,Churned
16222,2011-01-25,318,Churned
16757,2011-01-25,318,Churned
12591,2011-01-26,317,Churned
15661,2011-01-26,317,Churned
16124,2011-01-26,317,Churned
17118,2011-01-26,317,Churned
12764,2011-01-27,316,Churned
13328,2011-01-27,316,Churned
13506,2011-01-27,316,Churned
12377,2011-01-28,315,Churned
12574,2011-01-28,315,Churned
12735,2011-01-28,315,Churned
13161,2011-01-30,313,Churned
15415,2011-01-30,313,Churned
17062,2011-01-30,313,Churned
17431,2011-01-30,313,Churned
13600,2011-01-31,312,Churned
15448,2011-01-31,312,Churned
15881,2011-01-31,312,Churned
16403,2011-01-31,312,Churned
17239,2011-01-31,312,Churned
17619,2011-01-31,312,Churned
18095,2011-01-31,312,Churned
12373,2011-02-01,311,Churned
12929,2011-02-01,311,Churned
13494,2011-02-01,311,Churned
14496,2011-02-01,311,Churned
14549,2011-02-01,311,Churned
14850,2011-02-01,311,Churned
15107,2011-02-01,311,Churned
15940,2011-02-01,311,Churned
17356,2011-02-01,311,Churned
12350,2011-02-02,310,Churned
12559,2011-02-02,310,Churned
14411,2011-02-02,310,Churned
14457,2011-02-02,310,Churned
15226,2011-02-02,310,Churned
17223,2011-02-02,310,Churned
17912,2011-02-02,310,Churned
18250,2011-02-02,310,Churned
13581,2011-02-03,309,Churned
13800,2011-02-03,309,Churned
14497,2011-02-03,309,Churned
16030,2011-02-03,309,Churned
12410,2011-02-04,308,Churned
13963,2011-02-04,308,Churned
15090,2011-02-04,308,Churned
17226,2011-02-04,308,Churned
17291,2011-02-04,308,Churned
17517,2011-02-04,308,Churned
12956,2011-02-06,306,Churned
13584,2011-02-06,306,Churned
14438,2011-02-06,306,Churned
15808,2011-02-06,306,Churned
17392,2011-02-06,306,Churned
13809,2011-02-07,305,Churned
14048,2011-02-07,305,Churned
14600,2011-02-07,305,Churned
15753,2011-02-08,304,Churned
17859,2011-02-08,304,Churned
17881,2011-02-08,304,Churned
12401,2011-02-09,303,Churned
15843,2011-02-09,303,Churned
15970,2011-02-09,303,Churned
17358,2011-02-09,303,Churned
17843,2011-02-09,303,Churned
12561,2011-02-10,302,Churned
13706,2011-02-10,302,Churned
14081,2011-02-10,302,Churned
14431,2011-02-10,302,Churned
16405,2011-02-10,302,Churned
16425,2011-02-10,302,Churned
16725,2011-02-10,302,Churned
17334,2011-02-10,302,Churned
13672,2011-02-11,301,Churned
13819,2011-02-11,301,Churned
18159,2011-02-11,301,Churned
16084,2011-02-13,299,Churned
16897,2011-02-13,299,Churned
15236,2011-02-14,298,Churned
17829,2011-02-14,298,Churned
13893,2011-02-15,297,Churned
14176,2011-02-15,297,Churned
14760,2011-02-15,297,Churned
14935,2011-02-15,297,Churned
16073,2011-02-15,297,Churned
16738,2011-02-15,297,Churned
14386,2011-02-16,296,Churned
15670,2011-02-16,296,Churned
16148,2011-02-16,296,Churned
16494,2011-02-16,296,Churned
16509,2011-02-16,296,Churned
13151,2011-02-17,295,Churned
14371,2011-02-17,295,Churned
18138,2011-02-17,295,Churned
12852,2011-02-18,294,Churned
13932,2011-02-18,294,Churned
16765,2011-02-18,294,Churned
12988,2011-02-20,292,Churned
12365,2011-02-21,291,Churned
12707,2011-02-21,291,Churned
13044,2011-02-21,291,Churned
15303,2011-02-22,290,Churned
16349,2011-02-22,290,Churned
16546,2011-02-22,290,Churned
16913,2011-02-22,290,Churned
18114,2011-02-22,290,Churned
15397,2011-02-23,289,Churned
17171,2011-02-23,289,Churned
17499,2011-02-23,289,Churned
18068,2011-02-23,289,Churned
12565,2011-02-24,288,Churned
12945,2011-02-24,288,Churned
13501,2011-02-24,288,Churned
13751,2011-02-24,288,Churned
15543,2011-02-24,288,Churned
16072,2011-02-24,288,Churned
16997,2011-02-24,288,Churned
17117,2011-02-24,288,Churned
18056,2011-02-24,288,Churned
12361,2011-02-25,287,Churned
13345,2011-02-25,287,Churned
13753,2011-02-25,287,Churned
13973,2011-02-25,287,Churned
13684,2011-02-27,285,Churned
16598,2011-02-27,285,Churned
12509,2011-02-28,284,Churned
14036,2011-02-28,284,Churned
14046,2011-02-28,284,Churned
16339,2011-02-28,284,Churned
17165,2011-02-28,284,Churned
12866,2011-03-01,283,Churned
13166,2011-03-01,283,Churned
15257,2011-03-01,283,Churned
15319,2011-03-01,283,Churned
15456,2011-03-01,283,Churned
15709,2011-03-01,283,Churned
16078,2011-03-01,283,Churned
12834,2011-03-02,282,Churned
12873,2011-03-02,282,Churned
13497,2011-03-02,282,Churned
15733,2011-03-02,282,Churned
16792,2011-03-02,282,Churned
17923,2011-03-02,282,Churned
12817,2011-03-03,281,Churned
13715,2011-03-03,281,Churned
14483,2011-03-03,281,Churned
15087,2011-03-03,281,Churned
16159,2011-03-03,281,Churned
17789,2011-03-03,281,Churned
17995,2011-03-03,281,Churned
12755,2011-03-04,280,Churned
13382,2011-03-04,280,Churned
14570,2011-03-04,280,Churned
14670,2011-03-04,280,Churned
14779,2011-03-04,280,Churned
17325,2011-03-04,280,Churned
17508,2011-03-04,280,Churned
17535,2011-03-04,280,Churned
14247,2011-03-06,278,Churned
12614,2011-03-07,277,Churned
14012,2011-03-07,277,Churned
15554,2011-03-07,277,Churned
15869,2011-03-07,277,Churned
16517,2011-03-07,277,Churned
17654,2011-03-07,277,Churned
18280,2011-03-07,277,Churned
12623,2011-03-08,276,Churned
14586,2011-03-08,276,Churned
15234,2011-03-08,276,Churned
15944,2011-03-08,276,Churned
16917,2011-03-08,276,Churned
17639,2011-03-08,276,Churned
12881,2011-03-09,275,Churned
13093,2011-03-09,275,Churned
13493,2011-03-09,275,Churned
14165,2011-03-09,275,Churned
15057,2011-03-09,275,Churned
17138,2011-03-09,275,Churned
14350,2011-03-10,274,Churned
14603,2011-03-10,274,Churned
14727,2011-03-10,274,Churned
15308,2011-03-10,274,Churned
16471,2011-03-10,274,Churned
16625,2011-03-10,274,Churned
18086,2011-03-10,274,Churned
13043,2011-03-11,273,Churned
13133,2011-03-11,273,Churned
13226,2011-03-11,273,Churned
14114,2011-03-11,273,Churned
15049,2011-03-11,273,Churned
16766,2011-03-11,273,Churned
17194,2011-03-11,273,Churned
13708,2011-03-13,271,Churned
14962,2011-03-14,270,Churned
15388,2011-03-14,270,Churned
13121,2011-03-15,269,Churned
13716,2011-03-15,269,Churned
15047,2011-03-15,269,Churned
16037,2011-03-15,269,Churned
16392,2011-03-15,269,Churned
17542,2011-03-15,269,Churned
13261,2011-03-16,268,Churned
13299,2011-03-16,268,Churned
13358,2011-03-16,268,Churned
16152,2011-03-16,268,Churned
16297,2011-03-16,268,Churned
12514,2011-03-17,267,Churned
12845,2011-03-17,267,Churned
13185,2011-03-17,267,Churned
13216,2011-03-17,267,Churned
13707,2011-03-17,267,Churned
14840,2011-03-17,267,Churned
16216,2011-03-17,267,Churned
16377,2011-03-17,267,Churned
16976,2011-03-17,267,Churned
13072,2011-03-18,266,Churned
14041,2011-03-18,266,Churned
14059,2011-03-18,266,Churned
14066,2011-03-18,266,Churned
14155,2011-03-18,266,Churned
14633,2011-03-18,266,Churned
15019,2011-03-18,266,Churned
15695,2011-03-18,266,Churned
16256,2011-03-18,266,Churned
16716,2011-03-18,266,Churned
17060,2011-03-18,266,Churned
12902,2011-03-20,264,Churned
14693,2011-03-20,264,Churned
15408,2011-03-20,264,Churned
15445,2011-03-20,264,Churned
15703,2011-03-20,264,Churned
16096,2011-03-20,264,Churned
16402,2011-03-20,264,Churned
17230,2011-03-20,264,Churned
13262,2011-03-21,263,Churned
13934,2011-03-21,263,Churned
14762,2011-03-21,263,Churned
16427,2011-03-21,263,Churned
16619,2011-03-21,263,Churned
17678,2011-03-21,263,Churned
17763,2011-03-21,263,Churned
18224,2011-03-21,263,Churned
12831,2011-03-22,262,Churned
14632,2011-03-22,262,Churned
15437,2011-03-22,262,Churned
15457,2011-03-22,262,Churned
16135,2011-03-22,262,Churned
16721,2011-03-22,262,Churned
12564,2011-03-23,261,Churned
12818,2011-03-23,261,Churned
13132,2011-03-23,261,Churned
13239,2011-03-23,261,Churned
14870,2011-03-23,261,Churned
16250,2011-03-23,261,Churned
17102,2011-03-23,261,Churned
17486,2011-03-23,261,Churned
17507,2011-03-23,261,Churned
18191,2011-03-23,261,Churned
12811,2011-03-24,260,Churned
13341,2011-03-24,260,Churned
13512,2011-03-24,260,Churned
14256,2011-03-24,260,Churned
14348,2011-03-24,260,Churned
15178,2011-03-24,260,Churned
16022,2011-03-24,260,Churned
16063,2011-03-24,260,Churned
16769,2011-03-24,260,Churned
17698,2011-03-24,260,Churned
13452,2011-03-25,259,Churned
14536,2011-03-25,259,Churned
13357,2011-03-27,257,Churned
14476,2011-03-27,257,Churned
18071,2011-03-27,257,Churned
12792,2011-03-28,256,Churned
13368,2011-03-28,256,Churned
13649,2011-03-28,256,Churned
15032,2011-03-28,256,Churned
15083,2011-03-28,256,Churned
16692,2011-03-28,256,Churned
18010,2011-03-28,256,Churned
13439,2011-03-29,255,Churned
13803,2011-03-29,255,Churned
15589,2011-03-29,255,Churned
16980,2011-03-29,255,Churned
15353,2011-03-30,254,Churned
15424,2011-03-30,254,Churned
15528,2011-03-30,254,Churned
15832,2011-03-30,254,Churned
17775,2011-03-30,254,Churned
18108,2011-03-30,254,Churned
13060,2011-03-31,253,Churned
14479,2011-03-31,253,Churned
14890,2011-03-31,253,Churned
14957,2011-03-31,253,Churned
15894,2011-03-31,253,Churned
17212,2011-03-31,253,Churned
17438,2011-03-31,253,Churned
13462,2011-04-01,252,Churned
13626,2011-04-01,252,Churned
13841,2011-04-01,252,Churned
14886,2011-04-01,252,Churned
15691,2011-04-01,252,Churned
16162,2011-04-01,252,Churned
17580,2011-04-01,252,Churned
17701,2011-04-01,252,Churned
13781,2011-04-03,250,Churned
13059,2011-04-04,249,Churned
14747,2011-04-04,249,Churned
16142,2011-04-04,249,Churned
17956,2011-04-04,249,Churned
18185,2011-04-04,249,Churned
15442,2011-04-05,248,Churned
16105,2011-04-05,248,Churned
16586,2011-04-05,248,Churned
17492,2011-04-05,248,Churned
13863,2011-04-06,247,Churned
14220,2011-04-06,247,Churned
14964,2011-04-06,247,Churned
15917,2011-04-06,247,Churned
16378,2011-04-06,247,Churned
17140,2011-04-06,247,Churned
17906,2011-04-06,247,Churned
12580,2011-04-07,246,Churned
13712,2011-04-07,246,Churned
13718,2011-04-07,246,Churned
14465,2011-04-07,246,Churned
14981,2011-04-07,246,Churned
16144,2011-04-07,246,Churned
14619,2011-04-08,245,Churned
14924,2011-04-08,245,Churned
15109,2011-04-08,245,Churned
15119,2011-04-08,245,Churned
15775,2011-04-08,245,Churned
16010,2011-04-08,245,Churned
16623,2011-04-08,245,Churned
16643,2011-04-08,245,Churned
17035,2011-04-08,245,Churned
12447,2011-04-10,243,Churned
13508,2011-04-10,243,Churned
13570,2011-04-10,243,Churned
15655,2011-04-10,243,Churned
18129,2011-04-10,243,Churned
12982,2011-04-11,242,Churned
14311,2011-04-11,242,Churned
14326,2011-04-11,242,Churned
14339,2011-04-11,242,Churned
14616,2011-04-11,242,Churned
16552,2011-04-11,242,Churned
17574,2011-04-11,242,Churned
13484,2011-04-12,241,Churned
14669,2011-04-12,241,Churned
15212,2011-04-12,241,Churned
15777,2011-04-12,241,Churned
16697,2011-04-12,241,Churned
17278,2011-04-12,241,Churned
17972,2011-04-12,241,Churned
13221,2011-04-13,240,Churned
13740,2011-04-13,240,Churned
15147,2011-04-13,240,Churned
16097,2011-04-13,240,Churned
17746,2011-04-13,240,Churned
14105,2011-04-14,239,Churned
14154,2011-04-14,239,Churned
14206,2011-04-14,239,Churned
15135,2011-04-14,239,Churned
15139,2011-04-14,239,Churned
15230,2011-04-14,239,Churned
15935,2011-04-14,239,Churned
16957,2011-04-14,239,Churned
17142,2011-04-14,239,Churned
17362,2011-04-14,239,Churned
17601,2011-04-14,239,Churned
12582,2011-04-15,238,Churned
12639,2011-04-15,238,Churned
12769,2011-04-15,238,Churned
13120,2011-04-15,238,Churned
15246,2011-04-15,238,Churned
17367,2011-04-15,238,Churned
12878,2011-04-17,236,Churned
13474,2011-04-17,236,Churned
14532,2011-04-17,236,Churned
16193,2011-04-17,236,Churned
17582,2011-04-17,236,Churned
17697,2011-04-17,236,Churned
17990,2011-04-17,236,Churned
18213,2011-04-17,236,Churned
12754,2011-04-18,235,Churned
15749,2011-04-18,235,Churned
16217,2011-04-18,235,Churned
16617,2011-04-18,235,Churned
16947,2011-04-18,235,Churned
18009,2011-04-18,235,Churned
12585,2011-04-19,234,Churned
12733,2011-04-19,234,Churned
13101,2011-04-19,234,Churned
14242,2011-04-19,234,Churned
14672,2011-04-19,234,Churned
15225,2011-04-19,234,Churned
15717,2011-04-19,234,Churned
17217,2011-04-19,234,Churned
13485,2011-04-20,233,Churned
14148,2011-04-20,233,Churned
15517,2011-04-20,233,Churned
17120,2011-04-20,233,Churned
17548,2011-04-20,233,Churned
17946,2011-04-20,233,Churned
12354,2011-04-21,232,Churned
12506,2011-04-21,232,Churned
12622,2011-04-21,232,Churned
13482,2011-04-21,232,Churned
14770,2011-04-21,232,Churned
16163,2011-04-21,232,Churned
16587,2011-04-21,232,Churned
17718,2011-04-21,232,Churned
12573,2011-04-26,227,Churned
16823,2011-04-26,227,Churned
16834,2011-04-26,227,Churned
17277,2011-04-26,227,Churned
17670,2011-04-26,227,Churned
18183,2011-04-26,227,Churned
15891,2011-04-27,226,Churned
16698,2011-04-27,226,Churned
16965,2011-04-27,226,Churned
17187,2011-04-27,226,Churned
18220,2011-04-27,226,Churned
13229,2011-04-28,225,Churned
14022,2011-04-28,225,Churned
14271,2011-04-28,225,Churned
15143,2011-04-28,225,Churned
15210,2011-04-28,225,Churned
15223,2011-04-28,225,Churned
16227,2011-04-28,225,Churned
17893,2011-04-28,225,Churned
17991,2011-04-28,225,Churned
14304,2011-05-01,222,Churned
16634,2011-05-01,222,Churned
14149,2011-05-03,220,Churned
16055,2011-05-03,220,Churned
17501,2011-05-03,220,Churned
13731,2011-05-04,219,Churned
14245,2011-05-04,219,Churned
16610,2011-05-04,219,Churned
17394,2011-05-04,219,Churned
17443,2011-05-04,219,Churned
17646,2011-05-04,219,Churned
13711,2011-05-05,218,Churned
13762,2011-05-05,218,Churned
14199,2011-05-05,218,Churned
14340,2011-05-05,218,Churned
14393,2011-05-05,218,Churned
14423,2011-05-05,218,Churned
14697,2011-05-05,218,Churned
15759,2011-05-05,218,Churned
16109,2011-05-05,218,Churned
16457,2011-05-05,218,Churned
16714,2011-05-05,218,Churned
16990,2011-05-05,218,Churned
17374,2011-05-05,218,Churned
17578,2011-05-05,218,Churned
17849,2011-05-05,218,Churned
18239,2011-05-05,218,Churned
12414,2011-05-06,217,Churned
13723,2011-05-06,217,Churned
13952,2011-05-06,217,Churned
15235,2011-05-06,217,Churned
15552,2011-05-06,217,Churned
15668,2011-05-06,217,Churned
16319,2011-05-06,217,Churned
17174,2011-05-06,217,Churned
17604,2011-05-06,217,Churned
18078,2011-05-06,217,Churned
18227,2011-05-06,217,Churned
13561,2011-05-08,215,Churned
13642,2011-05-08,215,Churned
14161,2011-05-08,215,Churned
14353,2011-05-08,215,Churned
15092,2011-05-08,215,Churned
12355,2011-05-09,214,Churned
12821,2011-05-09,214,Churned
12888,2011-05-09,214,Churned
14699,2011-05-09,214,Churned
16756,2011-05-09,214,Churned
18120,2011-05-09,214,Churned
13990,2011-05-10,213,Churned
14288,2011-05-10,213,Churned
15063,2011-05-10,213,Churned
15381,2011-05-10,213,Churned
15433,2011-05-10,213,Churned
16306,2011-05-10,213,Churned
16431,2011-05-10,213,Churned
17597,2011-05-10,213,Churned
13052,2011-05-11,212,Churned
13235,2011-05-11,212,Churned
14920,2011-05-11,212,Churned
15079,2011-05-11,212,Churned
15729,2011-05-11,212,Churned
15732,2011-05-11,212,Churned
17889,2011-05-11,212,Churned
18133,2011-05-11,212,Churned
12590,2011-05-12,211,Churned
12625,2011-05-12,211,Churned
12976,2011-05-12,211,Churned
13837,2011-05-12,211,Churned
14000,2011-05-12,211,Churned
14988,2011-05-12,211,Churned
16006,2011-05-12,211,Churned
16116,2011-05-12,211,Churned
16244,2011-05-12,211,Churned
16943,2011-05-12,211,Churned
17970,2011-05-12,211,Churned
18218,2011-05-12,211,Churned
12770,2011-05-13,210,Churned
12857,2011-05-13,210,Churned
14873,2011-05-13,210,Churned
14689,2011-05-15,208,Churned
15333,2011-05-15,208,Churned
17263,2011-05-15,208,Churned
14489,2011-05-16,207,Churned
14888,2011-05-16,207,Churned
15813,2011-05-16,207,Churned
13976,2011-05-17,206,Churned
14320,2011-05-17,206,Churned
17504,2011-05-17,206,Churned
12690,2011-05-18,205,Churned
13531,2011-05-18,205,Churned
13572,2011-05-18,205,Churned
13659,2011-05-18,205,Churned
14620,2011-05-18,205,Churned
17556,2011-05-18,205,Churned
12353,2011-05-19,204,Churned
12897,2011-05-19,204,Churned
13887,2011-05-19,204,Churned
14442,2011-05-19,204,Churned
14896,2011-05-19,204,Churned
15648,2011-05-19,204,Churned
17245,2011-05-19,204,Churned
17871,2011-05-19,204,Churned
13243,2011-05-20,203,Churned
13391,2011-05-20,203,Churned
16226,2011-05-20,203,Churned
17455,2011-05-20,203,Churned
18048,2011-05-20,203,Churned
13227,2011-05-22,201,Churned
14195,2011-05-22,201,Churned
14647,2011-05-22,201,Churned
15292,2011-05-22,201,Churned
15705,2011-05-22,201,Churned
15724,2011-05-22,201,Churned
17176,2011-05-22,201,Churned
13223,2011-05-23,200,Churned
13339,2011-05-23,200,Churned
13479,2011-05-23,200,Churned
13737,2011-05-23,200,Churned
14817,2011-05-23,200,Churned
17715,2011-05-23,200,Churned
15042,2011-05-24,199,Churned
15314,2011-05-24,199,Churned
17375,2011-05-24,199,Churned
18202,2011-05-24,199,Churned
14009,2011-05-25,198,Churned
14705,2011-05-25,198,Churned
14985,2011-05-25,198,Churned
15882,2011-05-25,198,Churned
16448,2011-05-25,198,Churned
16763,2011-05-25,198,Churned
17770,2011-05-25,198,Churned
17955,2011-05-25,198,Churned
12547,2011-05-26,197,Churned
12974,2011-05-26,197,Churned
14740,2011-05-26,197,Churned
14816,2011-05-26,197,Churned
16356,2011-05-26,197,Churned
16449,2011-05-26,197,Churned
16838,2011-05-26,197,Churned
17550,2011-05-26,197,Churned
12999,2011-05-27,196,Churned
13135,2011-05-27,196,Churned
14280,2011-05-27,196,Churned
14625,2011-05-27,196,Churned
14828,2011-05-27,196,Churned
15104,2011-05-27,196,Churned
16034,2011-05-27,196,Churned
16275,2011-05-27,196,Churned
16323,2011-05-27,196,Churned
12426,2011-05-29,194,Churned
15897,2011-05-29,194,Churned
15925,2011-05-29,194,Churned
16567,2011-05-29,194,Churned
16889,2011-05-29,194,Churned
17051,2011-05-29,194,Churned
17152,2011-05-29,194,Churned
12790,2011-05-31,192,Churned
13070,2011-05-31,192,Churned
13398,2011-05-31,192,Churned
16483,2011-05-31,192,Churned
16810,2011-05-31,192,Churned
17454,2011-05-31,192,Churned
18190,2011-05-31,192,Churned
18231,2011-05-31,192,Churned
13062,2011-06-01,191,Churned
13475,2011-06-01,191,Churned
14377,2011-06-01,191,Churned
15643,2011-06-01,191,Churned
16424,2011-06-01,191,Churned
17472,2011-06-01,191,Churned
14453,2011-06-02,190,Churned
15658,2011-06-02,190,Churned
15918,2011-06-02,190,Churned
16529,2011-06-02,190,Churned
17531,2011-06-02,190,Churned
17900,2011-06-02,190,Churned
12601,2011-06-03,189,Churned
13294,2011-06-03,189,Churned
13885,2011-06-03,189,Churned
15405,2011-06-03,189,Churned
15508,2011-06-03,189,Churned
16117,2011-06-03,189,Churned
16230,2011-06-03,189,Churned
16659,2011-06-03,189,Churned
16967,2011-06-03,189,Churned
12468,2011-06-05,187,Churned
13682,2011-06-05,187,Churned
14512,2011-06-05,187,Churned
14682,2011-06-05,187,Churned
16883,2011-06-05,187,Churned
16963,2011-06-05,187,Churned
17708,2011-06-05,187,Churned
12802,2011-06-06,186,Churned
15386,2011-06-06,186,Churned
15852,2011-06-06,186,Churned
16520,2011-06-06,186,Churned
16611,2011-06-06,186,Churned
16849,2011-06-06,186,Churned
12868,2011-06-07,185,Churned
12891,2011-06-07,185,Churned
13395,2011-06-07,185,Churned
14375,2011-06-07,185,Churned
14542,2011-06-07,185,Churned
14867,2011-06-07,185,Churned
17026,2011-06-07,185,Churned
17124,2011-06-07,185,Churned
17707,2011-06-07,185,Churned
17854,2011-06-07,185,Churned
17874,2011-06-07,185,Churned
17987,2011-06-07,185,Churned
18072,2011-06-07,185,Churned
12383,2011-06-08,184,Churned
13466,2011-06-08,184,Churned
14622,2011-06-08,184,Churned
15609,2011-06-08,184,Churned
16832,2011-06-08,184,Churned
16955,2011-06-08,184,Churned
17409,2011-06-08,184,Churned
13811,2011-06-09,183,Churned
13900,2011-06-09,183,Churned
14231,2011-06-09,183,Churned
14241,2011-06-09,183,Churned
14501,2011-06-09,183,Churned
15780,2011-06-09,183,Churned
16113,2011-06-09,183,Churned
13533,2011-06-10,182,Churned
13686,2011-06-10,182,Churned
15098,2011-06-10,182,Churned
16581,2011-06-10,182,Churned
16614,2011-06-10,182,Churned
17234,2011-06-10,182,Churned
14450,2011-06-12,180,Churned
14823,2011-06-12,180,Churned
18281,2011-06-12,180,Churned
12732,2011-06-13,179,Active
13080,2011-06-13,179,Active
13663,2011-06-13,179,Active
13936,2011-06-13,179,Active
14573,2011-06-13,179,Active
15069,2011-06-13,179,Active
17349,2011-06-13,179,Active
17795,2011-06-13,179,Active
13476,2011-06-14,178,Active
15912,2011-06-14,178,Active
17179,2011-06-14,178,Active
17749,2011-06-14,178,Active
12809,2011-06-15,177,Active
13343,2011-06-15,177,Active
14222,2011-06-15,177,Active
15574,2011-06-15,177,Active
16461,2011-06-15,177,Active
16644,2011-06-15,177,Active
17536,2011-06-15,177,Active
18165,2011-06-15,177,Active
12908,2011-06-16,176,Active
13826,2011-06-16,176,Active
13951,2011-06-16,176,Active
14037,2011-06-16,176,Active
15219,2011-06-16,176,Active
15585,2011-06-16,176,Active
16257,2011-06-16,176,Active
16276,2011-06-16,176,Active
16739,2011-06-16,176,Active
17446,2011-06-16,176,Active
18168,2011-06-16,176,Active
14491,2011-06-17,175,Active
17204,2011-06-17,175,Active
12837,2011-06-19,173,Active
13005,2011-06-19,173,Active
13568,2011-06-19,173,Active
13618,2011-06-19,173,Active
14162,2011-06-19,173,Active
15535,2011-06-19,173,Active
15909,2011-06-19,173,Active
16050,2011-06-19,173,Active
16484,2011-06-19,173,Active
16805,2011-06-19,173,Active
17616,2011-06-19,173,Active
17879,2011-06-19,173,Active
18062,2011-06-19,173,Active
15016,2011-06-20,172,Active
15076,2011-06-20,172,Active
15280,2011-06-20,172,Active
15389,2011-06-20,172,Active
15700,2011-06-20,172,Active
15825,2011-06-20,172,Active
15921,2011-06-20,172,Active
16320,2011-06-20,172,Active
17897,2011-06-20,172,Active
18260,2011-06-20,172,Active
15412,2011-06-21,171,Active
15507,2011-06-21,171,Active
16526,2011-06-21,171,Active
17960,2011-06-21,171,Active
14643,2011-06-22,170,Active
14998,2011-06-22,170,Active
15041,2011-06-22,170,Active
16114,2011-06-22,170,Active
16214,2011-06-22,170,Active
16247,2011-06-22,170,Active
17877,2011-06-22,170,Active
13300,2011-06-23,169,Active
13929,2011-06-23,169,Active
13937,2011-06-23,169,Active
14584,2011-06-23,169,Active
14656,2011-06-23,169,Active
15130,2011-06-23,169,Active
15379,2011-06-23,169,Active
15384,2011-06-23,169,Active
16287,2011-06-23,169,Active
16647,2011-06-23,169,Active
17630,2011-06-23,169,Active
17709,2011-06-23,169,Active
13856,2011-06-24,168,Active
15258,2011-06-24,168,Active
15665,2011-06-24,168,Active
17704,2011-06-24,168,Active
12548,2011-06-26,166,Active
14795,2011-06-26,166,Active
15644,2011-06-26,166,Active
17969,2011-06-26,166,Active
12493,2011-06-27,165,Active
13453,2011-06-27,165,Active
15976,2011-06-27,165,Active
17110,2011-06-27,165,Active
17980,2011-06-27,165,Active
18193,2011-06-27,165,Active
13656,2011-06-28,164,Active
14351,2011-06-28,164,Active
14481,2011-06-28,164,Active
15146,2011-06-28,164,Active
16473,2011-06-28,164,Active
16545,2011-06-28,164,Active
14327,2011-06-29,163,Active
15537,2011-06-29,163,Active
16553,2011-06-29,163,Active
16801,2011-06-29,163,Active
17391,2011-06-29,163,Active
17408,2011-06-29,163,Active
12424,2011-06-30,162,Active
13745,2011-06-30,162,Active
14267,2011-06-30,162,Active
14803,2011-06-30,162,Active
15578,2011-06-30,162,Active
17891,2011-06-30,162,Active
12922,2011-07-01,161,Active
14016,2011-07-01,161,Active
14338,2011-07-01,161,Active
15483,2011-07-01,161,Active
16498,2011-07-01,161,Active
17123,2011-07-01,161,Active
17505,2011-07-01,161,Active
13833,2011-07-03,159,Active
15007,2011-07-03,159,Active
17105,2011-07-03,159,Active
17781,2011-07-03,159,Active
17899,2011-07-03,159,Active
17939,2011-07-03,159,Active
15349,2011-07-04,158,Active
16344,2011-07-04,158,Active
17464,2011-07-04,158,Active
17765,2011-07-04,158,Active
12980,2011-07-05,157,Active
13085,2011-07-05,157,Active
13338,2011-07-05,157,Active
14352,2011-07-05,157,Active
14905,2011-07-05,157,Active
15646,2011-07-05,157,Active
16146,2011-07-05,157,Active
16338,2011-07-05,157,Active
17046,2011-07-05,157,Active
18142,2011-07-05,157,Active
18203,2011-07-05,157,Active
12450,2011-07-06,156,Active
12977,2011-07-06,156,Active
13253,2011-07-06,156,Active
14645,2011-07-06,156,Active
15334,2011-07-06,156,Active
15889,2011-07-06,156,Active
16829,2011-07-06,156,Active
16919,2011-07-06,156,Active
17341,2011-07-06,156,Active
17440,2011-07-06,156,Active
13291,2011-07-07,155,Active
13302,2011-07-07,155,Active
13583,2011-07-07,155,Active
13699,2011-07-07,155,Active
14021,2011-07-07,155,Active
14459,2011-07-07,155,Active
15512,2011-07-07,155,Active
18013,2011-07-07,155,Active
12648,2011-07-08,154,Active
13955,2011-07-08,154,Active
14104,2011-07-08,154,Active
14264,2011-07-08,154,Active
15182,2011-07-08,154,Active
15920,2011-07-08,154,Active
16091,2011-07-08,154,Active
16398,2011-07-08,154,Active
18037,2011-07-08,154,Active
17126,2011-07-10,152,Active
17787,2011-07-10,152,Active
18024,2011-07-10,152,Active
12717,2011-07-11,151,Active
13675,2011-07-11,151,Active
13678,2011-07-11,151,Active
13754,2011-07-11,151,Active
14552,2011-07-11,151,Active
15045,2011-07-11,151,Active
15265,2011-07-11,151,Active
15577,2011-07-11,151,Active
17337,2011-07-11,151,Active
12669,2011-07-12,150,Active
14548,2011-07-12,150,Active
13420,2011-07-13,149,Active
13667,2011-07-13,149,Active
14400,2011-07-13,149,Active
15795,2011-07-13,149,Active
15895,2011-07-13,149,Active
16450,2011-07-13,149,Active
16998,2011-07-13,149,Active
18121,2011-07-13,149,Active
12405,2011-07-14,148,Active
12653,2011-07-14,148,Active
12915,2011-07-14,148,Active
14461,2011-07-14,148,Active
14847,2011-07-14,148,Active
14891,2011-07-14,148,Active
15256,2011-07-14,148,Active
15402,2011-07-14,148,Active
17259,2011-07-14,148,Active
12815,2011-07-15,147,Active
14722,2011-07-15,147,Active
14958,2011-07-15,147,Active
15004,2011-07-15,147,Active
17444,2011-07-15,147,Active
17948,2011-07-15,147,Active
12833,2011-07-17,145,Active
13967,2011-07-17,145,Active
15716,2011-07-17,145,Active
16054,2011-07-17,145,Active
17984,2011-07-17,145,Active
13564,2011-07-18,144,Active
13821,2011-07-18,144,Active
14758,2011-07-18,144,Active
16859,2011-07-18,144,Active
12840,2011-07-19,143,Active
12875,2011-07-19,143,Active
12947,2011-07-19,143,Active
14117,2011-07-19,143,Active
15713,2011-07-19,143,Active
16112,2011-07-19,143,Active
12510,2011-07-20,142,Active
12521,2011-07-20,142,Active
15802,2011-07-20,142,Active
16807,2011-07-20,142,Active
17866,2011-07-20,142,Active
17962,2011-07-20,142,Active
14259,2011-07-21,141,Active
15108,2011-07-21,141,Active
15623,2011-07-21,141,Active
16654,2011-07-21,141,Active
17660,2011-07-21,141,Active
17694,2011-07-21,141,Active
15704,2011-07-22,140,Active
16866,2011-07-22,140,Active
18146,2011-07-22,140,Active
18262,2011-07-22,140,Active
12763,2011-07-24,138,Active
12864,2011-07-24,138,Active
12916,2011-07-24,138,Active
13037,2011-07-24,138,Active
13116,2011-07-24,138,Active
13802,2011-07-24,138,Active
16178,2011-07-24,138,Active
16305,2011-07-24,138,Active
16948,2011-07-24,138,Active
17265,2011-07-24,138,Active
17312,2011-07-24,138,Active
17649,2011-07-24,138,Active
17935,2011-07-24,138,Active
13296,2011-07-25,137,Active
14100,2011-07-25,137,Active
14692,2011-07-25,137,Active
15372,2011-07-25,137,Active
17040,2011-07-25,137,Active
17693,2011-07-25,137,Active
13492,2011-07-26,136,Active
15855,2011-07-26,136,Active
13194,2011-07-27,135,Active
13730,2011-07-27,135,Active
15261,2011-07-27,135,Active
16447,2011-07-27,135,Active
16696,2011-07-27,135,Active
12453,2011-07-28,134,Active
12507,2011-07-28,134,Active
12743,2011-07-28,134,Active
12853,2011-07-28,134,Active
14002,2011-07-28,134,Active
15118,2011-07-28,134,Active
15245,2011-07-28,134,Active
15639,2011-07-28,134,Active
15746,2011-07-28,134,Active
16951,2011-07-28,134,Active
17931,2011-07-28,134,Active
18151,2011-07-28,134,Active
18268,2011-07-28,134,Active
13106,2011-07-29,133,Active
13414,2011-07-29,133,Active
14143,2011-07-29,133,Active
15120,2011-07-29,133,Active
15149,2011-07-29,133,Active
15776,2011-07-29,133,Active
15942,2011-07-29,133,Active
16147,2011-07-29,133,Active
17926,2011-07-29,133,Active
18064,2011-07-29,133,Active
12942,2011-07-31,131,Active
13388,2011-07-31,131,Active
13722,2011-07-31,131,Active
14885,2011-07-31,131,Active
15438,2011-07-31,131,Active
17695,2011-07-31,131,Active
12534,2011-08-01,130,Active
14403,2011-08-01,130,Active
17053,2011-08-01,130,Active
17282,2011-08-01,130,Active
17615,2011-08-01,130,Active
17941,2011-08-01,130,Active
12378,2011-08-02,129,Active
12644,2011-08-02,129,Active
13075,2011-08-02,129,Active
13850,2011-08-02,129,Active
14076,2011-08-02,129,Active
14133,2011-08-02,129,Active
15342,2011-08-02,129,Active
17353,2011-08-02,129,Active
17553,2011-08-02,129,Active
17887,2011-08-02,129,Active
12643,2011-08-03,128,Active
12750,2011-08-03,128,Active
12917,2011-08-03,128,Active
14972,2011-08-03,128,Active
15374,2011-08-03,128,Active
16324,2011-08-03,128,Active
16835,2011-08-03,128,Active
17429,2011-08-03,128,Active
17514,2011-08-03,128,Active
18178,2011-08-03,128,Active
12693,2011-08-04,127,Active
13218,2011-08-04,127,Active
13402,2011-08-04,127,Active
13791,2011-08-04,127,Active
14344,2011-08-04,127,Active
14778,2011-08-04,127,Active
15133,2011-08-04,127,Active
15254,2011-08-04,127,Active
16572,2011-08-04,127,Active
17267,2011-08-04,127,Active
17692,2011-08-04,127,Active
17723,2011-08-04,127,Active
18099,2011-08-04,127,Active
13082,2011-08-05,126,Active
13513,2011-08-05,126,Active
16174,2011-08-05,126,Active
16302,2011-08-05,126,Active
17400,2011-08-05,126,Active
17457,2011-08-05,126,Active
13248,2011-08-07,124,Active
13752,2011-08-07,124,Active
14053,2011-08-07,124,Active
14079,2011-08-07,124,Active
14331,2011-08-07,124,Active
13869,2011-08-08,123,Active
15985,2011-08-08,123,Active
16788,2011-08-08,123,Active
17085,2011-08-08,123,Active
17331,2011-08-08,123,Active
13162,2011-08-09,122,Active
13217,2011-08-09,122,Active
13280,2011-08-09,122,Active
13355,2011-08-09,122,Active
14127,2011-08-09,122,Active
15247,2011-08-09,122,Active
18248,2011-08-09,122,Active
14024,2011-08-10,121,Active
16292,2011-08-10,121,Active
17994,2011-08-10,121,Active
13307,2011-08-11,120,Active
13645,2011-08-11,120,Active
14346,2011-08-11,120,Active
15581,2011-08-11,120,Active
17248,2011-08-11,120,Active
12399,2011-08-12,119,Active
13873,2011-08-12,119,Active
13888,2011-08-12,119,Active
14406,2011-08-12,119,Active
14855,2011-08-12,119,Active
15192,2011-08-12,119,Active
15689,2011-08-12,119,Active
16045,2011-08-12,119,Active
16317,2011-08-12,119,Active
17122,2011-08-12,119,Active
17642,2011-08-12,119,Active
14301,2011-08-14,117,Active
15683,2011-08-14,117,Active
17048,2011-08-14,117,Active
12758,2011-08-15,116,Active
13621,2011-08-15,116,Active
13720,2011-08-15,116,Active
13799,2011-08-15,116,Active
15480,2011-08-15,116,Active
15624,2011-08-15,116,Active
16272,2011-08-15,116,Active
16902,2011-08-15,116,Active
16961,2011-08-15,116,Active
17252,2011-08-15,116,Active
17958,2011-08-15,116,Active
18143,2011-08-15,116,Active
12641,2011-08-16,115,Active
14006,2011-08-16,115,Active
14918,2011-08-16,115,Active
15002,2011-08-16,115,Active
15768,2011-08-16,115,Active
16927,2011-08-16,115,Active
13655,2011-08-17,114,Active
14323,2011-08-17,114,Active
15122,2011-08-17,114,Active
15541,2011-08-17,114,Active
15734,2011-08-17,114,Active
16092,2011-08-17,114,Active
16755,2011-08-17,114,Active
17070,2011-08-17,114,Active
17398,2011-08-17,114,Active
18073,2011-08-17,114,Active
12688,2011-08-18,113,Active
12729,2011-08-18,113,Active
13027,2011-08-18,113,Active
13273,2011-08-18,113,Active
15232,2011-08-18,113,Active
15472,2011-08-18,113,Active
15797,2011-08-18,113,Active
16582,2011-08-18,113,Active
17045,2011-08-18,113,Active
17742,2011-08-18,113,Active
12418,2011-08-19,112,Active
12513,2011-08-19,112,Active
12968,2011-08-19,112,Active
13242,2011-08-19,112,Active
14745,2011-08-19,112,Active
14772,2011-08-19,112,Active
15396,2011-08-19,112,Active
15938,2011-08-19,112,Active
16419,2011-08-19,112,Active
17747,2011-08-19,112,Active
14013,2011-08-21,110,Active
14224,2011-08-21,110,Active
14246,2011-08-21,110,Active
14460,2011-08-21,110,Active
14566,2011-08-21,110,Active
15313,2011-08-21,110,Active
16536,2011-08-21,110,Active
17029,2011-08-21,110,Active
12363,2011-08-22,109,Active
13933,2011-08-22,109,Active
14045,2011-08-22,109,Active
14265,2011-08-22,109,Active
16952,2011-08-22,109,Active
17083,2011-08-22,109,Active
17585,2011-08-22,109,Active
12593,2011-08-23,108,Active
13140,2011-08-23,108,Active
13425,2011-08-23,108,Active
13593,2011-08-23,108,Active
14364,2011-08-23,108,Active
14523,2011-08-23,108,Active
14930,2011-08-23,108,Active
16550,2011-08-23,108,Active
17242,2011-08-23,108,Active
18018,2011-08-23,108,Active
12649,2011-08-24,107,Active
13411,2011-08-24,107,Active
14407,2011-08-24,107,Active
14875,2011-08-24,107,Active
14973,2011-08-24,107,Active
15800,2011-08-24,107,Active
15812,2011-08-24,107,Active
16340,2011-08-24,107,Active
17256,2011-08-24,107,Active
17268,2011-08-24,107,Active
17869,2011-08-24,107,Active
12624,2011-08-25,106,Active
12715,2011-08-25,106,Active
13000,2011-08-25,106,Active
14055,2011-08-25,106,Active
14196,2011-08-25,106,Active
14314,2011-08-25,106,Active
14687,2011-08-25,106,Active
15263,2011-08-25,106,Active
15663,2011-08-25,106,Active
16093,2011-08-25,106,Active
16309,2011-08-25,106,Active
16429,2011-08-25,106,Active
16503,2011-08-25,106,Active
17134,2011-08-25,106,Active
17189,2011-08-25,106,Active
17844,2011-08-25,106,Active
18200,2011-08-25,106,Active
13003,2011-08-26,105,Active
13489,2011-08-26,105,Active
14210,2011-08-26,105,Active
15074,2011-08-26,105,Active
15641,2011-08-26,105,Active
16641,2011-08-26,105,Active
17146,2011-08-26,105,Active
13301,2011-08-28,103,Active
13778,2011-08-28,103,Active
14472,2011-08-28,103,Active
15095,2011-08-28,103,Active
15325,2011-08-28,103,Active
15569,2011-08-28,103,Active
15625,2011-08-28,103,Active
16806,2011-08-28,103,Active
16816,2011-08-28,103,Active
12814,2011-08-30,101,Active
14078,2011-08-30,101,Active
15866,2011-08-30,101,Active
17298,2011-08-30,101,Active
14513,2011-08-31,100,Active
15260,2011-08-31,100,Active
15596,2011-08-31,100,Active
16083,2011-08-31,100,Active
16180,2011-08-31,100,Active
16278,2011-08-31,100,Active
16780,2011-08-31,100,Active
16842,2011-08-31,100,Active
17320,2011-08-31,100,Active
17588,2011-08-31,100,Active
12436,2011-09-01,99,Active
13045,2011-09-01,99,Active
13099,2011-09-01,99,Active
13376,2011-09-01,99,Active
13470,2011-09-01,99,Active
13631,2011-09-01,99,Active
14420,2011-09-01,99,Active
15829,2011-09-01,99,Active
16456,2011-09-01,99,Active
16808,2011-09-01,99,Active
14171,2011-09-02,98,Active
14276,2011-09-02,98,Active
14436,2011-09-02,98,Active
14463,2011-09-02,98,Active
18027,2011-09-02,98,Active
18087,2011-09-02,98,Active
12710,2011-09-04,96,Active
12851,2011-09-04,96,Active
13240,2011-09-04,96,Active
13548,2011-09-04,96,Active
14965,2011-09-04,96,Active
16761,2011-09-04,96,Active
17050,2011-09-04,96,Active
17229,2011-09-04,96,Active
17722,2011-09-04,96,Active
17774,2011-09-04,96,Active
12422,2011-09-05,95,Active
12502,2011-09-05,95,Active
12616,2011-09-05,95,Active
12816,2011-09-05,95,Active
13192,2011-09-05,95,Active
13744,2011-09-05,95,Active
13748,2011-09-05,95,Active
13851,2011-09-05,95,Active
13931,2011-09-05,95,Active
14565,2011-09-05,95,Active
15307,2011-09-05,95,Active
15364,2011-09-05,95,Active
15491,2011-09-05,95,Active
16172,2011-09-05,95,Active
16551,2011-09-05,95,Active
16820,2011-09-05,95,Active
17309,2011-09-05,95,Active
18196,2011-09-05,95,Active
12461,2011-09-06,94,Active
13122,2011-09-06,94,Active
13130,2011-09-06,94,Active
13158,2011-09-06,94,Active
14208,2011-09-06,94,Active
15462,2011-09-06,94,Active
16175,2011-09-06,94,Active
16400,2011-09-06,94,Active
17339,2011-09-06,94,Active
17460,2011-09-06,94,Active
17560,2011-09-06,94,Active
13210,2011-09-07,93,Active
15071,2011-09-07,93,Active
16828,2011-09-07,93,Active
18093,2011-09-07,93,Active
12592,2011-09-08,92,Active
13244,2011-09-08,92,Active
13249,2011-09-08,92,Active
13330,2011-09-08,92,Active
13814,2011-09-08,92,Active
13848,2011-09-08,92,Active
13889,2011-09-08,92,Active
13925,2011-09-08,92,Active
14223,2011-09-08,92,Active
14410,2011-09-08,92,Active
15198,2011-09-08,92,Active
15400,2011-09-08,92,Active
15488,2011-09-08,92,Active
15653,2011-09-08,92,Active
15885,2011-09-08,92,Active
16031,2011-09-08,92,Active
18222,2011-09-08,92,Active
12535,2011-09-09,91,Active
13441,2011-09-09,91,Active
14414,2011-09-09,91,Active
14628,2011-09-09,91,Active
14915,2011-09-09,91,Active
15652,2011-09-09,91,Active
16027,2011-09-09,91,Active
16723,2011-09-09,91,Active
12635,2011-09-11,89,Active
12965,2011-09-11,89,Active
13124,2011-09-11,89,Active
13372,2011-09-11,89,Active
13611,2011-09-11,89,Active
14212,2011-09-11,89,Active
14837,2011-09-11,89,Active
15035,2011-09-11,89,Active
15636,2011-09-11,89,Active
15939,2011-09-11,89,Active
16384,2011-09-11,89,Active
16796,2011-09-11,89,Active
18215,2011-09-11,89,Active
18255,2011-09-11,89,Active
12884,2011-09-12,88,Active
12924,2011-09-12,88,Active
13375,2011-09-12,88,Active
14307,2011-09-12,88,Active
14500,2011-09-12,88,Active
15673,2011-09-12,88,Active
15764,2011-09-12,88,Active
15980,2011-09-12,88,Active
15996,2011-09-12,88,Active
16141,2011-09-12,88,Active
16209,2011-09-12,88,Active
16211,2011-09-12,88,Active
16475,2011-09-12,88,Active
16984,2011-09-12,88,Active
17433,2011-09-12,88,Active
17919,2011-09-12,88,Active
14163,2011-09-13,87,Active
14753,2011-09-13,87,Active
15201,2011-09-13,87,Active
15216,2011-09-13,87,Active
15343,2011-09-13,87,Active
16036,2011-09-13,87,Active
16098,2011-09-13,87,Active
16229,2011-09-13,87,Active
16451,2011-09-13,87,Active
16959,2011-09-13,87,Active
17037,2011-09-13,87,Active
18251,2011-09-13,87,Active
12566,2011-09-14,86,Active
12756,2011-09-14,86,Active
13877,2011-09-14,86,Active
14177,2011-09-14,86,Active
14660,2011-09-14,86,Active
16745,2011-09-14,86,Active
17033,2011-09-14,86,Active
17347,2011-09-14,86,Active
17640,2011-09-14,86,Active
18173,2011-09-14,86,Active
12722,2011-09-15,85,Active
12995,2011-09-15,85,Active
13134,2011-09-15,85,Active
13518,2011-09-15,85,Active
13539,2011-09-15,85,Active
13662,2011-09-15,85,Active
14557,2011-09-15,85,Active
14894,2011-09-15,85,Active
15205,2011-09-15,85,Active
15322,2011-09-15,85,Active
15417,2011-09-15,85,Active
15466,2011-09-15,85,Active
17002,2011-09-15,85,Active
17047,2011-09-15,85,Active
17333,2011-09-15,85,Active
17594,2011-09-15,85,Active
17786,2011-09-15,85,Active
17846,2011-09-15,85,Active
17898,2011-09-15,85,Active
12434,2011-09-16,84,Active
12871,2011-09-16,84,Active
13141,2011-09-16,84,Active
13563,2011-09-16,84,Active
14124,2011-09-16,84,Active
15099,2011-09-16,84,Active
15410,2011-09-16,84,Active
15523,2011-09-16,84,Active
15975,2011-09-16,84,Active
16108,2011-09-16,84,Active
16573,2011-09-16,84,Active
16709,2011-09-16,84,Active
16878,2011-09-16,84,Active
13067,2011-09-18,82,Active
13334,2011-09-18,82,Active
15947,2011-09-18,82,Active
16370,2011-09-18,82,Active
17802,2011-09-18,82,Active
18194,2011-09-18,82,Active
12379,2011-09-19,81,Active
12497,2011-09-19,81,Active
12527,2011-09-19,81,Active
12752,2011-09-19,81,Active
13228,2011-09-19,81,Active
13325,2011-09-19,81,Active
13562,2011-09-19,81,Active
13774,2011-09-19,81,Active
14934,2011-09-19,81,Active
15504,2011-09-19,81,Active
15675,2011-09-19,81,Active
16080,2011-09-19,81,Active
16527,2011-09-19,81,Active
16906,2011-09-19,81,Active
17058,2011-09-19,81,Active
17628,2011-09-19,81,Active
17848,2011-09-19,81,Active
18017,2011-09-19,81,Active
18094,2011-09-19,81,Active
18232,2011-09-19,81,Active
13038,2011-09-20,80,Active
13356,2011-09-20,80,Active
14236,2011-09-20,80,Active
15026,2011-09-20,80,Active
15341,2011-09-20,80,Active
15888,2011-09-20,80,Active
16215,2011-09-20,80,Active
16584,2011-09-20,80,Active
16624,2011-09-20,80,Active
16777,2011-09-20,80,Active
16928,2011-09-20,80,Active
17873,2011-09-20,80,Active
12390,2011-09-21,79,Active
12435,2011-09-21,79,Active
12520,2011-09-21,79,Active
12550,2011-09-21,79,Active
12604,2011-09-21,79,Active
12701,2011-09-21,79,Active
13908,2011-09-21,79,Active
13946,2011-09-21,79,Active
13959,2011-09-21,79,Active
14356,2011-09-21,79,Active
14887,2011-09-21,79,Active
14951,2011-09-21,79,Active
16493,2011-09-21,79,Active
16627,2011-09-21,79,Active
17415,2011-09-21,79,Active
17475,2011-09-21,79,Active
17731,2011-09-21,79,Active
12409,2011-09-22,78,Active
12425,2011-09-22,78,Active
12579,2011-09-22,78,Active
12609,2011-09-22,78,Active
12739,2011-09-22,78,Active
12854,2011-09-22,78,Active
12930,2011-09-22,78,Active
13055,2011-09-22,78,Active
13220,2011-09-22,78,Active
13279,2011-09-22,78,Active
13320,2011-09-22,78,Active
13486,2011-09-22,78,Active
13519,2011-09-22,78,Active
13529,2011-09-22,78,Active
14038,2011-09-22,78,Active
14147,2011-09-22,78,Active
14854,2011-09-22,78,Active
15067,2011-09-22,78,Active
15603,2011-09-22,78,Active
15810,2011-09-22,78,Active
16213,2011-09-22,78,Active
16236,2011-09-22,78,Active
16715,2011-09-22,78,Active
16735,2011-09-22,78,Active
17027,2011-09-22,78,Active
17079,2011-09-22,78,Active
17172,2011-09-22,78,Active
17311,2011-09-22,78,Active
17603,2011-09-22,78,Active
12516,2011-09-23,77,Active
13127,2011-09-23,77,Active
13336,2011-09-23,77,Active
14014,2011-09-23,77,Active
14652,2011-09-23,77,Active
14880,2011-09-23,77,Active
15075,2011-09-23,77,Active
15475,2011-09-23,77,Active
15549,2011-09-23,77,Active
15744,2011-09-23,77,Active
15978,2011-09-23,77,Active
16485,2011-09-23,77,Active
16872,2011-09-23,77,Active
16978,2011-09-23,77,Active
17388,2011-09-23,77,Active
17480,2011-09-23,77,Active
18189,2011-09-23,77,Active
12348,2011-09-25,75,Active
12545,2011-09-25,75,Active
13670,2011-09-25,75,Active
13787,2011-09-25,75,Active
14152,2011-09-25,75,Active
14235,2011-09-25,75,Active
14561,2011-09-25,75,Active
14757,2011-09-25,75,Active
14806,2011-09-25,75,Active
15154,2011-09-25,75,Active
15312,2011-09-25,75,Active
15366,2011-09-25,75,Active
15799,2011-09-25,75,Active
16198,2011-09-25,75,Active
16342,2011-09-25,75,Active
16480,2011-09-25,75,Active
16594,2011-09-25,75,Active
16689,2011-09-25,75,Active
17154,2011-09-25,75,Active
17498,2011-09-25,75,Active
17506,2011-09-25,75,Active
18066,2011-09-25,75,Active
18155,2011-09-25,75,Active
12412,2011-09-26,74,Active
12612,2011-09-26,74,Active
12823,2011-09-26,74,Active
13233,2011-09-26,74,Active
13390,2011-09-26,74,Active
13405,2011-09-26,74,Active
13434,2011-09-26,74,Active
13639,2011-09-26,74,Active
13866,2011-09-26,74,Active
13927,2011-09-26,74,Active
14473,2011-09-26,74,Active
14908,2011-09-26,74,Active
15243,2011-09-26,74,Active
15626,2011-09-26,74,Active
15958,2011-09-26,74,Active
16383,2011-09-26,74,Active
16468,2011-09-26,74,Active
16603,2011-09-26,74,Active
16778,2011-09-26,74,Active
17674,2011-09-26,74,Active
17997,2011-09-26,74,Active
12455,2011-09-27,73,Active
12987,2011-09-27,73,Active
13016,2011-09-27,73,Active
13035,2011-09-27,73,Active
13514,2011-09-27,73,Active
13555,2011-09-27,73,Active
13979,2011-09-27,73,Active
14101,2011-09-27,73,Active
14272,2011-09-27,73,Active
14818,2011-09-27,73,Active
15674,2011-09-27,73,Active
15827,2011-09-27,73,Active
16122,2011-09-27,73,Active
16181,2011-09-27,73,Active
16266,2011-09-27,73,Active
16462,2011-09-27,73,Active
16629,2011-09-27,73,Active
17061,2011-09-27,73,Active
17591,2011-09-27,73,Active
17656,2011-09-27,73,Active
17788,2011-09-27,73,Active
17805,2011-09-27,73,Active
18278,2011-09-27,73,Active
12393,2011-09-28,72,Active
13061,2011-09-28,72,Active
13321,2011-09-28,72,Active
13397,2011-09-28,72,Active
13505,2011-09-28,72,Active
13515,2011-09-28,72,Active
13901,2011-09-28,72,Active
14109,2011-09-28,72,Active
14609,2011-09-28,72,Active
14947,2011-09-28,72,Active
14978,2011-09-28,72,Active
15036,2011-09-28,72,Active
15348,2011-09-28,72,Active
15841,2011-09-28,72,Active
16182,2011-09-28,72,Active
16281,2011-09-28,72,Active
16321,2011-09-28,72,Active
16681,2011-09-28,72,Active
16690,2011-09-28,72,Active
16909,2011-09-28,72,Active
17370,2011-09-28,72,Active
17513,2011-09-28,72,Active
17783,2011-09-28,72,Active
17950,2011-09-28,72,Active
18242,2011-09-28,72,Active
18265,2011-09-28,72,Active
12372,2011-09-29,71,Active
12458,2011-09-29,71,Active
12703,2011-09-29,71,Active
12718,2011-09-29,71,Active
12728,2011-09-29,71,Active
13354,2011-09-29,71,Active
13364,2011-09-29,71,Active
13503,2011-09-29,71,Active
13741,2011-09-29,71,Active
13886,2011-09-29,71,Active
14305,2011-09-29,71,Active
14409,2011-09-29,71,Active
14475,2011-09-29,71,Active
14681,2011-09-29,71,Active
15030,2011-09-29,71,Active
15062,2011-09-29,71,Active
15175,2011-09-29,71,Active
16233,2011-09-29,71,Active
16268,2011-09-29,71,Active
16574,2011-09-29,71,Active
16589,2011-09-29,71,Active
16650,2011-09-29,71,Active
17427,2011-09-29,71,Active
17572,2011-09-29,71,Active
17724,2011-09-29,71,Active
17819,2011-09-29,71,Active
17894,2011-09-29,71,Active
17905,2011-09-29,71,Active
18192,2011-09-29,71,Active
18204,2011-09-29,71,Active
18235,2011-09-29,71,Active
12694,2011-09-30,70,Active
12822,2011-09-30,70,Active
12842,2011-09-30,70,Active
13092,2011-09-30,70,Active
13095,2011-09-30,70,Active
13347,2011-09-30,70,Active
13764,2011-09-30,70,Active
13972,2011-09-30,70,Active
14164,2011-09-30,70,Active
14916,2011-09-30,70,Active
15185,2011-09-30,70,Active
15321,2011-09-30,70,Active
15593,2011-09-30,70,Active
15834,2011-09-30,70,Active
16101,2011-09-30,70,Active
16404,2011-09-30,70,Active
16613,2011-09-30,70,Active
17376,2011-09-30,70,Active
18008,2011-09-30,70,Active
18053,2011-09-30,70,Active
14970,2011-10-02,68,Active
15164,2011-10-02,68,Active
15579,2011-10-02,68,Active
15774,2011-10-02,68,Active
16591,2011-10-02,68,Active
16667,2011-10-02,68,Active
16693,2011-10-02,68,Active
12637,2011-10-03,67,Active
12886,2011-10-03,67,Active
13344,2011-10-03,67,Active
13431,2011-10-03,67,Active
13635,2011-10-03,67,Active
14193,2011-10-03,67,Active
14333,2011-10-03,67,Active
14488,2011-10-03,67,Active
14644,2011-10-03,67,Active
14651,2011-10-03,67,Active
15091,2011-10-03,67,Active
15299,2011-10-03,67,Active
15930,2011-10-03,67,Active
16183,2011-10-03,67,Active
16441,2011-10-03,67,Active
16774,2011-10-03,67,Active
16875,2011-10-03,67,Active
18116,2011-10-03,67,Active
12413,2011-10-04,66,Active
12457,2011-10-04,66,Active
12512,2011-10-04,66,Active
13317,2011-10-04,66,Active
13351,2011-10-04,66,Active
13552,2011-10-04,66,Active
13792,2011-10-04,66,Active
13801,2011-10-04,66,Active
14184,2011-10-04,66,Active
14462,2011-10-04,66,Active
15181,2011-10-04,66,Active
15228,2011-10-04,66,Active
15241,2011-10-04,66,Active
15255,2011-10-04,66,Active
15276,2011-10-04,66,Active
15339,2011-10-04,66,Active
15739,2011-10-04,66,Active
16253,2011-10-04,66,Active
16374,2011-10-04,66,Active
16556,2011-10-04,66,Active
16881,2011-10-04,66,Active
16882,2011-10-04,66,Active
17667,2011-10-04,66,Active
17957,2011-10-04,66,Active
12789,2011-10-05,65,Active
12843,2011-10-05,65,Active
13483,2011-10-05,65,Active
13947,2011-10-05,65,Active
13989,2011-10-05,65,Active
14054,2011-10-05,65,Active
14389,2011-10-05,65,Active
14396,2011-10-05,65,Active
15048,2011-10-05,65,Active
15127,2011-10-05,65,Active
15244,2011-10-05,65,Active
15730,2011-10-05,65,Active
15757,2011-10-05,65,Active
15762,2011-10-05,65,Active
16040,2011-10-05,65,Active
16059,2011-10-05,65,Active
16106,2011-10-05,65,Active
16140,2011-10-05,65,Active
16160,2011-10-05,65,Active
16758,2011-10-05,65,Active
16803,2011-10-05,65,Active
17222,2011-10-05,65,Active
17382,2011-10-05,65,Active
17483,2011-10-05,65,Active
17647,2011-10-05,65,Active
18033,2011-10-05,65,Active
12923,2011-10-06,64,Active
12939,2011-10-06,64,Active
13023,2011-10-06,64,Active
13049,2011-10-06,64,Active
13177,2011-10-06,64,Active
13348,2011-10-06,64,Active
13422,2011-10-06,64,Active
13504,2011-10-06,64,Active
13591,2011-10-06,64,Active
13602,2011-10-06,64,Active
13771,2011-10-06,64,Active
13845,2011-10-06,64,Active
14257,2011-10-06,64,Active
14317,2011-10-06,64,Active
14518,2011-10-06,64,Active
14538,2011-10-06,64,Active
14819,2011-10-06,64,Active
14959,2011-10-06,64,Active
15264,2011-10-06,64,Active
15300,2011-10-06,64,Active
15306,2011-10-06,64,Active
15315,2011-10-06,64,Active
15416,2011-10-06,64,Active
15518,2011-10-06,64,Active
15766,2011-10-06,64,Active
15837,2011-10-06,64,Active
15937,2011-10-06,64,Active
16184,2011-10-06,64,Active
16316,2011-10-06,64,Active
16432,2011-10-06,64,Active
16895,2011-10-06,64,Active
17921,2011-10-06,64,Active
12394,2011-10-07,63,Active
12420,2011-10-07,63,Active
12492,2011-10-07,63,Active
12519,2011-10-07,63,Active
12740,2011-10-07,63,Active
12781,2011-10-07,63,Active
12885,2011-10-07,63,Active
13169,2011-10-07,63,Active
13276,2011-10-07,63,Active
13359,2011-10-07,63,Active
13419,2011-10-07,63,Active
13587,2011-10-07,63,Active
13689,2011-10-07,63,Active
13763,2011-10-07,63,Active
13806,2011-10-07,63,Active
13876,2011-10-07,63,Active
14029,2011-10-07,63,Active
14067,2011-10-07,63,Active
14792,2011-10-07,63,Active
14844,2011-10-07,63,Active
15706,2011-10-07,63,Active
15815,2011-10-07,63,Active
15874,2011-10-07,63,Active
16354,2011-10-07,63,Active
16455,2011-10-07,63,Active
16477,2011-10-07,63,Active
17030,2011-10-07,63,Active
18136,2011-10-07,63,Active
13193,2011-10-09,61,Active
13259,2011-10-09,61,Active
13260,2011-10-09,61,Active
14514,2011-10-09,61,Active
14801,2011-10-09,61,Active
15606,2011-10-09,61,Active
15756,2011-10-09,61,Active
16104,2011-10-09,61,Active
16248,2011-10-09,61,Active
16380,2011-10-09,61,Active
16518,2011-10-09,61,Active
16595,2011-10-09,61,Active
16685,2011-10-09,61,Active
16921,2011-10-09,61,Active
18088,2011-10-09,61,Active
12607,2011-10-10,60,Active
13224,2011-10-10,60,Active
13352,2011-10-10,60,Active
13373,2011-10-10,60,Active
13473,2011-10-10,60,Active
13666,2011-10-10,60,Active
13980,2011-10-10,60,Active
14027,2011-10-10,60,Active
14128,2011-10-10,60,Active
14201,2011-10-10,60,Active
14451,2011-10-10,60,Active
14529,2011-10-10,60,Active
14535,2011-10-10,60,Active
14665,2011-10-10,60,Active
15128,2011-10-10,60,Active
15193,2011-10-10,60,Active
15211,2011-10-10,60,Active
15304,2011-10-10,60,Active
15553,2011-10-10,60,Active
15886,2011-10-10,60,Active
16179,2011-10-10,60,Active
16385,2011-10-10,60,Active
16395,2011-10-10,60,Active
16776,2011-10-10,60,Active
16982,2011-10-10,60,Active
17025,2011-10-10,60,Active
17214,2011-10-10,60,Active
17284,2011-10-10,60,Active
17462,2011-10-10,60,Active
17552,2011-10-10,60,Active
17589,2011-10-10,60,Active
17648,2011-10-10,60,Active
18126,2011-10-10,60,Active
18169,2011-10-10,60,Active
12530,2011-10-11,59,Active
12772,2011-10-11,59,Active
12824,2011-10-11,59,Active
12836,2011-10-11,59,Active
13109,2011-10-11,59,Active
13283,2011-10-11,59,Active
13517,2011-10-11,59,Active
13627,2011-10-11,59,Active
13690,2011-10-11,59,Active
13919,2011-10-11,59,Active
14175,2011-10-11,59,Active
14857,2011-10-11,59,Active
14952,2011-10-11,59,Active
15199,2011-10-11,59,Active
16086,2011-10-11,59,Active
16120,2011-10-11,59,Active
16136,2011-10-11,59,Active
16171,2011-10-11,59,Active
16861,2011-10-11,59,Active
17620,2011-10-11,59,Active
17863,2011-10-11,59,Active
12602,2011-10-12,58,Active
12633,2011-10-12,58,Active
12667,2011-10-12,58,Active
12679,2011-10-12,58,Active
13208,2011-10-12,58,Active
13464,2011-10-12,58,Active
13520,2011-10-12,58,Active
13842,2011-10-12,58,Active
13865,2011-10-12,58,Active
14541,2011-10-12,58,Active
14642,2011-10-12,58,Active
14761,2011-10-12,58,Active
14775,2011-10-12,58,Active
14852,2011-10-12,58,Active
15038,2011-10-12,58,Active
15281,2011-10-12,58,Active
15421,2011-10-12,58,Active
15831,2011-10-12,58,Active
15840,2011-10-12,58,Active
16203,2011-10-12,58,Active
16652,2011-10-12,58,Active
16753,2011-10-12,58,Active
17064,2011-10-12,58,Active
17190,2011-10-12,58,Active
17489,2011-10-12,58,Active
17913,2011-10-12,58,Active
18171,2011-10-12,58,Active
18277,2011-10-12,58,Active
12359,2011-10-13,57,Active
12446,2011-10-13,57,Active
12613,2011-10-13,57,Active
12631,2011-10-13,57,Active
12876,2011-10-13,57,Active
13487,2011-10-13,57,Active
13827,2011-10-13,57,Active
13853,2011-10-13,57,Active
13858,2011-10-13,57,Active
13911,2011-10-13,57,Active
13930,2011-10-13,57,Active
14421,2011-10-13,57,Active
14537,2011-10-13,57,Active
14555,2011-10-13,57,Active
14624,2011-10-13,57,Active
14975,2011-10-13,57,Active
14976,2011-10-13,57,Active
15272,2011-10-13,57,Active
15367,2011-10-13,57,Active
16121,2011-10-13,57,Active
16224,2011-10-13,57,Active
16430,2011-10-13,57,Active
16770,2011-10-13,57,Active
16773,2011-10-13,57,Active
16793,2011-10-13,57,Active
17169,2011-10-13,57,Active
17181,2011-10-13,57,Active
17279,2011-10-13,57,Active
17509,2011-10-13,57,Active
17614,2011-10-13,57,Active
18160,2011-10-13,57,Active
12454,2011-10-14,56,Active
13006,2011-10-14,56,Active
13136,2011-10-14,56,Active
13213,2011-10-14,56,Active
14089,2011-10-14,56,Active
14567,2011-10-14,56,Active
14937,2011-10-14,56,Active
15620,2011-10-14,56,Active
15826,2011-10-14,56,Active
16081,2011-10-14,56,Active
16239,2011-10-14,56,Active
16394,2011-10-14,56,Active
16413,2011-10-14,56,Active
16950,2011-10-14,56,Active
17180,2011-10-14,56,Active
17771,2011-10-14,56,Active
17892,2011-10-14,56,Active
17986,2011-10-14,56,Active
18228,2011-10-14,56,Active
12940,2011-10-16,54,Active
13034,2011-10-16,54,Active
13760,2011-10-16,54,Active
13878,2011-10-16,54,Active
14780,2011-10-16,54,Active
15440,2011-10-16,54,Active
15545,2011-10-16,54,Active
15994,2011-10-16,54,Active
16052,2011-10-16,54,Active
16206,2011-10-16,54,Active
16674,2011-10-16,54,Active
16934,2011-10-16,54,Active
12463,2011-10-17,53,Active
12475,2011-10-17,53,Active
12794,2011-10-17,53,Active
13015,2011-10-17,53,Active
13265,2011-10-17,53,Active
13750,2011-10-17,53,Active
13875,2011-10-17,53,Active
13923,2011-10-17,53,Active
14211,2011-10-17,53,Active
14443,2011-10-17,53,Active
14830,2011-10-17,53,Active
14841,2011-10-17,53,Active
15012,2011-10-17,53,Active
15066,2011-10-17,53,Active
15335,2011-10-17,53,Active
15598,2011-10-17,53,Active
16363,2011-10-17,53,Active
16389,2011-10-17,53,Active
16412,2011-10-17,53,Active
16542,2011-10-17,53,Active
16563,2011-10-17,53,Active
16737,2011-10-17,53,Active
16932,2011-10-17,53,Active
17201,2011-10-17,53,Active
17205,2011-10-17,53,Active
17206,2011-10-17,53,Active
17244,2011-10-17,53,Active
17520,2011-10-17,53,Active
17527,2011-10-17,53,Active
17534,2011-10-17,53,Active
17612,2011-10-17,53,Active
17734,2011-10-17,53,Active
17785,2011-10-17,53,Active
18042,2011-10-17,53,Active
12360,2011-10-18,52,Active
12611,2011-10-18,52,Active
12759,2011-10-18,52,Active
12863,2011-10-18,52,Active
13032,2011-10-18,52,Active
13594,2011-10-18,52,Active
13637,2011-10-18,52,Active
13805,2011-10-18,52,Active
14015,2011-10-18,52,Active
14381,2011-10-18,52,Active
14639,2011-10-18,52,Active
14798,2011-10-18,52,Active
14861,2011-10-18,52,Active
15140,2011-10-18,52,Active
15327,2011-10-18,52,Active
15505,2011-10-18,52,Active
15604,2011-10-18,52,Active
15637,2011-10-18,52,Active
15678,2011-10-18,52,Active
16249,2011-10-18,52,Active
16515,2011-10-18,52,Active
16730,2011-10-18,52,Active
16734,2011-10-18,52,Active
16848,2011-10-18,52,Active
16940,2011-10-18,52,Active
17262,2011-10-18,52,Active
17679,2011-10-18,52,Active
12370,2011-10-19,51,Active
12596,2011-10-19,51,Active
12744,2011-10-19,51,Active
13491,2011-10-19,51,Active
13849,2011-10-19,51,Active
14107,2011-10-19,51,Active
14229,2011-10-19,51,Active
14273,2011-10-19,51,Active
14306,2011-10-19,51,Active
14776,2011-10-19,51,Active
14799,2011-10-19,51,Active
15006,2011-10-19,51,Active
15220,2011-10-19,51,Active
15468,2011-10-19,51,Active
15610,2011-10-19,51,Active
15754,2011-10-19,51,Active
15803,2011-10-19,51,Active
15853,2011-10-19,51,Active
16123,2011-10-19,51,Active
16131,2011-10-19,51,Active
16470,2011-10-19,51,Active
16621,2011-10-19,51,Active
16826,2011-10-19,51,Active
17148,2011-10-19,51,Active
17824,2011-10-19,51,Active
17934,2011-10-19,51,Active
17973,2011-10-19,51,Active
18019,2011-10-19,51,Active
12556,2011-10-20,50,Active
13245,2011-10-20,50,Active
13366,2011-10-20,50,Active
13573,2011-10-20,50,Active
13669,2011-10-20,50,Active
13761,2011-10-20,50,Active
13897,2011-10-20,50,Active
14261,2011-10-20,50,Active
14427,2011-10-20,50,Active
14484,2011-10-20,50,Active
14495,2011-10-20,50,Active
14585,2011-10-20,50,Active
14631,2011-10-20,50,Active
14638,2011-10-20,50,Active
14923,2011-10-20,50,Active
15121,2011-10-20,50,Active
15129,2011-10-20,50,Active
15296,2011-10-20,50,Active
15301,2011-10-20,50,Active
15469,2011-10-20,50,Active
15565,2011-10-20,50,Active
15587,2011-10-20,50,Active
15664,2011-10-20,50,Active
15807,2011-10-20,50,Active
15836,2011-10-20,50,Active
16099,2011-10-20,50,Active
16170,2011-10-20,50,Active
16177,2011-10-20,50,Active
16260,2011-10-20,50,Active
16593,2011-10-20,50,Active
16846,2011-10-20,50,Active
17007,2011-10-20,50,Active
17092,2011-10-20,50,Active
17125,2011-10-20,50,Active
17354,2011-10-20,50,Active
17420,2011-10-20,50,Active
17571,2011-10-20,50,Active
17672,2011-10-20,50,Active
17764,2011-10-20,50,Active
18149,2011-10-20,50,Active
18252,2011-10-20,50,Active
12403,2011-10-21,49,Active
12407,2011-10-21,49,Active
13157,2011-10-21,49,Active
13725,2011-10-21,49,Active
13917,2011-10-21,49,Active
13918,2011-10-21,49,Active
13974,2011-10-21,49,Active
14233,2011-10-21,49,Active
14967,2011-10-21,49,Active
15286,2011-10-21,49,Active
15677,2011-10-21,49,Active
15740,2011-10-21,49,Active
15819,2011-10-21,49,Active
16153,2011-10-21,49,Active
16497,2011-10-21,49,Active
16918,2011-10-21,49,Active
17361,2011-10-21,49,Active
17832,2011-10-21,49,Active
17940,2011-10-21,49,Active
13598,2011-10-23,47,Active
14504,2011-10-23,47,Active
14731,2011-10-23,47,Active
14800,2011-10-23,47,Active
15000,2011-10-23,47,Active
16007,2011-10-23,47,Active
16017,2011-10-23,47,Active
16686,2011-10-23,47,Active
16768,2011-10-23,47,Active
17111,2011-10-23,47,Active
17836,2011-10-23,47,Active
12546,2011-10-24,46,Active
13165,2011-10-24,46,Active
13176,2011-10-24,46,Active
14019,2011-10-24,46,Active
14139,2011-10-24,46,Active
14145,2011-10-24,46,Active
14312,2011-10-24,46,Active
14474,2011-10-24,46,Active
14764,2011-10-24,46,Active
14997,2011-10-24,46,Active
15068,2011-10-24,46,Active
15142,2011-10-24,46,Active
15215,2011-10-24,46,Active
15277,2011-10-24,46,Active
15592,2011-10-24,46,Active
15786,2011-10-24,46,Active
15801,2011-10-24,46,Active
15806,2011-10-24,46,Active
15844,2011-10-24,46,Active
16019,2011-10-24,46,Active
16023,2011-10-24,46,Active
16325,2011-10-24,46,Active
16444,2011-10-24,46,Active
16491,2011-10-24,46,Active
16728,2011-10-24,46,Active
16742,2011-10-24,46,Active
17004,2011-10-24,46,Active
17186,2011-10-24,46,Active
17317,2011-10-24,46,Active
17344,2011-10-24,46,Active
17423,2011-10-24,46,Active
18240,2011-10-24,46,Active
12398,2011-10-25,45,Active
13182,2011-10-25,45,Active
13340,2011-10-25,45,Active
13481,2011-10-25,45,Active
13601,2011-10-25,45,Active
13652,2011-10-25,45,Active
14001,2011-10-25,45,Active
14341,2011-10-25,45,Active
15158,2011-10-25,45,Active
15345,2011-10-25,45,Active
15630,2011-10-25,45,Active
15656,2011-10-25,45,Active
16056,2011-10-25,45,Active
16110,2011-10-25,45,Active
16258,2011-10-25,45,Active
16708,2011-10-25,45,Active
17024,2011-10-25,45,Active
17917,2011-10-25,45,Active
17928,2011-10-25,45,Active
18045,2011-10-25,45,Active
18079,2011-10-25,45,Active
18147,2011-10-25,45,Active
12371,2011-10-26,44,Active
12448,2011-10-26,44,Active
12456,2011-10-26,44,Active
12812,2011-10-26,44,Active
12879,2011-10-26,44,Active
13107,2011-10-26,44,Active
14315,2011-10-26,44,Active
14379,2011-10-26,44,Active
14598,2011-10-26,44,Active
14690,2011-10-26,44,Active
14754,2011-10-26,44,Active
15240,2011-10-26,44,Active
15320,2011-10-26,44,Active
15516,2011-10-26,44,Active
15821,2011-10-26,44,Active
15835,2011-10-26,44,Active
15990,2011-10-26,44,Active
16071,2011-10-26,44,Active
16188,2011-10-26,44,Active
16208,2011-10-26,44,Active
16225,2011-10-26,44,Active
16345,2011-10-26,44,Active
16415,2011-10-26,44,Active
16418,2011-10-26,44,Active
16454,2011-10-26,44,Active
16750,2011-10-26,44,Active
17175,2011-10-26,44,Active
17470,2011-10-26,44,Active
17712,2011-10-26,44,Active
17895,2011-10-26,44,Active
18226,2011-10-26,44,Active
12430,2011-10-27,43,Active
12536,2011-10-27,43,Active
13416,2011-10-27,43,Active
13538,2011-10-27,43,Active
13654,2011-10-27,43,Active
14004,2011-10-27,43,Active
14239,2011-10-27,43,Active
14357,2011-10-27,43,Active
14716,2011-10-27,43,Active
14752,2011-10-27,43,Active
14842,2011-10-27,43,Active
15014,2011-10-27,43,Active
15288,2011-10-27,43,Active
15622,2011-10-27,43,Active
15659,2011-10-27,43,Active
15791,2011-10-27,43,Active
16026,2011-10-27,43,Active
16232,2011-10-27,43,Active
16680,2011-10-27,43,Active
16847,2011-10-27,43,Active
17414,2011-10-27,43,Active
17459,2011-10-27,43,Active
17545,2011-10-27,43,Active
17684,2011-10-27,43,Active
17878,2011-10-27,43,Active
18261,2011-10-27,43,Active
18276,2011-10-27,43,Active
12432,2011-10-28,42,Active
12678,2011-10-28,42,Active
12895,2011-10-28,42,Active
13812,2011-10-28,42,Active
13993,2011-10-28,42,Active
14218,2011-10-28,42,Active
14221,2011-10-28,42,Active
14232,2011-10-28,42,Active
14412,2011-10-28,42,Active
14498,2011-10-28,42,Active
14738,2011-10-28,42,Active
15096,2011-10-28,42,Active
16102,2011-10-28,42,Active
16150,2011-10-28,42,Active
16554,2011-10-28,42,Active
16648,2011-10-28,42,Active
16843,2011-10-28,42,Active
17272,2011-10-28,42,Active
17418,2011-10-28,42,Active
17669,2011-10-28,42,Active
17837,2011-10-28,42,Active
17839,2011-10-28,42,Active
18287,2011-10-28,42,Active
13278,2011-10-30,40,Active
13421,2011-10-30,40,Active
13524,2011-10-30,40,Active
13566,2011-10-30,40,Active
13607,2011-10-30,40,Active
13617,2011-10-30,40,Active
14040,2011-10-30,40,Active
14077,2011-10-30,40,Active
14158,2011-10-30,40,Active
14179,2011-10-30,40,Active
14295,2011-10-30,40,Active
14582,2011-10-30,40,Active
14810,2011-10-30,40,Active
15059,2011-10-30,40,Active
15370,2011-10-30,40,Active
15376,2011-10-30,40,Active
15385,2011-10-30,40,Active
15478,2011-10-30,40,Active
15521,2011-10-30,40,Active
15669,2011-10-30,40,Active
15708,2011-10-30,40,Active
15748,2011-10-30,40,Active
15860,2011-10-30,40,Active
15865,2011-10-30,40,Active
16049,2011-10-30,40,Active
16190,2011-10-30,40,Active
16235,2011-10-30,40,Active
16601,2011-10-30,40,Active
17018,2011-10-30,40,Active
17213,2011-10-30,40,Active
17255,2011-10-30,40,Active
17372,2011-10-30,40,Active
17373,2011-10-30,40,Active
17447,2011-10-30,40,Active
17609,2011-10-30,40,Active
17796,2011-10-30,40,Active
18067,2011-10-30,40,Active
12522,2011-10-31,39,Active
12571,2011-10-31,39,Active
12581,2011-10-31,39,Active
12588,2011-10-31,39,Active
12909,2011-10-31,39,Active
13103,2011-10-31,39,Active
13145,2011-10-31,39,Active
13186,2011-10-31,39,Active
13544,2011-10-31,39,Active
13813,2011-10-31,39,Active
13982,2011-10-31,39,Active
14167,2011-10-31,39,Active
14808,2011-10-31,39,Active
15329,2011-10-31,39,Active
15360,2011-10-31,39,Active
15667,2011-10-31,39,Active
15752,2011-10-31,39,Active
15974,2011-10-31,39,Active
16018,2011-10-31,39,Active
16127,2011-10-31,39,Active
16836,2011-10-31,39,Active
16969,2011-10-31,39,Active
17396,2011-10-31,39,Active
17951,2011-10-31,39,Active
18257,2011-10-31,39,Active
12491,2011-11-01,38,Active
12552,2011-11-01,38,Active
12674,2011-11-01,38,Active
13292,2011-11-01,38,Active
13327,2011-11-01,38,Active
13461,2011-11-01,38,Active
13697,2011-11-01,38,Active
13726,2011-11-01,38,Active
14345,2011-11-01,38,Active
14383,2011-11-01,38,Active
14485,2011-11-01,38,Active
14995,2011-11-01,38,Active
15018,2011-11-01,38,Active
15423,2011-11-01,38,Active
15847,2011-11-01,38,Active
16029,2011-11-01,38,Active
16729,2011-11-01,38,Active
16825,2011-11-01,38,Active
16830,2011-11-01,38,Active
16960,2011-11-01,38,Active
16971,2011-11-01,38,Active
17166,2011-11-01,38,Active
17696,2011-11-01,38,Active
17733,2011-11-01,38,Active
18270,2011-11-01,38,Active
12594,2011-11-02,37,Active
12779,2011-11-02,37,Active
12830,2011-11-02,37,Active
13271,2011-11-02,37,Active
13316,2011-11-02,37,Active
13477,2011-11-02,37,Active
13904,2011-11-02,37,Active
14528,2011-11-02,37,Active
14974,2011-11-02,37,Active
15065,2011-11-02,37,Active
15275,2011-11-02,37,Active
15576,2011-11-02,37,Active
15830,2011-11-02,37,Active
16014,2011-11-02,37,Active
16043,2011-11-02,37,Active
16308,2011-11-02,37,Active
16367,2011-11-02,37,Active
16706,2011-11-02,37,Active
16747,2011-11-02,37,Active
16884,2011-11-02,37,Active
17719,2011-11-02,37,Active
17800,2011-11-02,37,Active
17947,2011-11-02,37,Active
17965,2011-11-02,37,Active
17966,2011-11-02,37,Active
17999,2011-11-02,37,Active
18104,2011-11-02,37,Active
18105,2011-11-02,37,Active
18164,2011-11-02,37,Active
12352,2011-11-03,36,Active
12544,2011-11-03,36,Active
12808,2011-11-03,36,Active
13168,2011-11-03,36,Active
13324,2011-11-03,36,Active
13636,2011-11-03,36,Active
13721,2011-11-03,36,Active
13728,2011-11-03,36,Active
14098,2011-11-03,36,Active
14636,2011-11-03,36,Active
14815,2011-11-03,36,Active
14856,2011-11-03,36,Active
15227,2011-11-03,36,Active
15252,2011-11-03,36,Active
15551,2011-11-03,36,Active
15605,2011-11-03,36,Active
15612,2011-11-03,36,Active
15651,2011-11-03,36,Active
15809,2011-11-03,36,Active
15998,2011-11-03,36,Active
16221,2011-11-03,36,Active
16337,2011-11-03,36,Active
16409,2011-11-03,36,Active
16602,2011-11-03,36,Active
16841,2011-11-03,36,Active
16914,2011-11-03,36,Active
17076,2011-11-03,36,Active
17078,2011-11-03,36,Active
17351,2011-11-03,36,Active
17403,2011-11-03,36,Active
17442,2011-11-03,36,Active
17634,2011-11-03,36,Active
17653,2011-11-03,36,Active
17816,2011-11-03,36,Active
18081,2011-11-03,36,Active
18205,2011-11-03,36,Active
12397,2011-11-04,35,Active
12431,2011-11-04,35,Active
12576,2011-11-04,35,Active
12577,2011-11-04,35,Active
12928,2011-11-04,35,Active
12944,2011-11-04,35,Active
13592,2011-11-04,35,Active
13651,2011-11-04,35,Active
13938,2011-11-04,35,Active
14150,2011-11-04,35,Active
14592,2011-11-04,35,Active
14913,2011-11-04,35,Active
14971,2011-11-04,35,Active
15010,2011-11-04,35,Active
15597,2011-11-04,35,Active
15707,2011-11-04,35,Active
15722,2011-11-04,35,Active
16012,2011-11-04,35,Active
16318,2011-11-04,35,Active
16555,2011-11-04,35,Active
16887,2011-11-04,35,Active
17084,2011-11-04,35,Active
17193,2011-11-04,35,Active
17203,2011-11-04,35,Active
17233,2011-11-04,35,Active
17274,2011-11-04,35,Active
17703,2011-11-04,35,Active
17930,2011-11-04,35,Active
17979,2011-11-04,35,Active
18022,2011-11-04,35,Active
18035,2011-11-04,35,Active
12357,2011-11-06,33,Active
12638,2011-11-06,33,Active
12645,2011-11-06,33,Active
12838,2011-11-06,33,Active
13155,2011-11-06,33,Active
13365,2011-11-06,33,Active
13523,2011-11-06,33,Active
13527,2011-11-06,33,Active
13532,2011-11-06,33,Active
13634,2011-11-06,33,Active
13759,2011-11-06,33,Active
13772,2011-11-06,33,Active
14039,2011-11-06,33,Active
14174,2011-11-06,33,Active
14404,2011-11-06,33,Active
14517,2011-11-06,33,Active
14936,2011-11-06,33,Active
15017,2011-11-06,33,Active
15025,2011-11-06,33,Active
15407,2011-11-06,33,Active
15427,2011-11-06,33,Active
15513,2011-11-06,33,Active
15526,2011-11-06,33,Active
15696,2011-11-06,33,Active
15839,2011-11-06,33,Active
15952,2011-11-06,33,Active
16243,2011-11-06,33,Active
16357,2011-11-06,33,Active
16372,2011-11-06,33,Active
16445,2011-11-06,33,Active
16466,2011-11-06,33,Active
16488,2011-11-06,33,Active
16676,2011-11-06,33,Active
16771,2011-11-06,33,Active
17082,2011-11-06,33,Active
17107,2011-11-06,33,Active
17608,2011-11-06,33,Active
17831,2011-11-06,33,Active
18170,2011-11-06,33,Active
12408,2011-11-07,32,Active
12472,2011-11-07,32,Active
12484,2011-11-07,32,Active
12832,2011-11-07,32,Active
13097,2011-11-07,32,Active
13717,2011-11-07,32,Active
13824,2011-11-07,32,Active
14073,2011-11-07,32,Active
14080,2011-11-07,32,Active
14387,2011-11-07,32,Active
14623,2011-11-07,32,Active
14700,2011-11-07,32,Active
14929,2011-11-07,32,Active
15330,2011-11-07,32,Active
15493,2011-11-07,32,Active
15522,2011-11-07,32,Active
15618,2011-11-07,32,Active
15719,2011-11-07,32,Active
15785,2011-11-07,32,Active
15870,2011-11-07,32,Active
16053,2011-11-07,32,Active
16348,2011-11-07,32,Active
16362,2011-11-07,32,Active
16612,2011-11-07,32,Active
16637,2011-11-07,32,Active
17043,2011-11-07,32,Active
17158,2011-11-07,32,Active
17164,2011-11-07,32,Active
17430,2011-11-07,32,Active
17623,2011-11-07,32,Active
17761,2011-11-07,32,Active
18016,2011-11-07,32,Active
18036,2011-11-07,32,Active
18150,2011-11-07,32,Active
12721,2011-11-08,31,Active
12849,2011-11-08,31,Active
12990,2011-11-08,31,Active
13047,2011-11-08,31,Active
13110,2011-11-08,31,Active
13272,2011-11-08,31,Active
13329,2011-11-08,31,Active
13381,2011-11-08,31,Active
13643,2011-11-08,31,Active
13695,2011-11-08,31,Active
13710,2011-11-08,31,Active
13867,2011-11-08,31,Active
13975,2011-11-08,31,Active
14050,2011-11-08,31,Active
14360,2011-11-08,31,Active
14524,2011-11-08,31,Active
14676,2011-11-08,31,Active
15043,2011-11-08,31,Active
15103,2011-11-08,31,Active
15153,2011-11-08,31,Active
15249,2011-11-08,31,Active
15356,2011-11-08,31,Active
15406,2011-11-08,31,Active
15573,2011-11-08,31,Active
15763,2011-11-08,31,Active
15950,2011-11-08,31,Active
15957,2011-11-08,31,Active
16187,2011-11-08,31,Active
16284,2011-11-08,31,Active
16505,2011-11-08,31,Active
16618,2011-11-08,31,Active
16639,2011-11-08,31,Active
16732,2011-11-08,31,Active
16837,2011-11-08,31,Active
16863,2011-11-08,31,Active
17022,2011-11-08,31,Active
17160,2011-11-08,31,Active
17219,2011-11-08,31,Active
17289,2011-11-08,31,Active
17313,2011-11-08,31,Active
17515,2011-11-08,31,Active
17633,2011-11-08,31,Active
17637,2011-11-08,31,Active
17886,2011-11-08,31,Active
17964,2011-11-08,31,Active
18177,2011-11-08,31,Active
18216,2011-11-08,31,Active
12532,2011-11-09,30,Active
12893,2011-11-09,30,Active
12949,2011-11-09,30,Active
13029,2011-11-09,30,Active
13046,2011-11-09,30,Active
13209,2011-11-09,30,Active
13384,2011-11-09,30,Active
13522,2011-11-09,30,Active
13623,2011-11-09,30,Active
13804,2011-11-09,30,Active
13992,2011-11-09,30,Active
14108,2011-11-09,30,Active
14188,2011-11-09,30,Active
14214,2011-11-09,30,Active
14240,2011-11-09,30,Active
14284,2011-11-09,30,Active
14691,2011-11-09,30,Active
14921,2011-11-09,30,Active
14968,2011-11-09,30,Active
15027,2011-11-09,30,Active
15114,2011-11-09,30,Active
15450,2011-11-09,30,Active
15485,2011-11-09,30,Active
15986,2011-11-09,30,Active
16041,2011-11-09,30,Active
16205,2011-11-09,30,Active
16516,2011-11-09,30,Active
16751,2011-11-09,30,Active
16767,2011-11-09,30,Active
16880,2011-11-09,30,Active
16953,2011-11-09,30,Active
16996,2011-11-09,30,Active
17011,2011-11-09,30,Active
17038,2011-11-09,30,Active
17690,2011-11-09,30,Active
17702,2011-11-09,30,Active
17865,2011-11-09,30,Active
17867,2011-11-09,30,Active
18274,2011-11-09,30,Active
12473,2011-11-10,29,Active
12538,2011-11-10,29,Active
12541,2011-11-10,29,Active
12599,2011-11-10,29,Active
12617,2011-11-10,29,Active
12659,2011-11-10,29,Active
12708,2011-11-10,29,Active
12844,2011-11-10,29,Active
12981,2011-11-10,29,Active
13148,2011-11-10,29,Active
13396,2011-11-10,29,Active
13460,2011-11-10,29,Active
13606,2011-11-10,29,Active
13817,2011-11-10,29,Active
13983,2011-11-10,29,Active
14064,2011-11-10,29,Active
14466,2011-11-10,29,Active
14712,2011-11-10,29,Active
14748,2011-11-10,29,Active
14765,2011-11-10,29,Active
14829,2011-11-10,29,Active
14863,2011-11-10,29,Active
14944,2011-11-10,29,Active
15111,2011-11-10,29,Active
15184,2011-11-10,29,Active
15238,2011-11-10,29,Active
15289,2011-11-10,29,Active
15355,2011-11-10,29,Active
15452,2011-11-10,29,Active
15463,2011-11-10,29,Active
16003,2011-11-10,29,Active
16025,2011-11-10,29,Active
16126,2011-11-10,29,Active
16218,2011-11-10,29,Active
16434,2011-11-10,29,Active
16628,2011-11-10,29,Active
16743,2011-11-10,29,Active
16791,2011-11-10,29,Active
16903,2011-11-10,29,Active
16907,2011-11-10,29,Active
16986,2011-11-10,29,Active
17059,2011-11-10,29,Active
17109,2011-11-10,29,Active
17197,2011-11-10,29,Active
17340,2011-11-10,29,Active
17416,2011-11-10,29,Active
17521,2011-11-10,29,Active
17537,2011-11-10,29,Active
17573,2011-11-10,29,Active
17791,2011-11-10,29,Active
17901,2011-11-10,29,Active
17932,2011-11-10,29,Active
17977,2011-11-10,29,Active
18125,2011-11-10,29,Active
18135,2011-11-10,29,Active
18217,2011-11-10,29,Active
18236,2011-11-10,29,Active
12384,2011-11-11,28,Active
12480,2011-11-11,28,Active
12517,2011-11-11,28,Active
12589,2011-11-11,28,Active
12600,2011-11-11,28,Active
12685,2011-11-11,28,Active
12691,2011-11-11,28,Active
12697,2011-11-11,28,Active
12712,2011-11-11,28,Active
12726,2011-11-11,28,Active
13091,2011-11-11,28,Active
13310,2011-11-11,28,Active
13557,2011-11-11,28,Active
13727,2011-11-11,28,Active
13732,2011-11-11,28,Active
13810,2011-11-11,28,Active
13895,2011-11-11,28,Active
14035,2011-11-11,28,Active
14226,2011-11-11,28,Active
14543,2011-11-11,28,Active
14662,2011-11-11,28,Active
14789,2011-11-11,28,Active
15492,2011-11-11,28,Active
15557,2011-11-11,28,Active
15608,2011-11-11,28,Active
15692,2011-11-11,28,Active
16332,2011-11-11,28,Active
16386,2011-11-11,28,Active
16433,2011-11-11,28,Active
16460,2011-11-11,28,Active
16671,2011-11-11,28,Active
16912,2011-11-11,28,Active
17015,2011-11-11,28,Active
17052,2011-11-11,28,Active
17054,2011-11-11,28,Active
17069,2011-11-11,28,Active
17071,2011-11-11,28,Active
17088,2011-11-11,28,Active
17162,2011-11-11,28,Active
17191,2011-11-11,28,Active
17295,2011-11-11,28,Active
17512,2011-11-11,28,Active
18014,2011-11-11,28,Active
18209,2011-11-11,28,Active
12508,2011-11-13,26,Active
12865,2011-11-13,26,Active
12867,2011-11-13,26,Active
13146,2011-11-13,26,Active
13170,2011-11-13,26,Active
13178,2011-11-13,26,Active
13379,2011-11-13,26,Active
13450,2011-11-13,26,Active
13451,2011-11-13,26,Active
13603,2011-11-13,26,Active
13700,2011-11-13,26,Active
13892,2011-11-13,26,Active
13984,2011-11-13,26,Active
14044,2011-11-13,26,Active
14227,2011-11-13,26,Active
14382,2011-11-13,26,Active
14487,2011-11-13,26,Active
14499,2011-11-13,26,Active
14661,2011-11-13,26,Active
14784,2011-11-13,26,Active
14882,2011-11-13,26,Active
15411,2011-11-13,26,Active
15429,2011-11-13,26,Active
15449,2011-11-13,26,Active
15599,2011-11-13,26,Active
15787,2011-11-13,26,Active
16416,2011-11-13,26,Active
16560,2011-11-13,26,Active
16571,2011-11-13,26,Active
16720,2011-11-13,26,Active
16726,2011-11-13,26,Active
16898,2011-11-13,26,Active
16930,2011-11-13,26,Active
17041,2011-11-13,26,Active
17211,2011-11-13,26,Active
17287,2011-11-13,26,Active
17720,2011-11-13,26,Active
17790,2011-11-13,26,Active
17838,2011-11-13,26,Active
18069,2011-11-13,26,Active
12374,2011-11-14,25,Active
12428,2011-11-14,25,Active
12642,2011-11-14,25,Active
12689,2011-11-14,25,Active
12938,2011-11-14,25,Active
13549,2011-11-14,25,Active
13577,2011-11-14,25,Active
13835,2011-11-14,25,Active
14494,2011-11-14,25,Active
14530,2011-11-14,25,Active
14680,2011-11-14,25,Active
14684,2011-11-14,25,Active
14862,2011-11-14,25,Active
14902,2011-11-14,25,Active
14953,2011-11-14,25,Active
15050,2011-11-14,25,Active
15058,2011-11-14,25,Active
15125,2011-11-14,25,Active
15168,2011-11-14,25,Active
15203,2011-11-14,25,Active
15291,2011-11-14,25,Active
15365,2011-11-14,25,Active
15458,2011-11-14,25,Active
15532,2011-11-14,25,Active
15660,2011-11-14,25,Active
15681,2011-11-14,25,Active
15781,2011-11-14,25,Active
15863,2011-11-14,25,Active
16207,2011-11-14,25,Active
16303,2011-11-14,25,Active
16478,2011-11-14,25,Active
16504,2011-11-14,25,Active
16519,2011-11-14,25,Active
16936,2011-11-14,25,Active
17044,2011-11-14,25,Active
17081,2011-11-14,25,Active
17235,2011-11-14,25,Active
17538,2011-11-14,25,Active
17652,2011-11-14,25,Active
17658,2011-11-14,25,Active
17663,2011-11-14,25,Active
17793,2011-11-14,25,Active
18082,2011-11-14,25,Active
18117,2011-11-14,25,Active
18211,2011-11-14,25,Active
18263,2011-11-14,25,Active
12415,2011-11-15,24,Active
12676,2011-11-15,24,Active
12883,2011-11-15,24,Active
12890,2011-11-15,24,Active
12933,2011-11-15,24,Active
13058,2011-11-15,24,Active
13066,2011-11-15,24,Active
13236,2011-11-15,24,Active
13410,2011-11-15,24,Active
13455,2011-11-15,24,Active
13614,2011-11-15,24,Active
13632,2011-11-15,24,Active
13692,2011-11-15,24,Active
13735,2011-11-15,24,Active
13846,2011-11-15,24,Active
14522,2011-11-15,24,Active
14533,2011-11-15,24,Active
14544,2011-11-15,24,Active
14640,2011-11-15,24,Active
14666,2011-11-15,24,Active
14714,2011-11-15,24,Active
14715,2011-11-15,24,Active
14725,2011-11-15,24,Active
14853,2011-11-15,24,Active
15419,2011-11-15,24,Active
15524,2011-11-15,24,Active
15556,2011-11-15,24,Active
15582,2011-11-15,24,Active
15679,2011-11-15,24,Active
15720,2011-11-15,24,Active
15758,2011-11-15,24,Active
15955,2011-11-15,24,Active
15981,2011-11-15,24,Active
16240,2011-11-15,24,Active
16341,2011-11-15,24,Active
16423,2011-11-15,24,Active
16557,2011-11-15,24,Active
17153,2011-11-15,24,Active
17220,2011-11-15,24,Active
17314,2011-11-15,24,Active
17357,2011-11-15,24,Active
17510,2011-11-15,24,Active
17540,2011-11-15,24,Active
17564,2011-11-15,24,Active
17777,2011-11-15,24,Active
17974,2011-11-15,24,Active
18043,2011-11-15,24,Active
18123,2011-11-15,24,Active
18181,2011-11-15,24,Active
18259,2011-11-15,24,Active
12500,2011-11-16,23,Active
12626,2011-11-16,23,Active
12640,2011-11-16,23,Active
12731,2011-11-16,23,Active
12910,2011-11-16,23,Active
12991,2011-11-16,23,Active
12993,2011-11-16,23,Active
13131,2011-11-16,23,Active
13285,2011-11-16,23,Active
13447,2011-11-16,23,Active
13449,2011-11-16,23,Active
13500,2011-11-16,23,Active
13575,2011-11-16,23,Active
13629,2011-11-16,23,Active
13816,2011-11-16,23,Active
13894,2011-11-16,23,Active
13926,2011-11-16,23,Active
13939,2011-11-16,23,Active
14057,2011-11-16,23,Active
14286,2011-11-16,23,Active
14426,2011-11-16,23,Active
14507,2011-11-16,23,Active
14626,2011-11-16,23,Active
14851,2011-11-16,23,Active
14898,2011-11-16,23,Active
14948,2011-11-16,23,Active
15051,2011-11-16,23,Active
15110,2011-11-16,23,Active
15269,2011-11-16,23,Active
15432,2011-11-16,23,Active
15584,2011-11-16,23,Active
15805,2011-11-16,23,Active
15900,2011-11-16,23,Active
15967,2011-11-16,23,Active
16008,2011-11-16,23,Active
16085,2011-11-16,23,Active
16204,2011-11-16,23,Active
16245,2011-11-16,23,Active
16469,2011-11-16,23,Active
16669,2011-11-16,23,Active
16717,2011-11-16,23,Active
16804,2011-11-16,23,Active
16809,2011-11-16,23,Active
16855,2011-11-16,23,Active
16916,2011-11-16,23,Active
16999,2011-11-16,23,Active
17198,2011-11-16,23,Active
17368,2011-11-16,23,Active
17377,2011-11-16,23,Active
17549,2011-11-16,23,Active
17596,2011-11-16,23,Active
17680,2011-11-16,23,Active
17896,2011-11-16,23,Active
18006,2011-11-16,23,Active
18059,2011-11-16,23,Active
18075,2011-11-16,23,Active
18167,2011-11-16,23,Active
18246,2011-11-16,23,Active
12356,2011-11-17,22,Active
12406,2011-11-17,22,Active
12445,2011-11-17,22,Active
12449,2011-11-17,22,Active
12477,2011-11-17,22,Active
12481,2011-11-17,22,Active
12539,2011-11-17,22,Active
12567,2011-11-17,22,Active
12610,2011-11-17,22,Active
12647,2011-11-17,22,Active
12753,2011-11-17,22,Active
12847,2011-11-17,22,Active
12997,2011-11-17,22,Active
13028,2011-11-17,22,Active
13138,2011-11-17,22,Active
13160,2011-11-17,22,Active
13308,2011-11-17,22,Active
13313,2011-11-17,22,Active
13815,2011-11-17,22,Active
13828,2011-11-17,22,Active
13871,2011-11-17,22,Active
14034,2011-11-17,22,Active
14112,2011-11-17,22,Active
14234,2011-11-17,22,Active
14332,2011-11-17,22,Active
14362,2011-11-17,22,Active
14416,2011-11-17,22,Active
14508,2011-11-17,22,Active
15081,2011-11-17,22,Active
15124,2011-11-17,22,Active
15267,2011-11-17,22,Active
15287,2011-11-17,22,Active
15435,2011-11-17,22,Active
15489,2011-11-17,22,Active
15506,2011-11-17,22,Active
15529,2011-11-17,22,Active
15563,2011-11-17,22,Active
15657,2011-11-17,22,Active
15811,2011-11-17,22,Active
15864,2011-11-17,22,Active
15983,2011-11-17,22,Active
16009,2011-11-17,22,Active
16042,2011-11-17,22,Active
16070,2011-11-17,22,Active
16186,2011-11-17,22,Active
16298,2011-11-17,22,Active
16531,2011-11-17,22,Active
16638,2011-11-17,22,Active
16656,2011-11-17,22,Active
16869,2011-11-17,22,Active
16871,2011-11-17,22,Active
17080,2011-11-17,22,Active
17095,2011-11-17,22,Active
17147,2011-11-17,22,Active
17330,2011-11-17,22,Active
17397,2011-11-17,22,Active
17461,2011-11-17,22,Active
17613,2011-11-17,22,Active
17716,2011-11-17,22,Active
17797,2011-11-17,22,Active
17799,2011-11-17,22,Active
17828,2011-11-17,22,Active
17985,2011-11-17,22,Active
18221,2011-11-17,22,Active
12380,2011-11-18,21,Active
12391,2011-11-18,21,Active
12427,2011-11-18,21,Active
12444,2011-11-18,21,Active
12498,2011-11-18,21,Active
12578,2011-11-18,21,Active
12603,2011-11-18,21,Active
12618,2011-11-18,21,Active
12931,2011-11-18,21,Active
13094,2011-11-18,21,Active
13117,2011-11-18,21,Active
13171,2011-11-18,21,Active
13516,2011-11-18,21,Active
13880,2011-11-18,21,Active
13941,2011-11-18,21,Active
13960,2011-11-18,21,Active
13962,2011-11-18,21,Active
14285,2011-11-18,21,Active
14342,2011-11-18,21,Active
14434,2011-11-18,21,Active
14593,2011-11-18,21,Active
14641,2011-11-18,21,Active
14793,2011-11-18,21,Active
14820,2011-11-18,21,Active
14849,2011-11-18,21,Active
14903,2011-11-18,21,Active
15088,2011-11-18,21,Active
15368,2011-11-18,21,Active
15494,2011-11-18,21,Active
15530,2011-11-18,21,Active
15933,2011-11-18,21,Active
16134,2011-11-18,21,Active
16279,2011-11-18,21,Active
16293,2011-11-18,21,Active
16350,2011-11-18,21,Active
16414,2011-11-18,21,Active
16463,2011-11-18,21,Active
16511,2011-11-18,21,Active
16924,2011-11-18,21,Active
16945,2011-11-18,21,Active
17063,2011-11-18,21,Active
17159,2011-11-18,21,Active
17163,2011-11-18,21,Active
17286,2011-11-18,21,Active
17301,2011-11-18,21,Active
17621,2011-11-18,21,Active
17650,2011-11-18,21,Active
17760,2011-11-18,21,Active
17779,2011-11-18,21,Active
17888,2011-11-18,21,Active
17904,2011-11-18,21,Active
17961,2011-11-18,21,Active
18034,2011-11-18,21,Active
18061,2011-11-18,21,Active
12395,2011-11-20,19,Active
12523,2011-11-20,19,Active
12540,2011-11-20,19,Active
12597,2011-11-20,19,Active
12702,2011-11-20,19,Active
12778,2011-11-20,19,Active
13118,2011-11-20,19,Active
13142,2011-11-20,19,Active
13200,2011-11-20,19,Active
13212,2011-11-20,19,Active
13427,2011-11-20,19,Active
13565,2011-11-20,19,Active
13832,2011-11-20,19,Active
13988,2011-11-20,19,Active
14052,2011-11-20,19,Active
14116,2011-11-20,19,Active
14157,2011-11-20,19,Active
14159,2011-11-20,19,Active
14359,2011-11-20,19,Active
14477,2011-11-20,19,Active
14502,2011-11-20,19,Active
14525,2011-11-20,19,Active
14553,2011-11-20,19,Active
14595,2011-11-20,19,Active
14664,2011-11-20,19,Active
14860,2011-11-20,19,Active
14881,2011-11-20,19,Active
14950,2011-11-20,19,Active
14984,2011-11-20,19,Active
15044,2011-11-20,19,Active
15426,2011-11-20,19,Active
15465,2011-11-20,19,Active
15533,2011-11-20,19,Active
15745,2011-11-20,19,Active
15850,2011-11-20,19,Active
15906,2011-11-20,19,Active
15919,2011-11-20,19,Active
15963,2011-11-20,19,Active
15988,2011-11-20,19,Active
16212,2011-11-20,19,Active
16399,2011-11-20,19,Active
16411,2011-11-20,19,Active
16464,2011-11-20,19,Active
16506,2011-11-20,19,Active
16533,2011-11-20,19,Active
16666,2011-11-20,19,Active
16710,2011-11-20,19,Active
16762,2011-11-20,19,Active
16784,2011-11-20,19,Active
17384,2011-11-20,19,Active
17387,2011-11-20,19,Active
17425,2011-11-20,19,Active
17555,2011-11-20,19,Active
17561,2011-11-20,19,Active
17636,2011-11-20,19,Active
17738,2011-11-20,19,Active
17758,2011-11-20,19,Active
18040,2011-11-20,19,Active
18110,2011-11-20,19,Active
18127,2011-11-20,19,Active
12349,2011-11-21,18,Active
12462,2011-11-21,18,Active
12504,2011-11-21,18,Active
12658,2011-11-21,18,Active
12795,2011-11-21,18,Active
12904,2011-11-21,18,Active
12984,2011-11-21,18,Active
13167,2011-11-21,18,Active
13189,2011-11-21,18,Active
13246,2011-11-21,18,Active
13282,2011-11-21,18,Active
13430,2011-11-21,18,Active
13673,2011-11-21,18,Active
13739,2011-11-21,18,Active
13823,2011-11-21,18,Active
13862,2011-11-21,18,Active
13971,2011-11-21,18,Active
14030,2011-11-21,18,Active
14198,2011-11-21,18,Active
14300,2011-11-21,18,Active
14447,2011-11-21,18,Active
14449,2011-11-21,18,Active
14482,2011-11-21,18,Active
14551,2011-11-21,18,Active
14587,2011-11-21,18,Active
14883,2011-11-21,18,Active
15093,2011-11-21,18,Active
15105,2011-11-21,18,Active
15115,2011-11-21,18,Active
15132,2011-11-21,18,Active
15163,2011-11-21,18,Active
15179,2011-11-21,18,Active
15527,2011-11-21,18,Active
15567,2011-11-21,18,Active
15645,2011-11-21,18,Active
15671,2011-11-21,18,Active
15676,2011-11-21,18,Active
15738,2011-11-21,18,Active
15857,2011-11-21,18,Active
16139,2011-11-21,18,Active
16366,2011-11-21,18,Active
16369,2011-11-21,18,Active
16406,2011-11-21,18,Active
16713,2011-11-21,18,Active
17010,2011-11-21,18,Active
17100,2011-11-21,18,Active
17227,2011-11-21,18,Active
17253,2011-11-21,18,Active
17432,2011-11-21,18,Active
17625,2011-11-21,18,Active
17664,2011-11-21,18,Active
18080,2011-11-21,18,Active
12465,2011-11-22,17,Active
12474,2011-11-22,17,Active
12483,2011-11-22,17,Active
12586,2011-11-22,17,Active
12656,2011-11-22,17,Active
12775,2011-11-22,17,Active
12920,2011-11-22,17,Active
12936,2011-11-22,17,Active
13238,2011-11-22,17,Active
13247,2011-11-22,17,Active
13268,2011-11-22,17,Active
13322,2011-11-22,17,Active
13363,2011-11-22,17,Active
13403,2011-11-22,17,Active
13456,2011-11-22,17,Active
13488,2011-11-22,17,Active
13499,2011-11-22,17,Active
13569,2011-11-22,17,Active
13681,2011-11-22,17,Active
13940,2011-11-22,17,Active
13986,2011-11-22,17,Active
14297,2011-11-22,17,Active
14329,2011-11-22,17,Active
14424,2011-11-22,17,Active
14467,2011-11-22,17,Active
14505,2011-11-22,17,Active
14506,2011-11-22,17,Active
14515,2011-11-22,17,Active
14657,2011-11-22,17,Active
14768,2011-11-22,17,Active
14834,2011-11-22,17,Active
15106,2011-11-22,17,Active
15116,2011-11-22,17,Active
15150,2011-11-22,17,Active
15497,2011-11-22,17,Active
15634,2011-11-22,17,Active
15699,2011-11-22,17,Active
15845,2011-11-22,17,Active
15965,2011-11-22,17,Active
15971,2011-11-22,17,Active
15977,2011-11-22,17,Active
16107,2011-11-22,17,Active
16128,2011-11-22,17,Active
16164,2011-11-22,17,Active
16261,2011-11-22,17,Active
16311,2011-11-22,17,Active
16330,2011-11-22,17,Active
16352,2011-11-22,17,Active
16365,2011-11-22,17,Active
16422,2011-11-22,17,Active
16532,2011-11-22,17,Active
16607,2011-11-22,17,Active
16633,2011-11-22,17,Active
16655,2011-11-22,17,Active
16722,2011-11-22,17,Active
16748,2011-11-22,17,Active
16956,2011-11-22,17,Active
16985,2011-11-22,17,Active
17073,2011-11-22,17,Active
17075,2011-11-22,17,Active
17155,2011-11-22,17,Active
17297,2011-11-22,17,Active
17324,2011-11-22,17,Active
17338,2011-11-22,17,Active
17360,2011-11-22,17,Active
17371,2011-11-22,17,Active
17453,2011-11-22,17,Active
17500,2011-11-22,17,Active
17519,2011-11-22,17,Active
17600,2011-11-22,17,Active
17659,2011-11-22,17,Active
17759,2011-11-22,17,Active
18139,2011-11-22,17,Active
18249,2011-11-22,17,Active
12452,2011-11-23,16,Active
12557,2011-11-23,16,Active
12619,2011-11-23,16,Active
12948,2011-11-23,16,Active
13018,2011-11-23,16,Active
13139,2011-11-23,16,Active
13174,2011-11-23,16,Active
13350,2011-11-23,16,Active
13448,2011-11-23,16,Active
13502,2011-11-23,16,Active
13644,2011-11-23,16,Active
13650,2011-11-23,16,Active
13742,2011-11-23,16,Active
13831,2011-11-23,16,Active
13899,2011-11-23,16,Active
14020,2011-11-23,16,Active
14049,2011-11-23,16,Active
14099,2011-11-23,16,Active
14205,2011-11-23,16,Active
14334,2011-11-23,16,Active
14335,2011-11-23,16,Active
14336,2011-11-23,16,Active
14581,2011-11-23,16,Active
14675,2011-11-23,16,Active
14733,2011-11-23,16,Active
14744,2011-11-23,16,Active
14790,2011-11-23,16,Active
14912,2011-11-23,16,Active
15253,2011-11-23,16,Active
15393,2011-11-23,16,Active
15398,2011-11-23,16,Active
15727,2011-11-23,16,Active
15743,2011-11-23,16,Active
15814,2011-11-23,16,Active
15901,2011-11-23,16,Active
15916,2011-11-23,16,Active
15949,2011-11-23,16,Active
16020,2011-11-23,16,Active
16057,2011-11-23,16,Active
16066,2011-11-23,16,Active
16079,2011-11-23,16,Active
16185,2011-11-23,16,Active
16255,2011-11-23,16,Active
16343,2011-11-23,16,Active
16653,2011-11-23,16,Active
16660,2011-11-23,16,Active
16670,2011-11-23,16,Active
16900,2011-11-23,16,Active
17034,2011-11-23,16,Active
17135,2011-11-23,16,Active
17410,2011-11-23,16,Active
17422,2011-11-23,16,Active
17463,2011-11-23,16,Active
17469,2011-11-23,16,Active
17685,2011-11-23,16,Active
17700,2011-11-23,16,Active
17725,2011-11-23,16,Active
17809,2011-11-23,16,Active
18084,2011-11-23,16,Active
12388,2011-11-24,15,Active
12421,2011-11-24,15,Active
12476,2011-11-24,15,Active
12494,2011-11-24,15,Active
12705,2011-11-24,15,Active
12709,2011-11-24,15,Active
12757,2011-11-24,15,Active
12937,2011-11-24,15,Active
13207,2011-11-24,15,Active
13277,2011-11-24,15,Active
13588,2011-11-24,15,Active
13638,2011-11-24,15,Active
13719,2011-11-24,15,Active
13995,2011-11-24,15,Active
14277,2011-11-24,15,Active
14539,2011-11-24,15,Active
14591,2011-11-24,15,Active
14607,2011-11-24,15,Active
14709,2011-11-24,15,Active
14756,2011-11-24,15,Active
14805,2011-11-24,15,Active
14987,2011-11-24,15,Active
15005,2011-11-24,15,Active
15034,2011-11-24,15,Active
15270,2011-11-24,15,Active
15428,2011-11-24,15,Active
15482,2011-11-24,15,Active
15502,2011-11-24,15,Active
15594,2011-11-24,15,Active
15632,2011-11-24,15,Active
15725,2011-11-24,15,Active
15858,2011-11-24,15,Active
15953,2011-11-24,15,Active
16157,2011-11-24,15,Active
16173,2011-11-24,15,Active
16189,2011-11-24,15,Active
16482,2011-11-24,15,Active
16566,2011-11-24,15,Active
16570,2011-11-24,15,Active
16596,2011-11-24,15,Active
16609,2011-11-24,15,Active
16616,2011-11-24,15,Active
16668,2011-11-24,15,Active
16824,2011-11-24,15,Active
16885,2011-11-24,15,Active
17096,2011-11-24,15,Active
17133,2011-11-24,15,Active
17139,2011-11-24,15,Active
17228,2011-11-24,15,Active
17247,2011-11-24,15,Active
17323,2011-11-24,15,Active
17345,2011-11-24,15,Active
17458,2011-11-24,15,Active
17516,2011-11-24,15,Active
17671,2011-11-24,15,Active
17727,2011-11-24,15,Active
17767,2011-11-24,15,Active
17975,2011-11-24,15,Active
18130,2011-11-24,15,Active
18161,2011-11-24,15,Active
18184,2011-11-24,15,Active
18188,2011-11-24,15,Active
12438,2011-11-25,14,Active
12531,2011-11-25,14,Active
12620,2011-11-25,14,Active
12681,2011-11-25,14,Active
13048,2011-11-25,14,Active
13050,2011-11-25,14,Active
13149,2011-11-25,14,Active
13184,2011-11-25,14,Active
13256,2011-11-25,14,Active
13332,2011-11-25,14,Active
13437,2011-11-25,14,Active
13525,2011-11-25,14,Active
13579,2011-11-25,14,Active
13589,2011-11-25,14,Active
13978,2011-11-25,14,Active
14111,2011-11-25,14,Active
14703,2011-11-25,14,Active
14710,2011-11-25,14,Active
14946,2011-11-25,14,Active
14966,2011-11-25,14,Active
15117,2011-11-25,14,Active
15134,2011-11-25,14,Active
15186,2011-11-25,14,Active
15382,2011-11-25,14,Active
15473,2011-11-25,14,Active
15737,2011-11-25,14,Active
15793,2011-11-25,14,Active
15872,2011-11-25,14,Active
16327,2011-11-25,14,Active
16719,2011-11-25,14,Active
16814,2011-11-25,14,Active
16856,2011-11-25,14,Active
17302,2011-11-25,14,Active
17329,2011-11-25,14,Active
17348,2011-11-25,14,Active
17385,2011-11-25,14,Active
17557,2011-11-25,14,Active
17562,2011-11-25,14,Active
17624,2011-11-25,14,Active
17813,2011-11-25,14,Active
18172,2011-11-25,14,Active
13064,2011-11-27,12,Active
13232,2011-11-27,12,Active
13546,2011-11-27,12,Active
13571,2011-11-27,12,Active
13610,2011-11-27,12,Active
13782,2011-11-27,12,Active
13991,2011-11-27,12,Active
14093,2011-11-27,12,Active
14577,2011-11-27,12,Active
14859,2011-11-27,12,Active
14878,2011-11-27,12,Active
14954,2011-11-27,12,Active
15009,2011-11-27,12,Active
15054,2011-11-27,12,Active
15351,2011-11-27,12,Active
15436,2011-11-27,12,Active
15514,2011-11-27,12,Active
15555,2011-11-27,12,Active
15747,2011-11-27,12,Active
15861,2011-11-27,12,Active
15987,2011-11-27,12,Active
16005,2011-11-27,12,Active
16024,2011-11-27,12,Active
16407,2011-11-27,12,Active
16877,2011-11-27,12,Active
16923,2011-11-27,12,Active
16942,2011-11-27,12,Active
16983,2011-11-27,12,Active
17068,2011-11-27,12,Active
17231,2011-11-27,12,Active
17236,2011-11-27,12,Active
17365,2011-11-27,12,Active
17411,2011-11-27,12,Active
17595,2011-11-27,12,Active
17769,2011-11-27,12,Active
17812,2011-11-27,12,Active
17864,2011-11-27,12,Active
17885,2011-11-27,12,Active
18001,2011-11-27,12,Active
18112,2011-11-27,12,Active
18145,2011-11-27,12,Active
18156,2011-11-27,12,Active
12479,2011-11-28,11,Active
12657,2011-11-28,11,Active
12660,2011-11-28,11,Active
12668,2011-11-28,11,Active
12906,2011-11-28,11,Active
13004,2011-11-28,11,Active
13030,2011-11-28,11,Active
13081,2011-11-28,11,Active
13115,2011-11-28,11,Active
13188,2011-11-28,11,Active
13196,2011-11-28,11,Active
13258,2011-11-28,11,Active
13266,2011-11-28,11,Active
13389,2011-11-28,11,Active
13418,2011-11-28,11,Active
13590,2011-11-28,11,Active
13758,2011-11-28,11,Active
13844,2011-11-28,11,Active
13914,2011-11-28,11,Active
13950,2011-11-28,11,Active
14215,2011-11-28,11,Active
14290,2011-11-28,11,Active
14470,2011-11-28,11,Active
14480,2011-11-28,11,Active
14511,2011-11-28,11,Active
14597,2011-11-28,11,Active
14704,2011-11-28,11,Active
14741,2011-11-28,11,Active
14901,2011-11-28,11,Active
15022,2011-11-28,11,Active
15511,2011-11-28,11,Active
15540,2011-11-28,11,Active
15561,2011-11-28,11,Active
15571,2011-11-28,11,Active
15601,2011-11-28,11,Active
15714,2011-11-28,11,Active
15721,2011-11-28,11,Active
15838,2011-11-28,11,Active
16094,2011-11-28,11,Active
16347,2011-11-28,11,Active
16364,2011-11-28,11,Active
16744,2011-11-28,11,Active
16800,2011-11-28,11,Active
17019,2011-11-28,11,Active
17031,2011-11-28,11,Active
17188,2011-11-28,11,Active
17237,2011-11-28,11,Active
17299,2011-11-28,11,Active
17359,2011-11-28,11,Active
17379,2011-11-28,11,Active
17419,2011-11-28,11,Active
17523,2011-11-28,11,Active
17651,2011-11-28,11,Active
17739,2011-11-28,11,Active
17806,2011-11-28,11,Active
17852,2011-11-28,11,Active
17924,2011-11-28,11,Active
17929,2011-11-28,11,Active
17988,2011-11-28,11,Active
18041,2011-11-28,11,Active
18096,2011-11-28,11,Active
18101,2011-11-28,11,Active
18229,2011-11-28,11,Active
12375,2011-11-29,10,Active
12451,2011-11-29,10,Active
12464,2011-11-29,10,Active
12627,2011-11-29,10,Active
12654,2011-11-29,10,Active
12670,2011-11-29,10,Active
12727,2011-11-29,10,Active
12798,2011-11-29,10,Active
13014,2011-11-29,10,Active
13068,2011-11-29,10,Active
13137,2011-11-29,10,Active
13147,2011-11-29,10,Active
13198,2011-11-29,10,Active
13211,2011-11-29,10,Active
13349,2011-11-29,10,Active
13428,2011-11-29,10,Active
13429,2011-11-29,10,Active
13467,2011-11-29,10,Active
13496,2011-11-29,10,Active
13576,2011-11-29,10,Active
13657,2011-11-29,10,Active
13883,2011-11-29,10,Active
13928,2011-11-29,10,Active
13999,2011-11-29,10,Active
14088,2011-11-29,10,Active
14125,2011-11-29,10,Active
14173,2011-11-29,10,Active
14180,2011-11-29,10,Active
14209,2011-11-29,10,Active
14321,2011-11-29,10,Active
14349,2011-11-29,10,Active
14388,2011-11-29,10,Active
14390,2011-11-29,10,Active
14408,2011-11-29,10,Active
14419,2011-11-29,10,Active
14452,2011-11-29,10,Active
14550,2011-11-29,10,Active
14554,2011-11-29,10,Active
14601,2011-11-29,10,Active
14667,2011-11-29,10,Active
14701,2011-11-29,10,Active
14711,2011-11-29,10,Active
14723,2011-11-29,10,Active
14785,2011-11-29,10,Active
14824,2011-11-29,10,Active
14836,2011-11-29,10,Active
14866,2011-11-29,10,Active
14961,2011-11-29,10,Active
15089,2011-11-29,10,Active
15148,2011-11-29,10,Active
15197,2011-11-29,10,Active
15206,2011-11-29,10,Active
15218,2011-11-29,10,Active
15239,2011-11-29,10,Active
15297,2011-11-29,10,Active
15615,2011-11-29,10,Active
15619,2011-11-29,10,Active
15755,2011-11-29,10,Active
15783,2011-11-29,10,Active
15790,2011-11-29,10,Active
16168,2011-11-29,10,Active
16479,2011-11-29,10,Active
16549,2011-11-29,10,Active
16775,2011-11-29,10,Active
16782,2011-11-29,10,Active
16818,2011-11-29,10,Active
16852,2011-11-29,10,Active
16992,2011-11-29,10,Active
17101,2011-11-29,10,Active
17306,2011-11-29,10,Active
17466,2011-11-29,10,Active
17468,2011-11-29,10,Active
17655,2011-11-29,10,Active
17682,2011-11-29,10,Active
17711,2011-11-29,10,Active
17772,2011-11-29,10,Active
18118,2011-11-29,10,Active
12429,2011-11-30,9,Active
12488,2011-11-30,9,Active
12524,2011-11-30,9,Active
12528,2011-11-30,9,Active
12598,2011-11-30,9,Active
12630,2011-11-30,9,Active
12714,2011-11-30,9,Active
12784,2011-11-30,9,Active
12787,2011-11-30,9,Active
12882,2011-11-30,9,Active
12921,2011-11-30,9,Active
12953,2011-11-30,9,Active
12957,2011-11-30,9,Active
12966,2011-11-30,9,Active
13012,2011-11-30,9,Active
13203,2011-11-30,9,Active
13255,2011-11-30,9,Active
13362,2011-11-30,9,Active
13647,2011-11-30,9,Active
13658,2011-11-30,9,Active
13784,2011-11-30,9,Active
14005,2011-11-30,9,Active
14062,2011-11-30,9,Active
14156,2011-11-30,9,Active
14258,2011-11-30,9,Active
14385,2011-11-30,9,Active
14432,2011-11-30,9,Active
14448,2011-11-30,9,Active
14540,2011-11-30,9,Active
14618,2011-11-30,9,Active
14713,2011-11-30,9,Active
14755,2011-11-30,9,Active
14893,2011-11-30,9,Active
14963,2011-11-30,9,Active
15024,2011-11-30,9,Active
15039,2011-11-30,9,Active
15046,2011-11-30,9,Active
15073,2011-11-30,9,Active
15113,2011-11-30,9,Active
15152,2011-11-30,9,Active
15251,2011-11-30,9,Active
15394,2011-11-30,9,Active
15414,2011-11-30,9,Active
15444,2011-11-30,9,Active
15467,2011-11-30,9,Active
15544,2011-11-30,9,Active
15611,2011-11-30,9,Active
15654,2011-11-30,9,Active
15680,2011-11-30,9,Active
15712,2011-11-30,9,Active
15782,2011-11-30,9,Active
15903,2011-11-30,9,Active
16062,2011-11-30,9,Active
16115,2011-11-30,9,Active
16241,2011-11-30,9,Active
16265,2011-11-30,9,Active
16295,2011-11-30,9,Active
16361,2011-11-30,9,Active
16657,2011-11-30,9,Active
16712,2011-11-30,9,Active
16915,2011-11-30,9,Active
17288,2011-11-30,9,Active
17502,2011-11-30,9,Active
17736,2011-11-30,9,Active
17737,2011-11-30,9,Active
17911,2011-11-30,9,Active
18058,2011-11-30,9,Active
18158,2011-11-30,9,Active
18179,2011-11-30,9,Active
18230,2011-11-30,9,Active
18241,2011-11-30,9,Active
12553,2011-12-01,8,Active
12562,2011-12-01,8,Active
12572,2011-12-01,8,Active
12664,2011-12-01,8,Active
12901,2011-12-01,8,Active
12919,2011-12-01,8,Active
12951,2011-12-01,8,Active
12963,2011-12-01,8,Active
13040,2011-12-01,8,Active
13090,2011-12-01,8,Active
13159,2011-12-01,8,Active
13509,2011-12-01,8,Active
13854,2011-12-01,8,Active
14047,2011-12-01,8,Active
14146,2011-12-01,8,Active
14178,2011-12-01,8,Active
14243,2011-12-01,8,Active
14262,2011-12-01,8,Active
14287,2011-12-01,8,Active
14289,2011-12-01,8,Active
14298,2011-12-01,8,Active
14299,2011-12-01,8,Active
14309,2011-12-01,8,Active
14367,2011-12-01,8,Active
14440,2011-12-01,8,Active
14655,2011-12-01,8,Active
14659,2011-12-01,8,Active
14732,2011-12-01,8,Active
14766,2011-12-01,8,Active
14804,2011-12-01,8,Active
14869,2011-12-01,8,Active
14960,2011-12-01,8,Active
15021,2011-12-01,8,Active
15028,2011-12-01,8,Active
15060,2011-12-01,8,Active
15101,2011-12-01,8,Active
15144,2011-12-01,8,Active
15172,2011-12-01,8,Active
15373,2011-12-01,8,Active
15380,2011-12-01,8,Active
15434,2011-12-01,8,Active
15500,2011-12-01,8,Active
15531,2011-12-01,8,Active
15602,2011-12-01,8,Active
15687,2011-12-01,8,Active
15862,2011-12-01,8,Active
15904,2011-12-01,8,Active
15948,2011-12-01,8,Active
15951,2011-12-01,8,Active
15993,2011-12-01,8,Active
16011,2011-12-01,8,Active
16119,2011-12-01,8,Active
16145,2011-12-01,8,Active
16156,2011-12-01,8,Active
16169,2011-12-01,8,Active
16242,2011-12-01,8,Active
16376,2011-12-01,8,Active
16496,2011-12-01,8,Active
16700,2011-12-01,8,Active
16701,2011-12-01,8,Active
16789,2011-12-01,8,Active
16813,2011-12-01,8,Active
16839,2011-12-01,8,Active
16938,2011-12-01,8,Active
16966,2011-12-01,8,Active
17014,2011-12-01,8,Active
17115,2011-12-01,8,Active
17293,2011-12-01,8,Active
17321,2011-12-01,8,Active
17350,2011-12-01,8,Active
17381,2011-12-01,8,Active
17426,2011-12-01,8,Active
17450,2011-12-01,8,Active
17566,2011-12-01,8,Active
17576,2011-12-01,8,Active
17768,2011-12-01,8,Active
17937,2011-12-01,8,Active
18077,2011-12-01,8,Active
18122,2011-12-01,8,Active
12364,2011-12-02,7,Active
12558,2011-12-02,7,Active
12587,2011-12-02,7,Active
12684,2011-12-02,7,Active
12695,2011-12-02,7,Active
12700,2011-12-02,7,Active
12704,2011-12-02,7,Active
12762,2011-12-02,7,Active
12856,2011-12-02,7,Active
12962,2011-12-02,7,Active
12970,2011-12-02,7,Active
13017,2011-12-02,7,Active
13183,2011-12-02,7,Active
13297,2011-12-02,7,Active
13309,2011-12-02,7,Active
13458,2011-12-02,7,Active
13495,2011-12-02,7,Active
13560,2011-12-02,7,Active
13705,2011-12-02,7,Active
13780,2011-12-02,7,Active
13868,2011-12-02,7,Active
13884,2011-12-02,7,Active
13953,2011-12-02,7,Active
13969,2011-12-02,7,Active
14023,2011-12-02,7,Active
14031,2011-12-02,7,Active
14092,2011-12-02,7,Active
14126,2011-12-02,7,Active
14250,2011-12-02,7,Active
14292,2011-12-02,7,Active
14428,2011-12-02,7,Active
14493,2011-12-02,7,Active
14560,2011-12-02,7,Active
14594,2011-12-02,7,Active
14688,2011-12-02,7,Active
14788,2011-12-02,7,Active
14865,2011-12-02,7,Active
14895,2011-12-02,7,Active
14897,2011-12-02,7,Active
15078,2011-12-02,7,Active
15123,2011-12-02,7,Active
15271,2011-12-02,7,Active
15539,2011-12-02,7,Active
15547,2011-12-02,7,Active
15570,2011-12-02,7,Active
15769,2011-12-02,7,Active
16038,2011-12-02,7,Active
16103,2011-12-02,7,Active
16333,2011-12-02,7,Active
16359,2011-12-02,7,Active
16440,2011-12-02,7,Active
16474,2011-12-02,7,Active
16759,2011-12-02,7,Active
16899,2011-12-02,7,Active
16989,2011-12-02,7,Active
17086,2011-12-02,7,Active
17157,2011-12-02,7,Active
17183,2011-12-02,7,Active
17221,2011-12-02,7,Active
17386,2011-12-02,7,Active
17495,2011-12-02,7,Active
17567,2011-12-02,7,Active
17584,2011-12-02,7,Active
17611,2011-12-02,7,Active
17686,2011-12-02,7,Active
17942,2011-12-02,7,Active
18055,2011-12-02,7,Active
18097,2011-12-02,7,Active
18144,2011-12-02,7,Active
18174,2011-12-02,7,Active
18245,2011-12-02,7,Active
18282,2011-12-02,7,Active
12490,2011-12-04,5,Active
12560,2011-12-04,5,Active
12673,2011-12-04,5,Active
12719,2011-12-04,5,Active
12724,2011-12-04,5,Active
12827,2011-12-04,5,Active
12952,2011-12-04,5,Active
13153,2011-12-04,5,Active
13319,2011-12-04,5,Active
13435,2011-12-04,5,Active
13558,2011-12-04,5,Active
13596,2011-12-04,5,Active
13630,2011-12-04,5,Active
13704,2011-12-04,5,Active
13736,2011-12-04,5,Active
13808,2011-12-04,5,Active
13822,2011-12-04,5,Active
13838,2011-12-04,5,Active
13956,2011-12-04,5,Active
14102,2011-12-04,5,Active
14354,2011-12-04,5,Active
14456,2011-12-04,5,Active
14546,2011-12-04,5,Active
14583,2011-12-04,5,Active
14658,2011-12-04,5,Active
14720,2011-12-04,5,Active
15773,2011-12-04,5,Active
15867,2011-12-04,5,Active
16033,2011-12-04,5,Active
16283,2011-12-04,5,Active
16326,2011-12-04,5,Active
16438,2011-12-04,5,Active
16535,2011-12-04,5,Active
16561,2011-12-04,5,Active
16905,2011-12-04,5,Active
16931,2011-12-04,5,Active
16988,2011-12-04,5,Active
17114,2011-12-04,5,Active
17131,2011-12-04,5,Active
17173,2011-12-04,5,Active
17618,2011-12-04,5,Active
17629,2011-12-04,5,Active
17750,2011-12-04,5,Active
17827,2011-12-04,5,Active
17858,2011-12-04,5,Active
17936,2011-12-04,5,Active
17954,2011-12-04,5,Active
18065,2011-12-04,5,Active
12367,2011-12-05,4,Active
12381,2011-12-05,4,Active
12628,2011-12-05,4,Active
12646,2011-12-05,4,Active
12683,2011-12-05,4,Active
12782,2011-12-05,4,Active
12841,2011-12-05,4,Active
12913,2011-12-05,4,Active
12925,2011-12-05,4,Active
12994,2011-12-05,4,Active
13001,2011-12-05,4,Active
13021,2011-12-05,4,Active
13079,2011-12-05,4,Active
13083,2011-12-05,4,Active
13126,2011-12-05,4,Active
13173,2011-12-05,4,Active
13230,2011-12-05,4,Active
13305,2011-12-05,4,Active
13311,2011-12-05,4,Active
13417,2011-12-05,4,Active
13790,2011-12-05,4,Active
13985,2011-12-05,4,Active
14060,2011-12-05,4,Active
14075,2011-12-05,4,Active
14083,2011-12-05,4,Active
14096,2011-12-05,4,Active
14194,2011-12-05,4,Active
14219,2011-12-05,4,Active
14401,2011-12-05,4,Active
14608,2011-12-05,4,Active
14629,2011-12-05,4,Active
14649,2011-12-05,4,Active
14696,2011-12-05,4,Active
14739,2011-12-05,4,Active
14759,2011-12-05,4,Active
14931,2011-12-05,4,Active
15031,2011-12-05,4,Active
15033,2011-12-05,4,Active
15053,2011-12-05,4,Active
15097,2011-12-05,4,Active
15145,2011-12-05,4,Active
15274,2011-12-05,4,Active
15290,2011-12-05,4,Active
15358,2011-12-05,4,Active
15392,2011-12-05,4,Active
15550,2011-12-05,4,Active
15572,2011-12-05,4,Active
15621,2011-12-05,4,Active
15628,2011-12-05,4,Active
15640,2011-12-05,4,Active
15690,2011-12-05,4,Active
15854,2011-12-05,4,Active
15856,2011-12-05,4,Active
15932,2011-12-05,4,Active
16149,2011-12-05,4,Active
16200,2011-12-05,4,Active
16360,2011-12-05,4,Active
16379,2011-12-05,4,Active
16500,2011-12-05,4,Active
16513,2011-12-05,4,Active
16592,2011-12-05,4,Active
16597,2011-12-05,4,Active
16600,2011-12-05,4,Active
16642,2011-12-05,4,Active
16682,2011-12-05,4,Active
16684,2011-12-05,4,Active
16746,2011-12-05,4,Active
16811,2011-12-05,4,Active
16851,2011-12-05,4,Active
16873,2011-12-05,4,Active
16904,2011-12-05,4,Active
16910,2011-12-05,4,Active
16968,2011-12-05,4,Active
17006,2011-12-05,4,Active
17090,2011-12-05,4,Active
17218,2011-12-05,4,Active
17254,2011-12-05,4,Active
17383,2011-12-05,4,Active
17402,2011-12-05,4,Active
17404,2011-12-05,4,Active
17526,2011-12-05,4,Active
17579,2011-12-05,4,Active
17676,2011-12-05,4,Active
17706,2011-12-05,4,Active
17811,2011-12-05,4,Active
17817,2011-12-05,4,Active
17857,2011-12-05,4,Active
17920,2011-12-05,4,Active
18015,2011-12-05,4,Active
18030,2011-12-05,4,Active
18044,2011-12-05,4,Active
18180,2011-12-05,4,Active
18198,2011-12-05,4,Active
18223,2011-12-05,4,Active
12362,2011-12-06,3,Active
12417,2011-12-06,3,Active
12442,2011-12-06,3,Active
12478,2011-12-06,3,Active
12584,2011-12-06,3,Active
12650,2011-12-06,3,Active
12682,2011-12-06,3,Active
12716,2011-12-06,3,Active
12723,2011-12-06,3,Active
12749,2011-12-06,3,Active
12766,2011-12-06,3,Active
12820,2011-12-06,3,Active
12877,2011-12-06,3,Active
12971,2011-12-06,3,Active
12989,2011-12-06,3,Active
13078,2011-12-06,3,Active
13104,2011-12-06,3,Active
13199,2011-12-06,3,Active
13225,2011-12-06,3,Active
13323,2011-12-06,3,Active
13507,2011-12-06,3,Active
13694,2011-12-06,3,Active
13709,2011-12-06,3,Active
13755,2011-12-06,3,Active
13881,2011-12-06,3,Active
13994,2011-12-06,3,Active
14071,2011-12-06,3,Active
14110,2011-12-06,3,Active
14113,2011-12-06,3,Active
14121,2011-12-06,3,Active
14140,2011-12-06,3,Active
14216,2011-12-06,3,Active
14282,2011-12-06,3,Active
14293,2011-12-06,3,Active
14418,2011-12-06,3,Active
14503,2011-12-06,3,Active
14547,2011-12-06,3,Active
14562,2011-12-06,3,Active
14572,2011-12-06,3,Active
14578,2011-12-06,3,Active
14673,2011-12-06,3,Active
14735,2011-12-06,3,Active
14737,2011-12-06,3,Active
14825,2011-12-06,3,Active
14868,2011-12-06,3,Active
14871,2011-12-06,3,Active
14907,2011-12-06,3,Active
15023,2011-12-06,3,Active
15061,2011-12-06,3,Active
15157,2011-12-06,3,Active
15194,2011-12-06,3,Active
15318,2011-12-06,3,Active
15822,2011-12-06,3,Active
15907,2011-12-06,3,Active
15992,2011-12-06,3,Active
16013,2011-12-06,3,Active
16015,2011-12-06,3,Active
16016,2011-12-06,3,Active
16076,2011-12-06,3,Active
16133,2011-12-06,3,Active
16143,2011-12-06,3,Active
16201,2011-12-06,3,Active
16313,2011-12-06,3,Active
16353,2011-12-06,3,Active
16495,2011-12-06,3,Active
16528,2011-12-06,3,Active
16569,2011-12-06,3,Active
16620,2011-12-06,3,Active
16711,2011-12-06,3,Active
16764,2011-12-06,3,Active
16790,2011-12-06,3,Active
16929,2011-12-06,3,Active
16949,2011-12-06,3,Active
16979,2011-12-06,3,Active
16987,2011-12-06,3,Active
17119,2011-12-06,3,Active
17250,2011-12-06,3,Active
17290,2011-12-06,3,Active
17346,2011-12-06,3,Active
17481,2011-12-06,3,Active
17593,2011-12-06,3,Active
17666,2011-12-06,3,Active
17705,2011-12-06,3,Active
17728,2011-12-06,3,Active
17730,2011-12-06,3,Active
17744,2011-12-06,3,Active
17861,2011-12-06,3,Active
17883,2011-12-06,3,Active
17884,2011-12-06,3,Active
17914,2011-12-06,3,Active
18005,2011-12-06,3,Active
18154,2011-12-06,3,Active
18225,2011-12-06,3,Active
18283,2011-12-06,3,Active
12347,2011-12-07,2,Active
12471,2011-12-07,2,Active
12569,2011-12-07,2,Active
12583,2011-12-07,2,Active
12615,2011-12-07,2,Active
12720,2011-12-07,2,Active
12747,2011-12-07,2,Active
12783,2011-12-07,2,Active
12826,2011-12-07,2,Active
12828,2011-12-07,2,Active
12839,2011-12-07,2,Active
12912,2011-12-07,2,Active
12935,2011-12-07,2,Active
12950,2011-12-07,2,Active
13089,2011-12-07,2,Active
13267,2011-12-07,2,Active
13534,2011-12-07,2,Active
13668,2011-12-07,2,Active
13685,2011-12-07,2,Active
13743,2011-12-07,2,Active
13756,2011-12-07,2,Active
13767,2011-12-07,2,Active
13769,2011-12-07,2,Active
13870,2011-12-07,2,Active
13882,2011-12-07,2,Active
13949,2011-12-07,2,Active
14032,2011-12-07,2,Active
14085,2011-12-07,2,Active
14087,2011-12-07,2,Active
14132,2011-12-07,2,Active
14141,2011-12-07,2,Active
14189,2011-12-07,2,Active
14204,2011-12-07,2,Active
14395,2011-12-07,2,Active
14397,2011-12-07,2,Active
14527,2011-12-07,2,Active
14534,2011-12-07,2,Active
14708,2011-12-07,2,Active
14769,2011-12-07,2,Active
14794,2011-12-07,2,Active
14904,2011-12-07,2,Active
14910,2011-12-07,2,Active
15136,2011-12-07,2,Active
15195,2011-12-07,2,Active
15298,2011-12-07,2,Active
15471,2011-12-07,2,Active
15498,2011-12-07,2,Active
15525,2011-12-07,2,Active
15568,2011-12-07,2,Active
15701,2011-12-07,2,Active
15750,2011-12-07,2,Active
15883,2011-12-07,2,Active
15969,2011-12-07,2,Active
15984,2011-12-07,2,Active
16000,2011-12-07,2,Active
16191,2011-12-07,2,Active
16271,2011-12-07,2,Active
16368,2011-12-07,2,Active
16393,2011-12-07,2,Active
16426,2011-12-07,2,Active
16458,2011-12-07,2,Active
16525,2011-12-07,2,Active
16539,2011-12-07,2,Active
16672,2011-12-07,2,Active
16678,2011-12-07,2,Active
16779,2011-12-07,2,Active
16817,2011-12-07,2,Active
17017,2011-12-07,2,Active
17042,2011-12-07,2,Active
17049,2011-12-07,2,Active
17091,2011-12-07,2,Active
17097,2011-12-07,2,Active
17232,2011-12-07,2,Active
17238,2011-12-07,2,Active
17266,2011-12-07,2,Active
17412,2011-12-07,2,Active
17434,2011-12-07,2,Active
17449,2011-12-07,2,Active
17503,2011-12-07,2,Active
17511,2011-12-07,2,Active
17590,2011-12-07,2,Active
17602,2011-12-07,2,Active
17735,2011-12-07,2,Active
17835,2011-12-07,2,Active
17870,2011-12-07,2,Active
18092,2011-12-07,2,Active
18219,2011-12-07,2,Active
18237,2011-12-07,2,Active
18272,2011-12-07,2,Active
18273,2011-12-07,2,Active
12358,2011-12-08,1,Active
12437,2011-12-08,1,Active
12621,2011-12-08,1,Active
12955,2011-12-08,1,Active
13013,2011-12-08,1,Active
13026,2011-12-08,1,Active
13077,2011-12-08,1,Active
13098,2011-12-08,1,Active
13102,2011-12-08,1,Active
13263,2011-12-08,1,Active
13269,2011-12-08,1,Active
13298,2011-12-08,1,Active
13314,2011-12-08,1,Active
13318,2011-12-08,1,Active
13394,2011-12-08,1,Active
13404,2011-12-08,1,Active
13408,2011-12-08,1,Active
13436,2011-12-08,1,Active
13468,2011-12-08,1,Active
13471,2011-12-08,1,Active
13510,2011-12-08,1,Active
13521,2011-12-08,1,Active
13536,2011-12-08,1,Active
13599,2011-12-08,1,Active
13680,2011-12-08,1,Active
13798,2011-12-08,1,Active
13860,2011-12-08,1,Active
13890,2011-12-08,1,Active
13924,2011-12-08,1,Active
13954,2011-12-08,1,Active
14056,2011-12-08,1,Active
14129,2011-12-08,1,Active
14135,2011-12-08,1,Active
14138,2011-12-08,1,Active
14191,2011-12-08,1,Active
14217,2011-12-08,1,Active
14251,2011-12-08,1,Active
14291,2011-12-08,1,Active
14415,2011-12-08,1,Active
14520,2011-12-08,1,Active
14569,2011-12-08,1,Active
14606,2011-12-08,1,Active
14621,2011-12-08,1,Active
14646,2011-12-08,1,Active
14653,2011-12-08,1,Active
14698,2011-12-08,1,Active
14702,2011-12-08,1,Active
14719,2011-12-08,1,Active
14730,2011-12-08,1,Active
14796,2011-12-08,1,Active
14911,2011-12-08,1,Active
15156,2011-12-08,1,Active
15159,2011-12-08,1,Active
15187,2011-12-08,1,Active
15189,2011-12-08,1,Active
15208,2011-12-08,1,Active
15214,2011-12-08,1,Active
15237,2011-12-08,1,Active
15399,2011-12-08,1,Active
15443,2011-12-08,1,Active
15453,2011-12-08,1,Active
15484,2011-12-08,1,Active
15520,2011-12-08,1,Active
15796,2011-12-08,1,Active
15877,2011-12-08,1,Active
15898,2011-12-08,1,Active
16161,2011-12-08,1,Active
16210,2011-12-08,1,Active
16322,2011-12-08,1,Active
16358,2011-12-08,1,Active
16401,2011-12-08,1,Active
16442,2011-12-08,1,Active
16523,2011-12-08,1,Active
16688,2011-12-08,1,Active
16794,2011-12-08,1,Active
16833,2011-12-08,1,Active
16891,2011-12-08,1,Active
16892,2011-12-08,1,Active
16933,2011-12-08,1,Active
17144,2011-12-08,1,Active
17243,2011-12-08,1,Active
17315,2011-12-08,1,Active
17405,2011-12-08,1,Active
17436,2011-12-08,1,Active
17451,2011-12-08,1,Active
17491,2011-12-08,1,Active
17522,2011-12-08,1,Active
17528,2011-12-08,1,Active
17530,2011-12-08,1,Active
17554,2011-12-08,1,Active
17631,2011-12-08,1,Active
17644,2011-12-08,1,Active
17668,2011-12-08,1,Active
17673,2011-12-08,1,Active
17675,2011-12-08,1,Active
17677,2011-12-08,1,Active
17757,2011-12-08,1,Active
17830,2011-12-08,1,Active
17841,2011-12-08,1,Active
17856,2011-12-08,1,Active
17949,2011-12-08,1,Active
18109,2011-12-08,1,Active
18210,2011-12-08,1,Active
12423,2011-12-09,0,Active
12433,2011-12-09,0,Active
12518,2011-12-09,0,Active
12526,2011-12-09,0,Active
12662,2011-12-09,0,Active
12680,2011-12-09,0,Active
12713,2011-12-09,0,Active
12748,2011-12-09,0,Active
12985,2011-12-09,0,Active
13069,2011-12-09,0,Active
13113,2011-12-09,0,Active
13426,2011-12-09,0,Active
13777,2011-12-09,0,Active
14051,2011-12-09,0,Active
14422,2011-12-09,0,Active
14441,2011-12-09,0,Active
14446,2011-12-09,0,Active
15311,2011-12-09,0,Active
15344,2011-12-09,0,Active
15694,2011-12-09,0,Active
15804,2011-12-09,0,Active
15910,2011-12-09,0,Active
16446,2011-12-09,0,Active
16558,2011-12-09,0,Active
16626,2011-12-09,0,Active
16705,2011-12-09,0,Active
16954,2011-12-09,0,Active
17001,2011-12-09,0,Active
17364,2011-12-09,0,Active
17389,2011-12-09,0,Active
17428,2011-12-09,0,Active
17490,2011-12-09,0,Active
17581,2011-12-09,0,Active
17754,2011-12-09,0,Active
18102,2011-12-09,0,Active
